mc	mn	quarterbeats	quarterbeats_all_endings	duration_qb	mc_onset	mn_onset	event	timesig	staff	voice	duration	nominal_duration	scalar	chord_id	lyrics_1	lyrics_2	dynamics	articulation	staff_text	system_text	tempo	qpm	metronome_base	metronome_number	tempo_visible	slur	crescendo_line	crescendo_hairpin	diminuendo_line	decrescendo_hairpin
1	1	0	0	0.0	0	0	SystemText	4/4	1	1	0									Schwer, dumpf										
1	1	0	0	0.0	0	0	Tempo	4/4	1	1	0										ùÖü=52	52.0	ùÖü	52.0	0.0					
1	1	0	0	0.0	0	0	StaffText	4/4	1	1	0								Grave, malincolico											
1	1	0	0	0.0	0	0	StaffText	4/4	2	1	0								ausdrucksvoll											
1	1	0	0	0.0	0	0	StaffText	4/4	2	1	0								espressivo											
1	1	0	0	0.5	0	0	Chord	4/4	2	1	1/8	1/8	1	0												0				
1	1	1/2	1/2	0.5	1/8	1/8	Chord	4/4	2	1	1/8	1/8	1	1																
1	1	1	1	0.5	1/4	1/4	Chord	4/4	2	1	1/8	1/8	1	2												1				
1	1	3/2	3/2	0.5	3/8	3/8	Chord	4/4	2	1	1/8	1/8	1	3																
1	1	2	2	2.0	1/2	1/2	Chord	4/4	2	1	1/2	1/2	1	4																
1	1	0	0	0.0	0	0	Dynamic	4/4	3	1	0						pp													
1	1	0	0	2.0	0	0	Chord	4/4	3	1	1/2	1/2	1	5																
1	1	5/2	5/2	0.5	5/8	5/8	Chord	4/4	3	1	1/8	1/8	1	6												2				
1	1	3	3	0.5	3/4	3/4	Chord	4/4	3	1	1/8	1/8	1	7												2				
1	1	7/2	7/2	0.5	7/8	7/8	Chord	4/4	3	1	1/8	1/8	1	8												2				
1	1	0	0	0.0	0	0	StaffText	4/4	3	2	0								quasi pizz.											
1	1	0	0	1.0	0	0	Chord	4/4	3	2	1/4	1/4	1	9				articStaccatoBelow												
1	1	1	1	1.0	1/4	1/4	Chord	4/4	3	2	1/4	1/4	1	10				articStaccatoBelow												
1	1	3	3	1.0	3/4	3/4	Chord	4/4	3	2	1/4	1/4	1	11				articStaccatoBelow												
2	2	4	4	0.5	0	0	Chord	4/4	2	1	1/8	1/8	1	12												3				
2	2	9/2	9/2	0.5	1/8	1/8	Chord	4/4	2	1	1/8	1/8	1	13																
2	2	5	5	0.5	1/4	1/4	Chord	4/4	2	1	1/8	1/8	1	14												4				
2	2	11/2	11/2	0.5	3/8	3/8	Chord	4/4	2	1	1/8	1/8	1	15																
2	2	6	6	2.0	1/2	1/2	Chord	4/4	2	1	1/2	1/2	1	16																
2	2	4	4	2.0	0	0	Chord	4/4	3	1	1/2	1/2	1	17																
2	2	6	6	0.5	1/2	1/2	Chord	4/4	3	1	1/8	1/8	1	18																
2	2	13/2	13/2	0.5	5/8	5/8	Chord	4/4	3	1	1/8	1/8	1	19												5				
2	2	7	7	0.5	3/4	3/4	Chord	4/4	3	1	1/8	1/8	1	20												5				
2	2	15/2	15/2	0.5	7/8	7/8	Chord	4/4	3	1	1/8	1/8	1	21												5				
2	2	4	4	1.0	0	0	Chord	4/4	3	2	1/4	1/4	1	22				articStaccatoBelow												
2	2	5	5	1.0	1/4	1/4	Chord	4/4	3	2	1/4	1/4	1	23				articStaccatoBelow												
2	2	7	7	1.0	3/4	3/4	Chord	4/4	3	2	1/4	1/4	1	24				articStaccatoBelow												
3	3	8	8	0.5	0	0	Chord	4/4	2	1	1/8	1/8	1	25												6				
3	3	17/2	17/2	0.5	1/8	1/8	Chord	4/4	2	1	1/8	1/8	1	26												6				
3	3	9	9	0.5	1/4	1/4	Chord	4/4	2	1	1/8	1/8	1	27												6				
3	3	19/2	19/2	0.5	3/8	3/8	Chord	4/4	2	1	1/8	1/8	1	28												6				
3	3	10	10	0.5	1/2	1/2	Chord	4/4	2	1	1/8	1/8	1	29												6				
3	3	21/2	21/2	0.5	5/8	5/8	Chord	4/4	2	1	1/8	1/8	1	30												6				
3	3	11	11	0.5	3/4	3/4	Chord	4/4	2	1	1/8	1/8	1	31												6				
3	3	23/2	23/2	0.5	7/8	7/8	Chord	4/4	2	1	1/8	1/8	1	32																
3	3	8	8	4.0	0	0	Chord	4/4	3	1	1	1	1	33																
3	3	8	8	1.0	0	0	Chord	4/4	3	2	1/4	1/4	1	34																
3	3	9	9	1.0	1/4	1/4	Chord	4/4	3	2	1/4	1/4	1	35																
3	3	10	10	1.0	1/2	1/2	Chord	4/4	3	2	1/4	1/4	1	36																
3	3	11	11	1.0	3/4	3/4	Chord	4/4	3	2	1/4	1/4	1	37																
4	4	12	12	2.0	0	0	Chord	4/4	2	1	1/2	1/2	1	38												7				
4	4	14	14	0.5	1/2	1/2	Chord	4/4	2	1	1/8	1/8	1	39												7				
4	4	29/2	29/2	0.5	5/8	5/8	Chord	4/4	2	1	1/8	1/8	1	40												7				
4	4	15	15	0.5	3/4	3/4	Chord	4/4	2	1	1/8	1/8	1	41												7				
4	4	31/2	31/2	0.5	7/8	7/8	Chord	4/4	2	1	1/8	1/8	1	42																
4	4	12	12	2.0	0	0	Chord	4/4	3	1	1/2	1/2	1	43												8				
4	4	14	14	2.0	1/2	1/2	Chord	4/4	3	1	1/2	1/2	1	44												8				
4	4	12	12	1.0	0	0	Chord	4/4	3	2	1/4	1/4	1	45																
4	4	13	13	1.0	1/4	1/4	Chord	4/4	3	2	1/4	1/4	1	46																
4	4	14	14	1.0	1/2	1/2	Chord	4/4	3	2	1/4	1/4	1	47																
4	4	15	15	1.0	3/4	3/4	Chord	4/4	3	2	1/4	1/4	1	48																
5	5	16	16	0.5	0	0	Chord	4/4	2	1	1/8	1/8	1	49												9				
5	5	33/2	33/2	0.5	1/8	1/8	Chord	4/4	2	1	1/8	1/8	1	50												9				
5	5	17	17	0.5	1/4	1/4	Chord	4/4	2	1	1/8	1/8	1	51												9				
5	5	35/2	35/2	0.5	3/8	3/8	Chord	4/4	2	1	1/8	1/8	1	52																
5	5	18	18	0.5	1/2	1/2	Chord	4/4	2	1	1/8	1/8	1	53												10				
5	5	37/2	37/2	0.5	5/8	5/8	Chord	4/4	2	1	1/8	1/8	1	54												10				
5	5	19	19	0.5	3/4	3/4	Chord	4/4	2	1	1/8	1/8	1	55												10				
5	5	39/2	39/2	0.5	7/8	7/8	Chord	4/4	2	1	1/8	1/8	1	56																
5	5	16	16	2.0	0	0	Chord	4/4	3	1	1/2	1/2	1	57												8				
5	5	18	18	2.0	1/2	1/2	Chord	4/4	3	1	1/2	1/2	1	58																
5	5	16	16	1.0	0	0	Chord	4/4	3	2	1/4	1/4	1	59																
5	5	17	17	1.0	1/4	1/4	Chord	4/4	3	2	1/4	1/4	1	60																
5	5	18	18	1.0	1/2	1/2	Chord	4/4	3	2	1/4	1/4	1	61																
5	5	19	19	1.0	3/4	3/4	Chord	4/4	3	2	1/4	1/4	1	62																
6	6	20	20	2.0	0	0	Chord	4/4	2	1	1/2	1/2	1	63												11				
6	6	22	22	0.0	1/2	1/2	Dynamic	4/4	2	1	0						pp									11				
6	6	22	22	0.5	1/2	1/2	Chord	4/4	2	1	1/8	1/8	1	64												11				
6	6	45/2	45/2	0.0	5/8	5/8	Spanner	4/4	2	1	0															11		0		
6	6	45/2	45/2	0.5	5/8	5/8	Chord	4/4	2	1	1/8	1/8	1	65												11		0		
6	6	23	23	0.5	3/4	3/4	Chord	4/4	2	1	1/8	1/8	1	66												11		0		
6	6	47/2	47/2	0.5	7/8	7/8	Chord	4/4	2	1	1/8	1/8	1	67														0		
6	6	20	20	0.5	0	0	Chord	4/4	2	2	1/8	1/8	1	68												12		0		
6	6	41/2	41/2	0.5	1/8	1/8	Chord	4/4	2	2	1/8	1/8	1	69												12		0		
6	6	21	21	0.5	1/4	1/4	Chord	4/4	2	2	1/8	1/8	1	70												12		0		
6	6	43/2	43/2	0.5	3/8	3/8	Chord	4/4	2	2	1/8	1/8	1	71														0		
6	6	22	22	0.5	1/2	1/2	Chord	4/4	2	2	1/8	1/8	1	72												13		0		
6	6	45/2	45/2	0.5	5/8	5/8	Chord	4/4	2	2	1/8	1/8	1	73												13		0		
6	6	23	23	0.5	3/4	3/4	Chord	4/4	2	2	1/8	1/8	1	74												13		0		
6	6	47/2	47/2	0.5	7/8	7/8	Chord	4/4	2	2	1/8	1/8	1	75														0		
6	6	20	20	2.0	0	0	Chord	4/4	3	1	1/2	1/2	1	76												14				
6	6	22	22	2.0	1/2	1/2	Chord	4/4	3	1	1/2	1/2	1	77																
7	7	24	24	0.0	0	0	Dynamic	4/4	2	1	0						p													
7	7	24	24	0.0	0	0	Spanner	4/4	2	1	0																			
7	7	24	24	0.0	0	0	Spanner	4/4	2	1	0																			0
7	7	24	24	2.0	0	0	Chord	4/4	2	1	1/2	1/2	1	78												15				0
7	7	26	26	0.0	1/2	1/2	Spanner	4/4	2	1	0															15				
7	7	26	26	0.5	1/2	1/2	Chord	4/4	2	1	1/8	1/8	1	79												15				
7	7	53/2	53/2	0.0	5/8	5/8	Dynamic	4/4	2	1	0						pp									15				
7	7	53/2	53/2	0.5	5/8	5/8	Chord	4/4	2	1	1/8	1/8	1	80												15				
7	7	27	27	0.5	3/4	3/4	Chord	4/4	2	1	1/8	1/8	1	81												15				
7	7	55/2	55/2	0.5	7/8	7/8	Chord	4/4	2	1	1/8	1/8	1	82																
7	7	24	24	2.0	0	0	Chord	4/4	2	2	1/2	1/2	1	83																
7	7	26	26	0.5	1/2	1/2	Chord	4/4	2	2	1/8	1/8	1	84												16				
7	7	53/2	53/2	0.5	5/8	5/8	Chord	4/4	2	2	1/8	1/8	1	85												16				
7	7	27	27	0.5	3/4	3/4	Chord	4/4	2	2	1/8	1/8	1	86												16				
7	7	55/2	55/2	0.5	7/8	7/8	Chord	4/4	2	2	1/8	1/8	1	87																
7	7	24	24	0.5	0	0	Chord	4/4	3	1	1/8	1/8	1	88												17				
7	7	49/2	49/2	0.5	1/8	1/8	Chord	4/4	3	1	1/8	1/8	1	89												17				
7	7	25	25	0.5	1/4	1/4	Chord	4/4	3	1	1/8	1/8	1	90												17				
7	7	51/2	51/2	0.5	3/8	3/8	Chord	4/4	3	1	1/8	1/8	1	91																
7	7	26	26	2.0	1/2	1/2	Chord	4/4	3	1	1/2	1/2	1	92																
7	7	24	24	2.0	0	0	Chord	4/4	3	2	1/2	1/2	1	93																
7	7	26	26	2.0	1/2	1/2	Chord	4/4	3	2	1/2	1/2	1	94																
8	8	28	28	0.0	0	0	Dynamic	3/2	1	1	0						pp													
8	8	28	28	1.0	0	0	Chord	3/2	1	1	1/4	1/4	1	95	Wenn	When														
8	8	29	29	1.0	1/4	1/4	Chord	3/2	1	1	1/4	1/4	1	96	dein	thy														
8	8	30	30	1.0	1/2	1/2	Chord	3/2	1	1	1/4	1/4	1	97	M√ºt-	mo-														
8	8	31	31	1.0	3/4	3/4	Chord	3/2	1	1	1/4	1/4	1	98	-ter-	-ther														
8	8	32	32	2.0	1	1	Chord	3/2	1	1	1/2	1/2	1	99	-lein	dear														
8	8	28	28	0.5	0	0	Chord	3/2	2	1	1/8	1/8	1	100												18				
8	8	57/2	57/2	0.5	1/8	1/8	Chord	3/2	2	1	1/8	1/8	1	101																
8	8	29	29	0.5	1/4	1/4	Chord	3/2	2	1	1/8	1/8	1	102												19				
8	8	59/2	59/2	0.5	3/8	3/8	Chord	3/2	2	1	1/8	1/8	1	103																
8	8	30	30	2.0	1/2	1/2	Chord	3/2	2	1	1/2	1/2	1	104												20				
8	8	32	32	0.5	1	1	Chord	3/2	2	1	1/8	1/8	1	105												20				
8	8	65/2	65/2	0.5	9/8	9/8	Chord	3/2	2	1	1/8	1/8	1	106												20				
8	8	33	33	0.5	5/4	5/4	Chord	3/2	2	1	1/8	1/8	1	107												20				
8	8	67/2	67/2	0.5	11/8	11/8	Chord	3/2	2	1	1/8	1/8	1	108																
8	8	28	28	0.0	0	0	StaffText	3/2	2	2	0								fliessender											
8	8	28	28	6.0	0	0	Chord	3/2	2	2	3/2	1	3/2	109																
8	8	28	28	0.0	0	0	StaffText	3/2	3	1	0								pi√π scorrevole											
8	8	28	28	2.0	0	0	Chord	3/2	3	1	1/2	1/2	1	110																
8	8	30	30	0.5	1/2	1/2	Chord	3/2	3	1	1/8	1/8	1	111																
8	8	61/2	61/2	0.5	5/8	5/8	Chord	3/2	3	1	1/8	1/8	1	112												21				
8	8	31	31	0.5	3/4	3/4	Chord	3/2	3	1	1/8	1/8	1	113												21				
8	8	63/2	63/2	0.5	7/8	7/8	Chord	3/2	3	1	1/8	1/8	1	114												21				
8	8	32	32	2.0	1	1	Chord	3/2	3	1	1/2	1/2	1	115																
8	8	28	28	1.0	0	0	Chord	3/2	3	2	1/4	1/4	1	116																
8	8	29	29	1.0	1/4	1/4	Chord	3/2	3	2	1/4	1/4	1	117																
8	8	33	33	1.0	5/4	5/4	Chord	3/2	3	2	1/4	1/4	1	118																
9	9	34	34	1.0	0	0	Chord	3/2	1	1	1/4	1/4	1	119	tritt	oft-														
9	9	35	35	1.0	1/4	1/4	Chord	3/2	1	1	1/4	1/4	1	120	zur	-times														
9	9	36	36	1.0	1/2	1/2	Chord	3/2	1	1	1/4	1/4	1	121	T√ºr	en-														
9	9	37	37	1.0	3/4	3/4	Chord	3/2	1	1	1/4	1/4	1	122	her-	-ters														
9	9	38	38	2.0	1	1	Chord	3/2	1	1	1/2	1/2	1	123	-ein,	here,														
9	9	34	34	0.5	0	0	Chord	3/2	2	1	1/8	1/8	1	124												22				
9	9	69/2	69/2	0.5	1/8	1/8	Chord	3/2	2	1	1/8	1/8	1	125																
9	9	35	35	0.5	1/4	1/4	Chord	3/2	2	1	1/8	1/8	1	126												23				
9	9	71/2	71/2	0.5	3/8	3/8	Chord	3/2	2	1	1/8	1/8	1	127																
9	9	36	36	2.0	1/2	1/2	Chord	3/2	2	1	1/2	1/2	1	128												24				
9	9	38	38	0.5	1	1	Chord	3/2	2	1	1/8	1/8	1	129												24				
9	9	77/2	77/2	0.5	9/8	9/8	Chord	3/2	2	1	1/8	1/8	1	130												24				
9	9	39	39	0.5	5/4	5/4	Chord	3/2	2	1	1/8	1/8	1	131												24				
9	9	79/2	79/2	0.5	11/8	11/8	Chord	3/2	2	1	1/8	1/8	1	132																
9	9	34	34	6.0	0	0	Chord	3/2	2	2	3/2	1	3/2	133																
9	9	34	34	2.0	0	0	Chord	3/2	3	1	1/2	1/2	1	134																
9	9	36	36	0.5	1/2	1/2	Chord	3/2	3	1	1/8	1/8	1	135																
9	9	73/2	73/2	0.5	5/8	5/8	Chord	3/2	3	1	1/8	1/8	1	136												25				
9	9	37	37	0.5	3/4	3/4	Chord	3/2	3	1	1/8	1/8	1	137												25				
9	9	75/2	75/2	0.5	7/8	7/8	Chord	3/2	3	1	1/8	1/8	1	138												25				
9	9	38	38	2.0	1	1	Chord	3/2	3	1	1/2	1/2	1	139																
9	9	34	34	1.0	0	0	Chord	3/2	3	2	1/4	1/4	1	140																
9	9	35	35	1.0	1/4	1/4	Chord	3/2	3	2	1/4	1/4	1	141																
9	9	39	39	1.0	5/4	5/4	Chord	3/2	3	2	1/4	1/4	1	142																
10	10	40	40	0.5	0	0	Chord	4/4	2	1	1/8	1/8	1	143												26				
10	10	81/2	81/2	0.5	1/8	1/8	Chord	4/4	2	1	1/8	1/8	1	144												26				
10	10	41	41	0.5	1/4	1/4	Chord	4/4	2	1	1/8	1/8	1	145												26				
10	10	83/2	83/2	0.5	3/8	3/8	Chord	4/4	2	1	1/8	1/8	1	146												26				
10	10	42	42	0.5	1/2	1/2	Chord	4/4	2	1	1/8	1/8	1	147												26				
10	10	85/2	85/2	0.5	5/8	5/8	Chord	4/4	2	1	1/8	1/8	1	148												26				
10	10	43	43	0.5	3/4	3/4	Chord	4/4	2	1	1/8	1/8	1	149												26				
10	10	87/2	87/2	0.5	7/8	7/8	Chord	4/4	2	1	1/8	1/8	1	150																
10	10	42	42	2.0	1/2	1/2	Chord	4/4	2	2	1/2	1/2	1	151																
10	10	40	40	1.0	0	0	Chord	4/4	3	1	1/4	1/4	1	152																
10	10	41	41	1.0	1/4	1/4	Chord	4/4	3	1	1/4	1/4	1	153																
10	10	42	42	1.0	1/2	1/2	Chord	4/4	3	1	1/4	1/4	1	154																
10	10	43	43	1.0	3/4	3/4	Chord	4/4	3	1	1/4	1/4	1	155																
11	11	44	44	2.0	0	0	Chord	4/4	2	1	1/2	1/2	1	156												27				
11	11	46	46	0.5	1/2	1/2	Chord	4/4	2	1	1/8	1/8	1	157												27				
11	11	93/2	93/2	0.5	5/8	5/8	Chord	4/4	2	1	1/8	1/8	1	158												27				
11	11	47	47	0.5	3/4	3/4	Chord	4/4	2	1	1/8	1/8	1	159												27				
11	11	95/2	95/2	0.5	7/8	7/8	Chord	4/4	2	1	1/8	1/8	1	160																
11	11	44	44	2.0	0	0	Chord	4/4	2	2	1/2	1/2	1	161												28				
11	11	46	46	2.0	1/2	1/2	Chord	4/4	2	2	1/2	1/2	1	162																
11	11	44	44	1.0	0	0	Chord	4/4	3	1	1/4	1/4	1	163																
11	11	45	45	1.0	1/4	1/4	Chord	4/4	3	1	1/4	1/4	1	164																
11	11	46	46	1.0	1/2	1/2	Chord	4/4	3	1	1/4	1/4	1	165																
11	11	47	47	1.0	3/4	3/4	Chord	4/4	3	1	1/4	1/4	1	166																
12	12	48	48	0.0	0	0	Dynamic	4/4	1	1	0						mp													
12	12	48	48	1.0	0	0	Chord	4/4	1	1	1/4	1/4	1	167	und	and														
12	12	49	49	1.0	1/4	1/4	Chord	4/4	1	1	1/4	1/4	1	168	den	I														
12	12	50	50	1.0	1/2	1/2	Chord	4/4	1	1	1/4	1/4	1	169	Kopf	turn														
12	12	51	51	1.0	3/4	3/4	Chord	4/4	1	1	1/4	1/4	1	170	ich	to														
12	12	48	48	0.5	0	0	Chord	4/4	2	1	1/8	1/8	1	171												29				
12	12	97/2	97/2	0.5	1/8	1/8	Chord	4/4	2	1	1/8	1/8	1	172												29				
12	12	49	49	0.5	1/4	1/4	Chord	4/4	2	1	1/8	1/8	1	173												29				
12	12	99/2	99/2	0.5	3/8	3/8	Chord	4/4	2	1	1/8	1/8	1	174												29				
12	12	50	50	0.5	1/2	1/2	Chord	4/4	2	1	1/8	1/8	1	175												29				
12	12	101/2	101/2	0.5	5/8	5/8	Chord	4/4	2	1	1/8	1/8	1	176												29				
12	12	51	51	0.5	3/4	3/4	Chord	4/4	2	1	1/8	1/8	1	177												29				
12	12	103/2	103/2	0.5	7/8	7/8	Chord	4/4	2	1	1/8	1/8	1	178																
12	12	48	48	4.0	0	0	Chord	4/4	2	2	1	1	1	179																
12	12	48	48	1.0	0	0	Chord	4/4	3	1	1/4	1/4	1	180																
12	12	49	49	1.0	1/4	1/4	Chord	4/4	3	1	1/4	1/4	1	181																
12	12	50	50	1.0	1/2	1/2	Chord	4/4	3	1	1/4	1/4	1	182																
12	12	51	51	1.0	3/4	3/4	Chord	4/4	3	1	1/4	1/4	1	183																
13	13	52	52	2.0	0	0	Chord	4/4	1	1	1/2	1/2	1	184	dre-	greet														
13	13	54	54	2.0	1/2	1/2	Chord	4/4	1	1	1/2	1/2	1	185	-he,	her,														
13	13	52	52	2.0	0	0	Chord	4/4	2	1	1/2	1/2	1	186												30				
13	13	54	54	0.5	1/2	1/2	Chord	4/4	2	1	1/8	1/8	1	187												30				
13	13	109/2	109/2	0.5	5/8	5/8	Chord	4/4	2	1	1/8	1/8	1	188												30				
13	13	55	55	0.5	3/4	3/4	Chord	4/4	2	1	1/8	1/8	1	189												30				
13	13	111/2	111/2	0.5	7/8	7/8	Chord	4/4	2	1	1/8	1/8	1	190																
13	13	52	52	4.0	0	0	Chord	4/4	2	2	1	1	1	191																
13	13	52	52	1.0	0	0	Chord	4/4	3	1	1/4	1/4	1	192																
13	13	53	53	1.0	1/4	1/4	Chord	4/4	3	1	1/4	1/4	1	193																
13	13	54	54	1.0	1/2	1/2	Chord	4/4	3	1	1/4	1/4	1	194																
13	13	55	55	1.0	3/4	3/4	Chord	4/4	3	1	1/4	1/4	1	195																
14	14	56	56	1.0	0	0	Chord	4/4	1	1	1/4	1/4	1	196	ihr	or														
14	14	57	57	1.0	1/4	1/4	Chord	4/4	1	1	1/4	1/4	1	197	ent-	I														
14	14	58	58	1.0	1/2	1/2	Chord	4/4	1	1	1/4	1/4	1	198	-ge-	haste														
14	14	59	59	1.0	3/4	3/4	Chord	4/4	1	1	1/4	1/4	1	199	-gen	to														
14	14	56	56	0.5	0	0	Chord	4/4	2	1	1/8	1/8	1	200												31				
14	14	113/2	113/2	0.5	1/8	1/8	Chord	4/4	2	1	1/8	1/8	1	201												31				
14	14	57	57	0.5	1/4	1/4	Chord	4/4	2	1	1/8	1/8	1	202												31				
14	14	115/2	115/2	0.5	3/8	3/8	Chord	4/4	2	1	1/8	1/8	1	203												31				
14	14	58	58	0.5	1/2	1/2	Chord	4/4	2	1	1/8	1/8	1	204												31				
14	14	117/2	117/2	0.5	5/8	5/8	Chord	4/4	2	1	1/8	1/8	1	205												31				
14	14	59	59	0.5	3/4	3/4	Chord	4/4	2	1	1/8	1/8	1	206												31				
14	14	119/2	119/2	0.5	7/8	7/8	Chord	4/4	2	1	1/8	1/8	1	207																
14	14	56	56	2.0	0	0	Chord	4/4	2	2	1/2	1/2	1	208																
14	14	58	58	2.0	1/2	1/2	Chord	4/4	2	2	1/2	1/2	1	209																
14	14	56	56	1.0	0	0	Chord	4/4	3	1	1/4	1/4	1	210																
14	14	57	57	1.0	1/4	1/4	Chord	4/4	3	1	1/4	1/4	1	211																
14	14	58	58	1.0	1/2	1/2	Chord	4/4	3	1	1/4	1/4	1	212																
14	14	59	59	1.0	3/4	3/4	Chord	4/4	3	1	1/4	1/4	1	213																
15	15	60	60	2.0	0	0	Chord	4/4	1	1	1/2	1/2	1	214	se-	meet														
15	15	62	62	2.0	1/2	1/2	Chord	4/4	1	1	1/2	1/2	1	215	-he,	her,														
15	15	60	60	0.5	0	0	Chord	4/4	2	1	1/8	1/8	1	216												32				
15	15	121/2	121/2	0.5	1/8	1/8	Chord	4/4	2	1	1/8	1/8	1	217												32				
15	15	61	61	0.5	1/4	1/4	Chord	4/4	2	1	1/8	1/8	1	218												32				
15	15	123/2	123/2	0.5	3/8	3/8	Chord	4/4	2	1	1/8	1/8	1	219																
15	15	62	62	0.5	1/2	1/2	Chord	4/4	2	1	1/8	1/8	1	220												33				
15	15	125/2	125/2	0.5	5/8	5/8	Chord	4/4	2	1	1/8	1/8	1	221												33				
15	15	63	63	0.5	3/4	3/4	Chord	4/4	2	1	1/8	1/8	1	222												33				
15	15	127/2	127/2	0.5	7/8	7/8	Chord	4/4	2	1	1/8	1/8	1	223																
15	15	60	60	4.0	0	0	Chord	4/4	2	2	1	1	1	224																
15	15	60	60	4.0	0	0	Chord	4/4	3	1	1	1	1	225																
16	16	64	64	2.0	0	0	Chord	3/2	2	1	1/2	1/2	1	226																
16	16	66	66	0.0	1/2	1/2	Spanner	3/2	2	1	0																0			
16	16	66	66	0.5	1/2	1/2	Chord	3/2	2	1	1/8	1/8	1	227												34	0			
16	16	133/2	133/2	0.5	5/8	5/8	Chord	3/2	2	1	1/8	1/8	1	228												34	0			
16	16	67	67	0.5	3/4	3/4	Chord	3/2	2	1	1/8	1/8	1	229												34	0			
16	16	135/2	135/2	0.5	7/8	7/8	Chord	3/2	2	1	1/8	1/8	1	230												34	0			
16	16	68	68	2.0	1	1	Chord	3/2	2	1	1/2	1/2	1	231													0			
16	16	139/2	139/2	0.0	11/8	11/8	Spanner	3/2	2	1	0																			
16	16	64	64	0.5	0	0	Chord	3/2	2	2	1/8	1/8	1	232												35				
16	16	129/2	129/2	0.5	1/8	1/8	Chord	3/2	2	2	1/8	1/8	1	233												35				
16	16	65	65	0.5	1/4	1/4	Chord	3/2	2	2	1/8	1/8	1	234												35				
16	16	131/2	131/2	0.5	3/8	3/8	Chord	3/2	2	2	1/8	1/8	1	235																
16	16	66	66	0.5	1/2	1/2	Chord	3/2	2	2	1/8	1/8	1	236												36				
16	16	133/2	133/2	0.5	5/8	5/8	Chord	3/2	2	2	1/8	1/8	1	237												36				
16	16	67	67	0.0	3/4	3/4	StaffText	3/2	2	2	0								l.H							36				
16	16	67	67	0.5	3/4	3/4	Chord	3/2	2	2	1/8	1/8	1	238												36				
16	16	135/2	135/2	0.5	7/8	7/8	Chord	3/2	2	2	1/8	1/8	1	239												36				
16	16	68	68	0.5	1	1	Chord	3/2	2	2	1/8	1/8	1	240												36				
16	16	137/2	137/2	0.5	9/8	9/8	Chord	3/2	2	2	1/8	1/8	1	241												36				
16	16	69	69	0.5	5/4	5/4	Chord	3/2	2	2	1/8	1/8	1	242												36				
16	16	139/2	139/2	0.5	11/8	11/8	Chord	3/2	2	2	1/8	1/8	1	243																
16	16	64	64	2.0	0	0	Chord	3/2	3	1	1/2	1/2	1	244																
16	16	66	66	2.0	1/2	1/2	Chord	3/2	3	1	1/2	1/2	1	245																
16	16	68	68	2.0	1	1	Chord	3/2	3	1	1/2	1/2	1	246																
17	17	70	70	0.0	0	0	Dynamic	3/2	1	1	0						pp													
17	17	70	70	1.0	0	0	Chord	3/2	1	1	1/4	1/4	1	247	f√§llt	not														
17	17	71	71	1.0	1/4	1/4	Chord	3/2	1	1	1/4	1/4	1	248	auf	on														
17	17	72	72	1.0	1/2	1/2	Chord	3/2	1	1	1/4	1/4	1	249	ihr	her														
17	17	73	73	1.0	3/4	3/4	Chord	3/2	1	1	1/4	1/4	1	250	Ge-	sad														
17	17	74	74	2.0	1	1	Chord	3/2	1	1	1/2	1/2	1	251	-sicht	face														
17	17	70	70	0.5	0	0	Chord	3/2	2	1	1/8	1/8	1	252												37				
17	17	141/2	141/2	0.5	1/8	1/8	Chord	3/2	2	1	1/8	1/8	1	253												37				
17	17	71	71	0.0	1/4	1/4	StaffText	3/2	2	1	0								l.H.							37				
17	17	71	71	0.5	1/4	1/4	Chord	3/2	2	1	1/8	1/8	1	254												37				
17	17	143/2	143/2	0.5	3/8	3/8	Chord	3/2	2	1	1/8	1/8	1	255																
17	17	72	72	0.5	1/2	1/2	Chord	3/2	2	1	1/8	1/8	1	256												38				
17	17	145/2	145/2	0.5	5/8	5/8	Chord	3/2	2	1	1/8	1/8	1	257																
17	17	73	73	0.5	3/4	3/4	Chord	3/2	2	1	1/8	1/8	1	258												39				
17	17	147/2	147/2	0.5	7/8	7/8	Chord	3/2	2	1	1/8	1/8	1	259																
17	17	74	74	2.0	1	1	Chord	3/2	2	1	1/2	1/2	1	260																
17	17	70	70	0.0	0	0	StaffText	3/2	2	2	0								r.H.											
17	17	70	70	0.5	0	0	Chord	3/2	2	2	1/8	1/8	1	261																
17	17	141/2	141/2	0.5	1/8	1/8	Chord	3/2	2	2	1/8	1/8	1	262																
17	17	71	71	0.5	1/4	1/4	Chord	3/2	2	2	1/8	1/8	1	263																
17	17	143/2	143/2	0.5	3/8	3/8	Chord	3/2	2	2	1/8	1/8	1	264																
17	17	72	72	2.0	1/2	1/2	Chord	3/2	2	2	1/2	1/2	1	265																
17	17	74	74	0.5	1	1	Chord	3/2	2	2	1/8	1/8	1	266																
17	17	149/2	149/2	0.5	9/8	9/8	Chord	3/2	2	2	1/8	1/8	1	267																
17	17	75	75	0.5	5/4	5/4	Chord	3/2	2	2	1/8	1/8	1	268																
17	17	151/2	151/2	0.5	11/8	11/8	Chord	3/2	2	2	1/8	1/8	1	269																
17	17	70	70	0.0	0	0	Dynamic	3/2	3	1	0						pp													
17	17	70	70	1.0	0	0	Chord	3/2	3	1	1/4	1/4	1	270																
17	17	71	71	1.0	1/4	1/4	Chord	3/2	3	1	1/4	1/4	1	271																
17	17	73	73	1.0	3/4	3/4	Chord	3/2	3	1	1/4	1/4	1	272																
17	17	75	75	1.0	5/4	5/4	Chord	3/2	3	1	1/4	1/4	1	273																
18	18	76	76	1.0	0	0	Chord	3/2	1	1	1/4	1/4	1	274	erst	do														
18	18	77	77	1.0	1/4	1/4	Chord	3/2	1	1	1/4	1/4	1	275	der	I														
18	18	78	78	1.0	1/2	1/2	Chord	3/2	1	1	1/4	1/4	1	276	Blick	fix														
18	18	79	79	1.0	3/4	3/4	Chord	3/2	1	1	1/4	1/4	1	277	mir	my														
18	18	80	80	2.0	1	1	Chord	3/2	1	1	1/2	1/2	1	278	nicht,	gaze,														
18	18	76	76	0.5	0	0	Chord	3/2	2	1	1/8	1/8	1	279												40				
18	18	153/2	153/2	0.5	1/8	1/8	Chord	3/2	2	1	1/8	1/8	1	280												40				
18	18	77	77	0.5	1/4	1/4	Chord	3/2	2	1	1/8	1/8	1	281												40				
18	18	155/2	155/2	0.5	3/8	3/8	Chord	3/2	2	1	1/8	1/8	1	282																
18	18	78	78	0.5	1/2	1/2	Chord	3/2	2	1	1/8	1/8	1	283												41				
18	18	157/2	157/2	0.5	5/8	5/8	Chord	3/2	2	1	1/8	1/8	1	284																
18	18	79	79	0.5	3/4	3/4	Chord	3/2	2	1	1/8	1/8	1	285												42				
18	18	159/2	159/2	0.5	7/8	7/8	Chord	3/2	2	1	1/8	1/8	1	286																
18	18	80	80	2.0	1	1	Chord	3/2	2	1	1/2	1/2	1	287																
18	18	76	76	0.5	0	0	Chord	3/2	2	2	1/8	1/8	1	288																
18	18	153/2	153/2	0.5	1/8	1/8	Chord	3/2	2	2	1/8	1/8	1	289																
18	18	77	77	0.5	1/4	1/4	Chord	3/2	2	2	1/8	1/8	1	290																
18	18	155/2	155/2	0.5	3/8	3/8	Chord	3/2	2	2	1/8	1/8	1	291																
18	18	78	78	2.0	1/2	1/2	Chord	3/2	2	2	1/2	1/2	1	292												43				
18	18	80	80	0.5	1	1	Chord	3/2	2	2	1/8	1/8	1	293												43				
18	18	161/2	161/2	0.5	9/8	9/8	Chord	3/2	2	2	1/8	1/8	1	294												43				
18	18	81	81	0.5	5/4	5/4	Chord	3/2	2	2	1/8	1/8	1	295												43				
18	18	163/2	163/2	0.5	11/8	11/8	Chord	3/2	2	2	1/8	1/8	1	296																
18	18	76	76	1.0	0	0	Chord	3/2	3	1	1/4	1/4	1	297																
18	18	77	77	1.0	1/4	1/4	Chord	3/2	3	1	1/4	1/4	1	298																
18	18	79	79	1.0	3/4	3/4	Chord	3/2	3	1	1/4	1/4	1	299																
18	18	81	81	1.0	5/4	5/4	Chord	3/2	3	1	1/4	1/4	1	300																
19	19	82	82	0.0	0	0	SystemText	3/2	1	1	0									Etwas bewegter										
19	19	82	82	0.0	0	0	Tempo	3/2	1	1	0										ùÖü=70	70.0	ùÖü	70.0	0.0					
19	19	82	82	0.0	0	0	StaffText	3/2	1	1	0								Un poco pi√π mosso											
19	19	82	82	0.0	0	0	StaffText	3/2	2	1	0								espr.											
19	19	82	82	1.0	0	0	Chord	3/2	2	1	1/4	1/4	1	301												44				
19	19	83	83	1.0	1/4	1/4	Chord	3/2	2	1	1/4	1/4	1	302												44				
19	19	84	84	1.0	1/2	1/2	Chord	3/2	2	1	1/4	1/4	1	303												44				
19	19	85	85	1.0	3/4	3/4	Chord	3/2	2	1	1/4	1/4	1	304												44				
19	19	86	86	1.0	1	1	Chord	3/2	2	1	1/4	1/4	1	305												44				
19	19	87	87	1.0	5/4	5/4	Chord	3/2	2	1	1/4	1/4	1	306																
19	19	82	82	0.0	0	0	Dynamic	3/2	3	1	0						p													
19	19	82	82	2.0	0	0	Chord	3/2	3	1	1/2	1/2	1	307																
19	19	84	84	2.0	1/2	1/2	Chord	3/2	3	1	1/2	1/2	1	308																
19	19	86	86	1.0	1	1	Chord	3/2	3	1	1/4	1/4	1	309																
19	19	87	87	1.0	5/4	5/4	Chord	3/2	3	1	1/4	1/4	1	310																
19	19	82	82	4.0	0	0	Chord	3/2	3	2	1	1	1	311																
20	20	88	88	2.0	0	0	Chord	3/2	2	1	1/2	1/2	1	312												45				
20	20	90	90	2.0	1/2	1/2	Chord	3/2	2	1	1/2	1/2	1	313																
20	20	92	92	0.0	1	1	Spanner	3/2	2	1	0																	1		
20	20	92	92	1.0	1	1	Chord	3/2	2	1	1/4	1/4	1	314												46		1		
20	20	93	93	1.0	5/4	5/4	Chord	3/2	2	1	1/4	1/4	1	315												46		1		
20	20	88	88	2.0	0	0	Chord	3/2	3	1	1/2	1/2	1	316												47				
20	20	90	90	2.0	1/2	1/2	Chord	3/2	3	1	1/2	1/2	1	317																
20	20	88	88	4.0	0	0	Chord	3/2	3	2	1	1	1	318																
21	21	96	96	0.0	1/2	1/2	Spanner	3/2	1	1	0																	2		
21	21	96	96	1.0	1/2	1/2	Chord	3/2	1	1	1/4	1/4	1	319	son-	first												2		
21	21	97	97	1.0	3/4	3/4	Chord	3/2	1	1	1/4	1/4	1	320	-dern	mine												2		
21	21	98	98	0.0	1	1	Spanner	3/2	1	1	0																			
21	21	98	98	1.0	1	1	Chord	3/2	1	1	1/4	1/4	1	321	auf	eyes														
21	21	99	99	0.0	5/4	5/4	Spanner	3/2	1	1	0																			1
21	21	99	99	1.0	5/4	5/4	Chord	3/2	1	1	1/4	1/4	1	322	die	seek														1
21	21	94	94	0.0	0	0	Spanner	3/2	2	1	0															46				
21	21	94	94	0.0	0	0	Spanner	3/2	2	1	0															46				2
21	21	94	94	1.0	0	0	Chord	3/2	2	1	1/4	1/4	1	323												46				2
21	21	95	95	1.0	1/4	1/4	Chord	3/2	2	1	1/4	1/4	1	324												46				2
21	21	96	96	1.0	1/2	1/2	Chord	3/2	2	1	1/4	1/4	1	325												46				2
21	21	97	97	1.0	3/4	3/4	Chord	3/2	2	1	1/4	1/4	1	326												46				2
21	21	98	98	0.0	1	1	Spanner	3/2	2	1	0															46				
21	21	98	98	1.0	1	1	Chord	3/2	2	1	1/4	1/4	1	327												46				
21	21	99	99	1.0	5/4	5/4	Chord	3/2	2	1	1/4	1/4	1	328																
21	21	94	94	6.0	0	0	Chord	3/2	2	2	3/2	1	3/2	329																
21	21	94	94	2.0	0	0	Chord	3/2	3	1	1/2	1/2	1	330												48				
21	21	96	96	4.0	1/2	1/2	Chord	3/2	3	1	1	1	1	331																
21	21	94	94	6.0	0	0	Chord	3/2	3	2	3/2	1	3/2	332																
22	22	100	100	2.0	0	0	Chord	3/2	1	1	1/2	1/2	1	333	Stel-	low-														1
22	22	102	102	0.0	1/2	1/2	Spanner	3/2	1	1	0																			
22	22	102	102	2.0	1/2	1/2	Chord	3/2	1	1	1/2	1/2	1	334	-le,	-er,														
22	22	104	104	0.0	1	1	Dynamic	3/2	1	1	0						p													
22	22	104	104	1.0	1	1	Chord	3/2	1	1	1/4	1/4	1	335	n√§-	toward		articTenutoAbove												
22	22	105	105	1.0	5/4	5/4	Chord	3/2	1	1	1/4	1/4	1	336	-her,	the		articTenutoAbove												
22	22	100	100	2.0	0	0	Chord	3/2	2	1	1/2	1/2	1	337																
22	22	102	102	2.0	1/2	1/2	Chord	3/2	2	1	1/2	1/2	1	338																
22	22	104	104	0.0	1	1	Dynamic	3/2	2	1	0						pp													
22	22	104	104	1.0	1	1	Chord	3/2	2	1	1/4	1/4	1	339				articTenutoAbove												
22	22	105	105	1.0	5/4	5/4	Chord	3/2	2	1	1/4	1/4	1	340				articTenutoAbove												
22	22	100	100	6.0	0	0	Chord	3/2	2	2	3/2	1	3/2	341																
22	22	100	100	4.0	0	0	Chord	3/2	3	1	1	1	1	342																
22	22	104	104	1.0	1	1	Chord	3/2	3	1	1/4	1/4	1	343																
22	22	105	105	1.0	5/4	5/4	Chord	3/2	3	1	1/4	1/4	1	344																
23	23	106	106	2.0	0	0	Chord	3/2	1	1	1/2	1/2	1	345	n√§-	thresh-														
23	23	108	108	2.0	1/2	1/2	Chord	3/2	1	1	1/2	1/2	1	346	-her	-old														
23	23	110	110	1.0	1	1	Chord	3/2	1	1	1/4	1/4	1	347	nach	of														
23	23	111	111	1.0	5/4	5/4	Chord	3/2	1	1	1/4	1/4	1	348	der	the														
23	23	106	106	2.0	0	0	Chord	3/2	2	1	1/2	1/2	1	349												49				
23	23	108	108	2.0	1/2	1/2	Chord	3/2	2	1	1/2	1/2	1	350																
23	23	110	110	1.0	1	1	Chord	3/2	2	1	1/4	1/4	1	351				articTenutoAbove												
23	23	111	111	1.0	5/4	5/4	Chord	3/2	2	1	1/4	1/4	1	352				articTenutoAbove												
23	23	106	106	4.0	0	0	Chord	3/2	2	2	1	1	1	353																
23	23	106	106	2.0	0	0	Chord	3/2	2	3	1/2	1/2	1	354												50				
23	23	108	108	2.0	1/2	1/2	Chord	3/2	2	3	1/2	1/2	1	355																
23	23	106	106	2.0	0	0	Chord	3/2	3	1	1/2	1/2	1	356												51				
23	23	108	108	2.0	1/2	1/2	Chord	3/2	3	1	1/2	1/2	1	357																
23	23	106	106	4.0	0	0	Chord	3/2	3	2	1	1	1	358																
24	24	112	112	2.0	0	0	Chord	3/2	1	1	1/2	1/2	1	359	Schwel-	door,														
24	24	114	114	2.0	1/2	1/2	Chord	3/2	1	1	1/2	1/2	1	360	-le,	there,														
24	24	116	116	0.0	1	1	StaffText	3/2	1	1	0								steigernd											
24	24	116	116	0.0	1	1	StaffText	3/2	1	1	0								animando											
24	24	116	116	0.0	1	1	Spanner	3/2	1	1	0																	3		
24	24	116	116	1.0	1	1	Chord	3/2	1	1	1/4	1/4	1	361	dort,	where										52		3		
24	24	117	117	1.0	5/4	5/4	Chord	3/2	1	1	1/4	1/4	1	362														3		
24	24	112	112	2.0	0	0	Chord	3/2	2	1	1/2	1/2	1	363												53				
24	24	114	114	2.0	1/2	1/2	Chord	3/2	2	1	1/2	1/2	1	364																
24	24	116	116	1.0	1	1	Chord	3/2	2	1	1/4	1/4	1	365				articTenutoAbove												
24	24	117	117	1.0	5/4	5/4	Chord	3/2	2	1	1/4	1/4	1	366				articTenutoAbove												
24	24	112	112	4.0	0	0	Chord	3/2	2	2	1	1	1	367																
24	24	116	116	0.0	1	1	Spanner	3/2	2	2	0																	4		
24	24	116	116	2.0	1	1	Chord	3/2	2	2	1/2	1/2	1	368														4		
24	24	112	112	6.0	0	0	Chord	3/2	3	1	3/2	1	3/2	369																
24	24	112	112	4.0	0	0	Chord	3/2	3	2	1	1	1	370												54				
24	24	116	116	2.0	1	1	Chord	3/2	3	2	1/2	1/2	1	371																
25	25	118	118	0.0	0	0	Dynamic	3/2	1	1	0						f													
25	25	118	118	0.0	0	0	Tempo	3/2	1	1	0										ùÖü=72	72.0	ùÖü	72.0	0.0					
25	25	118	118	0.0	0	0	Spanner	3/2	1	1	0																			
25	25	118	118	1.0	0	0	Chord	3/2	1	1	1/4	1/4	1	372	dort,	they		articTenutoAbove												
25	25	119	119	1.0	1/4	1/4	Chord	3/2	1	1	1/4	1/4	1	373	wo	in		articTenutoAbove												
25	25	120	120	1.0	1/2	1/2	Chord	3/2	1	1	1/4	1/4	1	374	w√ºr-	vain		articTenutoAbove												
25	25	121	121	0.0	3/4	3/4	Tempo	3/2	1	1	0										ùÖü=74	74.0	ùÖü	74.0	0.0					
25	25	121	121	1.0	3/4	3/4	Chord	3/2	1	1	1/4	1/4	1	375	-de	would		articTenutoAbove												
25	25	122	122	1.0	1	1	Chord	3/2	1	1	1/4	1/4	1	376	dein	¬†trace										55				
25	25	123	123	1.0	5/4	5/4	Chord	3/2	1	1	1/4	1/4	1	377																
25	25	118	118	0.0	0	0	Dynamic	3/2	2	1	0						p													
25	25	118	118	1.0	0	0	Chord	3/2	2	1	1/4	1/4	1	378												56				
25	25	119	119	1.0	1/4	1/4	Chord	3/2	2	1	1/4	1/4	1	379												56				
25	25	120	120	1.0	1/2	1/2	Chord	3/2	2	1	1/4	1/4	1	380												56				
25	25	121	121	1.0	3/4	3/4	Chord	3/2	2	1	1/4	1/4	1	381												56				
25	25	122	122	1.0	1	1	Chord	3/2	2	1	1/4	1/4	1	382												56				
25	25	123	123	1.0	5/4	5/4	Chord	3/2	2	1	1/4	1/4	1	383																
25	25	118	118	0.0	0	0	Spanner	3/2	2	2	0																			
25	25	118	118	6.0	0	0	Chord	3/2	2	2	3/2	1	3/2	384																
25	25	118	118	4.0	0	0	Chord	3/2	3	1	1	1	1	385																
25	25	122	122	1.0	1	1	Chord	3/2	3	1	1/4	1/4	1	386												57				
25	25	123	123	1.0	5/4	5/4	Chord	3/2	3	1	1/4	1/4	1	387																
25	25	118	118	4.0	0	0	Chord	3/2	3	2	1	1	1	388																
25	25	122	122	2.0	1	1	Chord	3/2	3	2	1/2	1/2	1	389																
26	26	124	124	0.0	0	0	Tempo	3/2	1	1	0										ùÖü=77	77.0	ùÖü	77.0	0.0					
26	26	124	124	1.0	0	0	Chord	3/2	1	1	1/4	1/4	1	390	lieb	thy		articTenutoAbove												
26	26	125	125	1.0	1/4	1/4	Chord	3/2	1	1	1/4	1/4	1	391	Ge-	sweet		articTenutoAbove												
26	26	126	126	1.0	1/2	1/2	Chord	3/2	1	1	1/4	1/4	1	392	-sicht-	in-		articTenutoAbove												
26	26	127	127	0.0	3/4	3/4	Tempo	3/2	1	1	0										ùÖü=80	80.0	ùÖü	80.0	0.0					
26	26	127	127	1.0	3/4	3/4	Chord	3/2	1	1	1/4	1/4	1	393	-chen	-fant		articTenutoAbove												
26	26	128	128	1.0	1	1	Chord	3/2	1	1	1/4	1/4	1	394	sein,	face,										58				
26	26	129	129	1.0	5/4	5/4	Chord	3/2	1	1	1/4	1/4	1	395																
26	26	124	124	1.0	0	0	Chord	3/2	2	1	1/4	1/4	1	396												59				
26	26	125	125	1.0	1/4	1/4	Chord	3/2	2	1	1/4	1/4	1	397												59				
26	26	126	126	1.0	1/2	1/2	Chord	3/2	2	1	1/4	1/4	1	398												59				
26	26	127	127	1.0	3/4	3/4	Chord	3/2	2	1	1/4	1/4	1	399												59				
26	26	128	128	1.0	1	1	Chord	3/2	2	1	1/4	1/4	1	400												59				
26	26	129	129	1.0	5/4	5/4	Chord	3/2	2	1	1/4	1/4	1	401																
26	26	124	124	2.0	0	0	Chord	3/2	2	2	1/2	1/2	1	402												60				
26	26	126	126	2.0	1/2	1/2	Chord	3/2	2	2	1/2	1/2	1	403												60				
26	26	128	128	2.0	1	1	Chord	3/2	2	2	1/2	1/2	1	404																
26	26	124	124	2.0	0	0	Chord	3/2	3	1	1/2	1/2	1	405												61				
26	26	126	126	4.0	1/2	1/2	Chord	3/2	3	1	1	1	1	406																
26	26	124	124	6.0	0	0	Chord	3/2	3	2	3/2	1	3/2	407																
27	27	130	130	1.0	0	0	Chord	4/4	1	1	1/4	1/4	1	408	wenn	as														
27	27	131	131	1.0	1/4	1/4	Chord	4/4	1	1	1/4	1/4	1	409	du	in														
27	27	132	132	0.0	1/2	1/2	Spanner	4/4	1	1	0																			3
27	27	132	132	2.0	1/2	1/2	Chord	4/4	1	1	1/2	1/2	1	410	freu-	times														3
27	27	130	130	1.0	0	0	Chord	4/4	2	1	1/4	1/4	1	411												62				
27	27	131	131	1.0	1/4	1/4	Chord	4/4	2	1	1/4	1/4	1	412												62				
27	27	132	132	2.0	1/2	1/2	Chord	4/4	2	1	1/2	1/2	1	413												62				
27	27	130	130	2.0	0	0	Chord	4/4	2	2	1/2	1/2	1	414												63				
27	27	132	132	0.0	1/2	1/2	Spanner	4/4	2	2	0																			4
27	27	132	132	2.0	1/2	1/2	Chord	4/4	2	2	1/2	1/2	1	415																4
27	27	130	130	3.0	0	0	Chord	4/4	3	1	3/4	1/2	3/2	416																
27	27	133	133	1.0	3/4	3/4	Chord	4/4	3	1	1/4	1/4	1	417				articAccentBelow												
28	28	134	134	1.0	0	0	Chord	4/4	1	1	1/4	1/4	1	418																3
28	28	135	135	1.0	1/4	1/4	Chord	4/4	1	1	1/4	1/4	1	419	-den-	of														3
28	28	136	136	1.0	1/2	1/2	Chord	4/4	1	1	1/4	1/4	1	420	-hel-	yore,														3
28	28	137	137	0.0	3/4	3/4	Spanner	4/4	1	1	0																			
28	28	137	137	1.0	3/4	3/4	Chord	4/4	1	1	1/4	1/4	1	421	-le	when														
28	28	134	134	1.0	0	0	Chord	4/4	2	1	1/4	1/4	1	422												62				4
28	28	135	135	1.0	1/4	1/4	Chord	4/4	2	1	1/4	1/4	1	423												62				4
28	28	136	136	1.0	1/2	1/2	Chord	4/4	2	1	1/4	1/4	1	424												62				4
28	28	137	137	1.0	3/4	3/4	Chord	4/4	2	1	1/4	1/4	1	425																4
28	28	134	134	4.0	0	0	Chord	4/4	3	1	1	1	1	426																
29	29	138	138	0.0	0	0	Spanner	3/2	1	1	0																			5
29	29	138	138	3.0	0	0	Chord	3/2	1	1	3/4	1/2	3/2	427	tr√§-	fa-														5
29	29	141	141	1.0	3/4	3/4	Chord	3/2	1	1	1/4	1/4	1	428	-test	-ther														5
29	29	142	142	1.0	1	1	Chord	3/2	1	1	1/4	1/4	1	429	mit	would														5
29	29	143	143	1.0	5/4	5/4	Chord	3/2	1	1	1/4	1/4	1	430	her-	re-														5
29	29	138	138	1.0	0	0	Chord	3/2	2	1	1/4	1/4	1	431												64				
29	29	139	139	0.0	1/4	1/4	Spanner	3/2	2	1	0															64				6
29	29	139	139	1.0	1/4	1/4	Chord	3/2	2	1	1/4	1/4	1	432												64				6
29	29	140	140	1.0	1/2	1/2	Chord	3/2	2	1	1/4	1/4	1	433												64				6
29	29	141	141	1.0	3/4	3/4	Chord	3/2	2	1	1/4	1/4	1	434												64				6
29	29	142	142	2.0	1	1	Chord	3/2	2	1	1/2	1/2	1	435																6
29	29	138	138	0.0	0	0	Spanner	3/2	2	2	0																			6
29	29	138	138	3.0	0	0	Chord	3/2	3	1	3/4	1/2	3/2	436												65				
29	29	141	141	1.0	3/4	3/4	Chord	3/2	3	1	1/4	1/4	1	437												65				
29	29	142	142	2.0	1	1	Chord	3/2	3	1	1/2	1/2	1	438																
30	30	144	144	1.0	0	0	Chord	3/2	1	1	1/4	1/4	1	439	-ein,	-joice,										66				5
30	30	145	145	0.0	1/4	1/4	Spanner	3/2	1	1	0																			
30	30	145	145	1.0	1/4	1/4	Chord	3/2	1	1	1/4	1/4	1	440																
30	30	146	146	0.0	1/2	1/2	Spanner	3/2	1	1	0																	5		
30	30	146	146	1.0	1/2	1/2	Chord	3/2	1	1	1/4	1/4	1	441	tr√§-	fa-												5		
30	30	147	147	1.0	3/4	3/4	Chord	3/2	1	1	1/4	1/4	1	442	-test	-ther												5		
30	30	148	148	1.0	1	1	Chord	3/2	1	1	1/4	1/4	1	443	mit	would												5		
30	30	149	149	1.0	5/4	5/4	Chord	3/2	1	1	1/4	1/4	1	444	her-	re-												5		
30	30	144	144	0.0	0	0	Spanner	3/2	2	1	0																			
30	30	144	144	1.0	0	0	Chord	3/2	2	1	1/4	1/4	1	445												67				
30	30	145	145	1.0	1/4	1/4	Chord	3/2	2	1	1/4	1/4	1	446												67				
30	30	146	146	1.0	1/2	1/2	Chord	3/2	2	1	1/4	1/4	1	447												67				
30	30	147	147	1.0	3/4	3/4	Chord	3/2	2	1	1/4	1/4	1	448												67				
30	30	148	148	1.0	1	1	Chord	3/2	2	1	1/4	1/4	1	449												67				
30	30	149	149	1.0	5/4	5/4	Chord	3/2	2	1	1/4	1/4	1	450																
30	30	144	144	4.0	0	0	Chord	3/2	3	1	1	1	1	451																
30	30	148	148	2.0	1	1	Chord	3/2	3	1	1/2	1/2	1	452																
30	30	144	144	6.0	0	0	Chord	3/2	3	2	3/2	1	3/2	453																
31	31	150	150	0.0	0	0	Dynamic	3/2	1	1	0						f													
31	31	150	150	0.0	0	0	Spanner	3/2	1	1	0																			
31	31	150	150	3.0	0	0	Chord	3/2	1	1	3/4	1/2	3/2	454	-ein	-joice,														
31	31	153	153	0.0	3/4	3/4	Tempo	3/2	1	1	0										ùÖü=76	76.0	ùÖü	76.0	0.0					
31	31	153	153	1.0	3/4	3/4	Chord	3/2	1	1	1/4	1/4	1	455	wie	to		articAccentAbove												
31	31	154	154	0.0	1	1	Tempo	3/2	1	1	0										ùÖü=72	72.0	ùÖü	72.0	0.0					
31	31	154	154	0.0	1	1	StaffText	3/2	1	1	0								poco ritard.											
31	31	154	154	1.0	1	1	Chord	3/2	1	1	1/4	1/4	1	456	sonst,	hear		articAccentAbove								68				
31	31	155	155	0.0	5/4	5/4	Tempo	3/2	1	1	0										ùÖü=68	68.0	ùÖü	68.0	0.0	68				
31	31	155	155	1.0	5/4	5/4	Chord	3/2	1	1	1/4	1/4	1	457				articAccentAbove								68				
31	31	150	150	4.0	0	0	Chord	3/2	2	1	1	1	1	458																
31	31	154	154	1.0	1	1	Chord	3/2	2	1	1/4	1/4	1	459												69				
31	31	155	155	1.0	5/4	5/4	Chord	3/2	2	1	1/4	1/4	1	460												69				
31	31	150	150	1.0	0	0	Chord	3/2	2	2	1/4	1/4	1	461												70				
31	31	151	151	1.0	1/4	1/4	Chord	3/2	2	2	1/4	1/4	1	462												70				
31	31	152	152	1.0	1/2	1/2	Chord	3/2	2	2	1/4	1/4	1	463												70				
31	31	153	153	1.0	3/4	3/4	Chord	3/2	2	2	1/4	1/4	1	464												70				
31	31	154	154	1.0	1	1	Chord	3/2	2	2	1/4	1/4	1	465												70				
31	31	155	155	1.0	5/4	5/4	Chord	3/2	2	2	1/4	1/4	1	466																
31	31	150	150	0.0	0	0	Dynamic	3/2	3	1	0						f													
31	31	150	150	4.0	0	0	Chord	3/2	3	1	1	1	1	467												71				
31	31	154	154	2.0	1	1	Chord	3/2	3	1	1/2	1/2	1	468																
32	32	156	156	0.0	0	0	Tempo	3/2	1	1	0										ùÖü=66	66.0	ùÖü	66.0	0.0					
32	32	156	156	0.0	0	0	Spanner	3/2	1	1	0																			7
32	32	156	156	1.0	0	0	Chord	3/2	1	1	1/4	1/4	1	469																7
32	32	157	157	0.0	1/4	1/4	Tempo	3/2	1	1	0										ùÖü=64	64.0	ùÖü	64.0	0.0					7
32	32	157	157	1.0	1/4	1/4	Chord	3/2	1	1	1/4	1/4	1	470	mein	his														7
32	32	158	158	0.0	1/2	1/2	Tempo	3/2	1	1	0										ùÖü=63	63.0	ùÖü	63.0	0.0					7
32	32	158	158	2.0	1/2	1/2	Chord	3/2	1	1	1/2	1/2	1	471	T√∂ch-	child's										72				7
32	32	159	159	0.0	3/4	3/4	Tempo	3/2	1	1	0										ùÖü=61.6	62.0	ùÖü	61.6	0.0	72				7
32	32	160	160	0.0	1	1	Tempo	3/2	1	1	0										ùÖü=60.2	60.0	ùÖü	60.2	0.0					7
32	32	160	160	1.0	1	1	Chord	3/2	1	1	1/4	1/4	1	472																7
32	32	161	161	0.0	5/4	5/4	Tempo	3/2	1	1	0										ùÖü=58.8	59.0	ùÖü	58.8	0.0					
32	32	161	161	0.0	5/4	5/4	Spanner	3/2	1	1	0																			
32	32	161	161	1.0	5/4	5/4	Chord	3/2	1	1	1/4	1/4	1	473	-ter-	sweet														
32	32	156	156	1.0	0	0	Chord	3/2	2	1	1/4	1/4	1	474												69				
32	32	157	157	0.0	1/4	1/4	Spanner	3/2	2	1	0															69				8
32	32	157	157	1.0	1/4	1/4	Chord	3/2	2	1	1/4	1/4	1	475												69				8
32	32	158	158	2.0	1/2	1/2	Chord	3/2	2	1	1/2	1/2	1	476												69				8
32	32	160	160	1.0	1	1	Chord	3/2	2	1	1/4	1/4	1	477												69				8
32	32	161	161	0.0	5/4	5/4	Spanner	3/2	2	1	0																			
32	32	161	161	1.0	5/4	5/4	Chord	3/2	2	1	1/4	1/4	1	478																
32	32	156	156	1.0	0	0	Chord	3/2	3	1	1/4	1/4	1	479												73				
32	32	157	157	1.0	1/4	1/4	Chord	3/2	3	1	1/4	1/4	1	480												73				
32	32	158	158	0.0	1/2	1/2	Spanner	3/2	3	1	0															73			0	
32	32	158	158	1.0	1/2	1/2	Chord	3/2	3	1	1/4	1/4	1	481												73			0	
32	32	159	159	0.0	3/4	3/4	Spanner	3/2	3	1	0															73				
32	32	159	159	1.0	3/4	3/4	Chord	3/2	3	1	1/4	1/4	1	482												73				
32	32	160	160	1.0	1	1	Chord	3/2	3	1	1/4	1/4	1	483												73				
32	32	161	161	1.0	5/4	5/4	Chord	3/2	3	1	1/4	1/4	1	484																
32	32	156	156	2.0	0	0	Chord	3/2	3	2	1/2	1/2	1	485																
32	32	158	158	4.0	1/2	1/2	Chord	3/2	3	2	1	1	1	486																
33	33	162	162	0.0	0	0	SystemText	4/4	1	1	0									Wie zu Anfang										
33	33	162	162	0.0	0	0	Tempo	4/4	1	1	0										ùÖü=57.4	57.0	ùÖü	57.4	0.0					
33	33	162	162	0.0	0	0	Tempo	4/4	1	1	0										ùÖü=52	52.0	ùÖü	52.0	0.0					
33	33	162	162	0.0	0	0	StaffText	4/4	1	1	0								Come al principio											
33	33	162	162	1.0	0	0	Chord	4/4	1	1	1/4	1/4	1	487	-lein.	voice.														
33	33	325/2	325/2	0.0	1/8	1/8	Tempo	4/4	1	1	0										ùÖü=56.7	57.0	ùÖü	56.7	0.0					
33	33	163	163	0.0	1/4	1/4	Tempo	4/4	1	1	0										ùÖü=56	56.0	ùÖü	56.0	0.0					
33	33	162	162	0.5	0	0	Chord	4/4	2	1	1/8	1/8	1	488												74				
33	33	325/2	325/2	0.5	1/8	1/8	Chord	4/4	2	1	1/8	1/8	1	489																
33	33	163	163	0.5	1/4	1/4	Chord	4/4	2	1	1/8	1/8	1	490												75				
33	33	327/2	327/2	0.5	3/8	3/8	Chord	4/4	2	1	1/8	1/8	1	491																
33	33	164	164	2.0	1/2	1/2	Chord	4/4	2	1	1/2	1/2	1	492																
33	33	162	162	0.0	0	0	Dynamic	4/4	3	1	0						pp													
33	33	162	162	0.0	0	0	StaffText	4/4	3	1	0								quasi pizz.											
33	33	329/2	329/2	0.5	5/8	5/8	Chord	4/4	3	1	1/8	1/8	1	493												76				
33	33	165	165	0.5	3/4	3/4	Chord	4/4	3	1	1/8	1/8	1	494												76				
33	33	331/2	331/2	0.5	7/8	7/8	Chord	4/4	3	1	1/8	1/8	1	495												76				
33	33	162	162	4.0	0	0	Chord	4/4	3	2	1	1	1	496																
33	33	162	162	1.0	0	0	Chord	4/4	3	3	1/4	1/4	1	497				articStaccatoBelow												
33	33	163	163	1.0	1/4	1/4	Chord	4/4	3	3	1/4	1/4	1	498				articStaccatoBelow												
33	33	165	165	1.0	3/4	3/4	Chord	4/4	3	3	1/4	1/4	1	499				articStaccatoBelow												
34	34	166	166	0.5	0	0	Chord	4/4	2	1	1/8	1/8	1	500												77				
34	34	333/2	333/2	0.5	1/8	1/8	Chord	4/4	2	1	1/8	1/8	1	501																
34	34	167	167	0.5	1/4	1/4	Chord	4/4	2	1	1/8	1/8	1	502												78				
34	34	335/2	335/2	0.5	3/8	3/8	Chord	4/4	2	1	1/8	1/8	1	503																
34	34	168	168	2.0	1/2	1/2	Chord	4/4	2	1	1/2	1/2	1	504												79				
34	34	166	166	2.0	0	0	Chord	4/4	3	1	1/2	1/2	1	505																
34	34	337/2	337/2	0.5	5/8	5/8	Chord	4/4	3	1	1/8	1/8	1	506												80				
34	34	169	169	0.5	3/4	3/4	Chord	4/4	3	1	1/8	1/8	1	507												80				
34	34	339/2	339/2	0.5	7/8	7/8	Chord	4/4	3	1	1/8	1/8	1	508												80				
34	34	166	166	1.0	0	0	Chord	4/4	3	2	1/4	1/4	1	509				articStaccatoBelow												
34	34	167	167	1.0	1/4	1/4	Chord	4/4	3	2	1/4	1/4	1	510				articStaccatoBelow												
34	34	169	169	1.0	3/4	3/4	Chord	4/4	3	2	1/4	1/4	1	511				articStaccatoBelow												
35	35	170	170	0.5	0	0	Chord	4/4	2	1	1/8	1/8	1	512												79				
35	35	341/2	341/2	0.5	1/8	1/8	Chord	4/4	2	1	1/8	1/8	1	513												79				
35	35	171	171	0.5	1/4	1/4	Chord	4/4	2	1	1/8	1/8	1	514												79				
35	35	343/2	343/2	0.5	3/8	3/8	Chord	4/4	2	1	1/8	1/8	1	515												79				
35	35	172	172	0.5	1/2	1/2	Chord	4/4	2	1	1/8	1/8	1	516												79				
35	35	345/2	345/2	0.5	5/8	5/8	Chord	4/4	2	1	1/8	1/8	1	517												79				
35	35	173	173	0.5	3/4	3/4	Chord	4/4	2	1	1/8	1/8	1	518												79				
35	35	347/2	347/2	0.5	7/8	7/8	Chord	4/4	2	1	1/8	1/8	1	519																
35	35	170	170	2.0	0	0	Chord	4/4	3	1	1/2	1/2	1	520																
35	35	172	172	2.0	1/2	1/2	Chord	4/4	3	1	1/2	1/2	1	521																
35	35	170	170	1.0	0	0	Chord	4/4	3	2	1/4	1/4	1	522																
35	35	171	171	1.0	1/4	1/4	Chord	4/4	3	2	1/4	1/4	1	523																
35	35	172	172	1.0	1/2	1/2	Chord	4/4	3	2	1/4	1/4	1	524																
35	35	173	173	1.0	3/4	3/4	Chord	4/4	3	2	1/4	1/4	1	525																
36	36	174	174	2.0	0	0	Chord	4/4	2	1	1/2	1/2	1	526												81				
36	36	176	176	0.5	1/2	1/2	Chord	4/4	2	1	1/8	1/8	1	527												81				
36	36	353/2	353/2	0.5	5/8	5/8	Chord	4/4	2	1	1/8	1/8	1	528												81				
36	36	177	177	0.5	3/4	3/4	Chord	4/4	2	1	1/8	1/8	1	529												81				
36	36	355/2	355/2	0.5	7/8	7/8	Chord	4/4	2	1	1/8	1/8	1	530												81				
36	36	174	174	2.0	0	0	Chord	4/4	2	2	1/2	1/2	1	531												82				
36	36	176	176	2.0	1/2	1/2	Chord	4/4	2	2	1/2	1/2	1	532												82				
36	36	174	174	1.0	0	0	Chord	4/4	3	1	1/4	1/4	1	533																
36	36	175	175	1.0	1/4	1/4	Chord	4/4	3	1	1/4	1/4	1	534																
36	36	176	176	1.0	1/2	1/2	Chord	4/4	3	1	1/4	1/4	1	535																
36	36	177	177	1.0	3/4	3/4	Chord	4/4	3	1	1/4	1/4	1	536																
37	37	178	178	0.5	0	0	Chord	4/4	2	1	1/8	1/8	1	537												81				
37	37	357/2	357/2	0.5	1/8	1/8	Chord	4/4	2	1	1/8	1/8	1	538												81				
37	37	179	179	0.5	1/4	1/4	Chord	4/4	2	1	1/8	1/8	1	539												81				
37	37	359/2	359/2	0.5	3/8	3/8	Chord	4/4	2	1	1/8	1/8	1	540												81				
37	37	180	180	0.5	1/2	1/2	Chord	4/4	2	1	1/8	1/8	1	541												81				
37	37	361/2	361/2	0.5	5/8	5/8	Chord	4/4	2	1	1/8	1/8	1	542												81				
37	37	181	181	0.5	3/4	3/4	Chord	4/4	2	1	1/8	1/8	1	543												81				
37	37	363/2	363/2	0.5	7/8	7/8	Chord	4/4	2	1	1/8	1/8	1	544																
37	37	178	178	2.0	0	0	Chord	4/4	2	2	1/2	1/2	1	545												82				
37	37	180	180	2.0	1/2	1/2	Chord	4/4	2	2	1/2	1/2	1	546																
37	37	178	178	1.0	0	0	Chord	4/4	3	1	1/4	1/4	1	547																
37	37	179	179	1.0	1/4	1/4	Chord	4/4	3	1	1/4	1/4	1	548																
37	37	180	180	1.0	1/2	1/2	Chord	4/4	3	1	1/4	1/4	1	549																
37	37	181	181	1.0	3/4	3/4	Chord	4/4	3	1	1/4	1/4	1	550																
38	38	182	182	2.0	0	0	Chord	4/4	2	1	1/2	1/2	1	551												83				
38	38	184	184	0.5	1/2	1/2	Chord	4/4	2	1	1/8	1/8	1	552												83				
38	38	369/2	369/2	0.5	5/8	5/8	Chord	4/4	2	1	1/8	1/8	1	553												83				
38	38	185	185	0.5	3/4	3/4	Chord	4/4	2	1	1/8	1/8	1	554												83				
38	38	371/2	371/2	0.5	7/8	7/8	Chord	4/4	2	1	1/8	1/8	1	555												83				
38	38	182	182	0.5	0	0	Chord	4/4	2	2	1/8	1/8	1	556												84				
38	38	365/2	365/2	0.5	1/8	1/8	Chord	4/4	2	2	1/8	1/8	1	557												84				
38	38	183	183	0.5	1/4	1/4	Chord	4/4	2	2	1/8	1/8	1	558												84				
38	38	367/2	367/2	0.5	3/8	3/8	Chord	4/4	2	2	1/8	1/8	1	559												84				
38	38	184	184	0.5	1/2	1/2	Chord	4/4	2	2	1/8	1/8	1	560												84				
38	38	369/2	369/2	0.5	5/8	5/8	Chord	4/4	2	2	1/8	1/8	1	561												84				
38	38	185	185	0.5	3/4	3/4	Chord	4/4	2	2	1/8	1/8	1	562												84				
38	38	371/2	371/2	0.5	7/8	7/8	Chord	4/4	2	2	1/8	1/8	1	563																
38	38	182	182	2.0	0	0	Chord	4/4	3	1	1/2	1/2	1	564												85				
38	38	184	184	2.0	1/2	1/2	Chord	4/4	3	1	1/2	1/2	1	565																
39	39	186	186	0.0	0	0	Spanner	4/4	2	1	0															83		6		
39	39	186	186	2.0	0	0	Chord	4/4	2	1	1/2	1/2	1	566												83		6		
39	39	188	188	0.5	1/2	1/2	Chord	4/4	2	1	1/8	1/8	1	567												83		6		
39	39	377/2	377/2	0.5	5/8	5/8	Chord	4/4	2	1	1/8	1/8	1	568												83		6		
39	39	189	189	0.5	3/4	3/4	Chord	4/4	2	1	1/8	1/8	1	569												83		6		
39	39	379/2	379/2	0.0	7/8	7/8	Spanner	4/4	2	1	0																			
39	39	379/2	379/2	0.5	7/8	7/8	Chord	4/4	2	1	1/8	1/8	1	570																
39	39	186	186	2.0	0	0	Chord	4/4	2	2	1/2	1/2	1	571												86				
39	39	188	188	0.5	1/2	1/2	Chord	4/4	2	2	1/8	1/8	1	572												86				
39	39	377/2	377/2	0.5	5/8	5/8	Chord	4/4	2	2	1/8	1/8	1	573												86				
39	39	189	189	0.5	3/4	3/4	Chord	4/4	2	2	1/8	1/8	1	574												86				
39	39	379/2	379/2	0.5	7/8	7/8	Chord	4/4	2	2	1/8	1/8	1	575																
39	39	186	186	0.5	0	0	Chord	4/4	3	1	1/8	1/8	1	576												87				
39	39	373/2	373/2	0.5	1/8	1/8	Chord	4/4	3	1	1/8	1/8	1	577												87				
39	39	187	187	0.5	1/4	1/4	Chord	4/4	3	1	1/8	1/8	1	578												87				
39	39	375/2	375/2	0.5	3/8	3/8	Chord	4/4	3	1	1/8	1/8	1	579																
39	39	188	188	2.0	1/2	1/2	Chord	4/4	3	1	1/2	1/2	1	580																
39	39	186	186	2.0	0	0	Chord	4/4	3	2	1/2	1/2	1	581												88				
39	39	188	188	2.0	1/2	1/2	Chord	4/4	3	2	1/2	1/2	1	582																
40	40	190	190	0.0	0	0	Dynamic	3/2	1	1	0						pp													
40	40	190	190	1.0	0	0	Chord	3/2	1	1	1/4	1/4	1	583	Wenn	When														
40	40	191	191	1.0	1/4	1/4	Chord	3/2	1	1	1/4	1/4	1	584	dein	thy														
40	40	192	192	1.0	1/2	1/2	Chord	3/2	1	1	1/4	1/4	1	585	M√ºt-	mo-														
40	40	193	193	1.0	3/4	3/4	Chord	3/2	1	1	1/4	1/4	1	586	-ter-	-ther														
40	40	194	194	2.0	1	1	Chord	3/2	1	1	1/2	1/2	1	587	-lein	dear														
40	40	190	190	0.0	0	0	Dynamic	3/2	2	1	0						pp													
40	40	190	190	0.5	0	0	Chord	3/2	2	1	1/8	1/8	1	588												89				
40	40	381/2	381/2	0.5	1/8	1/8	Chord	3/2	2	1	1/8	1/8	1	589																
40	40	191	191	0.5	1/4	1/4	Chord	3/2	2	1	1/8	1/8	1	590												90				
40	40	383/2	383/2	0.5	3/8	3/8	Chord	3/2	2	1	1/8	1/8	1	591																
40	40	192	192	2.0	1/2	1/2	Chord	3/2	2	1	1/2	1/2	1	592												91				
40	40	194	194	0.5	1	1	Chord	3/2	2	1	1/8	1/8	1	593												91				
40	40	389/2	389/2	0.5	9/8	9/8	Chord	3/2	2	1	1/8	1/8	1	594												91				
40	40	195	195	0.5	5/4	5/4	Chord	3/2	2	1	1/8	1/8	1	595												91				
40	40	391/2	391/2	0.5	11/8	11/8	Chord	3/2	2	1	1/8	1/8	1	596																
40	40	190	190	2.0	0	0	Chord	3/2	3	1	1/2	1/2	1	597				articAccentAbove												
40	40	192	192	4.0	1/2	1/2	Chord	3/2	3	1	1	1	1	598				articAccentAbove												
40	40	190	190	1.0	0	0	Chord	3/2	3	2	1/4	1/4	1	599																
40	40	191	191	1.0	1/4	1/4	Chord	3/2	3	2	1/4	1/4	1	600																
40	40	192	192	1.0	1/2	1/2	Chord	3/2	3	2	1/4	1/4	1	601																
40	40	193	193	1.0	3/4	3/4	Chord	3/2	3	2	1/4	1/4	1	602																
40	40	195	195	1.0	5/4	5/4	Chord	3/2	3	2	1/4	1/4	1	603																
41	41	196	196	1.0	0	0	Chord	3/2	1	1	1/4	1/4	1	604	tritt	oft-														
41	41	197	197	1.0	1/4	1/4	Chord	3/2	1	1	1/4	1/4	1	605	zur	-times														
41	41	198	198	1.0	1/2	1/2	Chord	3/2	1	1	1/4	1/4	1	606	T√ºr	en-														
41	41	199	199	1.0	3/4	3/4	Chord	3/2	1	1	1/4	1/4	1	607	her-	-ters														
41	41	200	200	2.0	1	1	Chord	3/2	1	1	1/2	1/2	1	608	-ein,	here.														
41	41	196	196	0.5	0	0	Chord	3/2	2	1	1/8	1/8	1	609												92				
41	41	393/2	393/2	0.5	1/8	1/8	Chord	3/2	2	1	1/8	1/8	1	610																
41	41	197	197	0.5	1/4	1/4	Chord	3/2	2	1	1/8	1/8	1	611												93				
41	41	395/2	395/2	0.5	3/8	3/8	Chord	3/2	2	1	1/8	1/8	1	612																
41	41	198	198	2.0	1/2	1/2	Chord	3/2	2	1	1/2	1/2	1	613												94				
41	41	200	200	0.5	1	1	Chord	3/2	2	1	1/8	1/8	1	614												94				
41	41	401/2	401/2	0.5	9/8	9/8	Chord	3/2	2	1	1/8	1/8	1	615												94				
41	41	201	201	0.5	5/4	5/4	Chord	3/2	2	1	1/8	1/8	1	616												94				
41	41	403/2	403/2	0.5	11/8	11/8	Chord	3/2	2	1	1/8	1/8	1	617																
41	41	196	196	2.0	0	0	Chord	3/2	3	1	1/2	1/2	1	618				articAccentAbove												
41	41	198	198	4.0	1/2	1/2	Chord	3/2	3	1	1	1	1	619				articAccentAbove												
41	41	196	196	1.0	0	0	Chord	3/2	3	2	1/4	1/4	1	620																
41	41	197	197	1.0	1/4	1/4	Chord	3/2	3	2	1/4	1/4	1	621																
41	41	198	198	1.0	1/2	1/2	Chord	3/2	3	2	1/4	1/4	1	622																
41	41	199	199	1.0	3/4	3/4	Chord	3/2	3	2	1/4	1/4	1	623																
41	41	201	201	1.0	5/4	5/4	Chord	3/2	3	2	1/4	1/4	1	624																
42	42	202	202	0.5	0	0	Chord	4/4	2	1	1/8	1/8	1	625												95				
42	42	405/2	405/2	0.5	1/8	1/8	Chord	4/4	2	1	1/8	1/8	1	626												95				
42	42	203	203	0.5	1/4	1/4	Chord	4/4	2	1	1/8	1/8	1	627												95				
42	42	407/2	407/2	0.5	3/8	3/8	Chord	4/4	2	1	1/8	1/8	1	628												95				
42	42	204	204	0.5	1/2	1/2	Chord	4/4	2	1	1/8	1/8	1	629												95				
42	42	409/2	409/2	0.5	5/8	5/8	Chord	4/4	2	1	1/8	1/8	1	630												95				
42	42	205	205	0.5	3/4	3/4	Chord	4/4	2	1	1/8	1/8	1	631												95				
42	42	411/2	411/2	0.5	7/8	7/8	Chord	4/4	2	1	1/8	1/8	1	632																
42	42	204	204	2.0	1/2	1/2	Chord	4/4	2	2	1/2	1/2	1	633																
42	42	202	202	1.0	0	0	Chord	4/4	3	1	1/4	1/4	1	634																
42	42	203	203	1.0	1/4	1/4	Chord	4/4	3	1	1/4	1/4	1	635																
42	42	204	204	1.0	1/2	1/2	Chord	4/4	3	1	1/4	1/4	1	636																
42	42	205	205	1.0	3/4	3/4	Chord	4/4	3	1	1/4	1/4	1	637																
43	43	206	206	2.0	0	0	Chord	4/4	2	1	1/2	1/2	1	638												96				
43	43	208	208	0.5	1/2	1/2	Chord	4/4	2	1	1/8	1/8	1	639												96				
43	43	417/2	417/2	0.5	5/8	5/8	Chord	4/4	2	1	1/8	1/8	1	640												96				
43	43	209	209	0.5	3/4	3/4	Chord	4/4	2	1	1/8	1/8	1	641												96				
43	43	419/2	419/2	0.5	7/8	7/8	Chord	4/4	2	1	1/8	1/8	1	642																
43	43	206	206	2.0	0	0	Chord	4/4	2	2	1/2	1/2	1	643												97				
43	43	208	208	2.0	1/2	1/2	Chord	4/4	2	2	1/2	1/2	1	644																
43	43	206	206	1.0	0	0	Chord	4/4	3	1	1/4	1/4	1	645																
43	43	207	207	1.0	1/4	1/4	Chord	4/4	3	1	1/4	1/4	1	646																
43	43	208	208	1.0	1/2	1/2	Chord	4/4	3	1	1/4	1/4	1	647																
43	43	209	209	1.0	3/4	3/4	Chord	4/4	3	1	1/4	1/4	1	648																
44	44	210	210	0.0	0	0	Dynamic	4/4	1	1	0						mp													
44	44	210	210	1.0	0	0	Chord	4/4	1	1	1/4	1/4	1	649	mit	with														
44	44	211	211	1.0	1/4	1/4	Chord	4/4	1	1	1/4	1/4	1	650	der	the														
44	44	212	212	1.0	1/2	1/2	Chord	4/4	1	1	1/4	1/4	1	651	Ker-	light														
44	44	213	213	1.0	3/4	3/4	Chord	4/4	1	1	1/4	1/4	1	652	-ze	comes														
44	44	210	210	0.5	0	0	Chord	4/4	2	1	1/8	1/8	1	653												98				
44	44	421/2	421/2	0.5	1/8	1/8	Chord	4/4	2	1	1/8	1/8	1	654												98				
44	44	211	211	0.5	1/4	1/4	Chord	4/4	2	1	1/8	1/8	1	655												98				
44	44	423/2	423/2	0.5	3/8	3/8	Chord	4/4	2	1	1/8	1/8	1	656												98				
44	44	212	212	0.5	1/2	1/2	Chord	4/4	2	1	1/8	1/8	1	657												98				
44	44	425/2	425/2	0.5	5/8	5/8	Chord	4/4	2	1	1/8	1/8	1	658												98				
44	44	213	213	0.5	3/4	3/4	Chord	4/4	2	1	1/8	1/8	1	659												98				
44	44	427/2	427/2	0.5	7/8	7/8	Chord	4/4	2	1	1/8	1/8	1	660																
44	44	210	210	1.0	0	0	Chord	4/4	3	1	1/4	1/4	1	661																
44	44	211	211	1.0	1/4	1/4	Chord	4/4	3	1	1/4	1/4	1	662																
44	44	212	212	1.0	1/2	1/2	Chord	4/4	3	1	1/4	1/4	1	663																
44	44	213	213	1.0	3/4	3/4	Chord	4/4	3	1	1/4	1/4	1	664																
45	45	214	214	2.0	0	0	Chord	4/4	1	1	1/2	1/2	1	665	Schim-	near														
45	45	216	216	2.0	1/2	1/2	Chord	4/4	1	1	1/2	1/2	1	666	-mer,	me,														
45	45	214	214	2.0	0	0	Chord	4/4	2	1	1/2	1/2	1	667												99				
45	45	216	216	0.5	1/2	1/2	Chord	4/4	2	1	1/8	1/8	1	668												99				
45	45	433/2	433/2	0.5	5/8	5/8	Chord	4/4	2	1	1/8	1/8	1	669												99				
45	45	217	217	0.5	3/4	3/4	Chord	4/4	2	1	1/8	1/8	1	670												99				
45	45	435/2	435/2	0.5	7/8	7/8	Chord	4/4	2	1	1/8	1/8	1	671																
45	45	214	214	4.0	0	0	Chord	4/4	2	2	1	1	1	672																
45	45	214	214	1.0	0	0	Chord	4/4	3	1	1/4	1/4	1	673																
45	45	215	215	1.0	1/4	1/4	Chord	4/4	3	1	1/4	1/4	1	674																
45	45	216	216	1.0	1/2	1/2	Chord	4/4	3	1	1/4	1/4	1	675																
45	45	217	217	1.0	3/4	3/4	Chord	4/4	3	1	1/4	1/4	1	676																
46	46	218	218	1.0	0	0	Chord	4/4	1	1	1/4	1/4	1	677	ist	then,														
46	46	219	219	1.0	1/4	1/4	Chord	4/4	1	1	1/4	1/4	1	678	es	me-														
46	46	220	220	1.0	1/2	1/2	Chord	4/4	1	1	1/4	1/4	1	679	mir,	-thinks,														
46	46	221	221	1.0	3/4	3/4	Chord	4/4	1	1	1/4	1/4	1	680	als	I														
46	46	218	218	0.0	0	0	Spanner	4/4	2	1	0																	7		
46	46	218	218	0.5	0	0	Chord	4/4	2	1	1/8	1/8	1	681												100		7		
46	46	437/2	437/2	0.5	1/8	1/8	Chord	4/4	2	1	1/8	1/8	1	682												100		7		
46	46	219	219	0.5	1/4	1/4	Chord	4/4	2	1	1/8	1/8	1	683												100		7		
46	46	439/2	439/2	0.0	3/8	3/8	Spanner	4/4	2	1	0															100				
46	46	439/2	439/2	0.5	3/8	3/8	Chord	4/4	2	1	1/8	1/8	1	684												100				
46	46	220	220	0.0	1/2	1/2	Spanner	4/4	2	1	0															100				9
46	46	220	220	0.5	1/2	1/2	Chord	4/4	2	1	1/8	1/8	1	685				articAccentAbove								100				9
46	46	441/2	441/2	0.5	5/8	5/8	Chord	4/4	2	1	1/8	1/8	1	686												100				9
46	46	221	221	0.5	3/4	3/4	Chord	4/4	2	1	1/8	1/8	1	687												100				9
46	46	443/2	443/2	0.0	7/8	7/8	Spanner	4/4	2	1	0																			
46	46	443/2	443/2	0.5	7/8	7/8	Chord	4/4	2	1	1/8	1/8	1	688																
46	46	218	218	1.0	0	0	Chord	4/4	3	1	1/4	1/4	1	689																
46	46	219	219	1.0	1/4	1/4	Chord	4/4	3	1	1/4	1/4	1	690																
46	46	220	220	1.0	1/2	1/2	Chord	4/4	3	1	1/4	1/4	1	691																
46	46	221	221	1.0	3/4	3/4	Chord	4/4	3	1	1/4	1/4	1	692																
47	47	222	222	2.0	0	0	Chord	4/4	1	1	1/2	1/2	1	693	im-	hear														
47	47	224	224	2.0	1/2	1/2	Chord	4/4	1	1	1/2	1/2	1	694	-mer	thee,														
47	47	222	222	0.5	0	0	Chord	4/4	2	1	1/8	1/8	1	695												101				
47	47	445/2	445/2	0.5	1/8	1/8	Chord	4/4	2	1	1/8	1/8	1	696												101				
47	47	223	223	0.5	1/4	1/4	Chord	4/4	2	1	1/8	1/8	1	697												101				
47	47	447/2	447/2	0.5	3/8	3/8	Chord	4/4	2	1	1/8	1/8	1	698																
47	47	224	224	0.5	1/2	1/2	Chord	4/4	2	1	1/8	1/8	1	699												102				
47	47	449/2	449/2	0.5	5/8	5/8	Chord	4/4	2	1	1/8	1/8	1	700												102				
47	47	225	225	0.5	3/4	3/4	Chord	4/4	2	1	1/8	1/8	1	701												102				
47	47	451/2	451/2	0.5	7/8	7/8	Chord	4/4	2	1	1/8	1/8	1	702																
47	47	222	222	1.0	0	0	Chord	4/4	3	1	1/4	1/4	1	703																
47	47	223	223	1.0	1/4	1/4	Chord	4/4	3	1	1/4	1/4	1	704																
47	47	224	224	1.0	1/2	1/2	Chord	4/4	3	1	1/4	1/4	1	705																
47	47	225	225	1.0	3/4	3/4	Chord	4/4	3	1	1/4	1/4	1	706																
48	48	226	226	0.0	0	0	Dynamic	3/2	1	1	0						pp													
48	48	226	226	1.0	0	0	Chord	3/2	1	1	1/4	1/4	1	707	k√§mst	hear														
48	48	227	227	1.0	1/4	1/4	Chord	3/2	1	1	1/4	1/4	1	708	du	thine														
48	48	228	228	1.0	1/2	1/2	Chord	3/2	1	1	1/4	1/4	1	709	mit	in-														
48	48	229	229	1.0	3/4	3/4	Chord	3/2	1	1	1/4	1/4	1	710	her-	-fant														
48	48	230	230	2.0	1	1	Chord	3/2	1	1	1/2	1/2	1	711	-ein,	tread,														
48	48	226	226	0.5	0	0	Chord	3/2	2	1	1/8	1/8	1	712												103				
48	48	453/2	453/2	0.5	1/8	1/8	Chord	3/2	2	1	1/8	1/8	1	713												103				
48	48	227	227	0.5	1/4	1/4	Chord	3/2	2	1	1/8	1/8	1	714												103				
48	48	455/2	455/2	0.5	3/8	3/8	Chord	3/2	2	1	1/8	1/8	1	715																
48	48	228	228	0.5	1/2	1/2	Chord	3/2	2	1	1/8	1/8	1	716												104				
48	48	457/2	457/2	0.5	5/8	5/8	Chord	3/2	2	1	1/8	1/8	1	717																
48	48	229	229	0.5	3/4	3/4	Chord	3/2	2	1	1/8	1/8	1	718												105				
48	48	459/2	459/2	0.5	7/8	7/8	Chord	3/2	2	1	1/8	1/8	1	719																
48	48	230	230	0.5	1	1	Chord	3/2	2	1	1/8	1/8	1	720												106				
48	48	461/2	461/2	0.5	9/8	9/8	Chord	3/2	2	1	1/8	1/8	1	721																
48	48	231	231	0.5	5/4	5/4	Chord	3/2	2	1	1/8	1/8	1	722												107				
48	48	463/2	463/2	0.5	11/8	11/8	Chord	3/2	2	1	1/8	1/8	1	723																
48	48	226	226	2.0	0	0	Chord	3/2	2	2	1/2	1/2	1	724				articAccentBelow												
48	48	228	228	2.0	1/2	1/2	Chord	3/2	2	2	1/2	1/2	1	725				articAccentBelow												
48	48	230	230	2.0	1	1	Chord	3/2	2	2	1/2	1/2	1	726																
48	48	226	226	0.0	0	0	Dynamic	3/2	3	1	0						pp													
48	48	226	226	4.0	0	0	Chord	3/2	3	1	1	1	1	727																
48	48	230	230	0.5	1	1	Chord	3/2	3	1	1/8	1/8	1	728												108				
48	48	461/2	461/2	0.5	9/8	9/8	Chord	3/2	3	1	1/8	1/8	1	729																
48	48	231	231	0.5	5/4	5/4	Chord	3/2	3	1	1/8	1/8	1	730												109				
48	48	463/2	463/2	0.5	11/8	11/8	Chord	3/2	3	1	1/8	1/8	1	731																
48	48	226	226	6.0	0	0	Chord	3/2	3	2	3/2	1	3/2	732																
49	49	232	232	1.0	0	0	Chord	3/2	1	1	1/4	1/4	1	733	husch-	hear														
49	49	233	233	1.0	1/4	1/4	Chord	3/2	1	1	1/4	1/4	1	734	-test	thine														
49	49	234	234	1.0	1/2	1/2	Chord	3/2	1	1	1/4	1/4	1	735	hin-	in-														
49	49	235	235	1.0	3/4	3/4	Chord	3/2	1	1	1/4	1/4	1	736	-ter-	-fant														
49	49	236	236	2.0	1	1	Chord	3/2	1	1	1/2	1/2	1	737	-drein,	tread,														
49	49	232	232	0.5	0	0	Chord	3/2	2	1	1/8	1/8	1	738												110				
49	49	465/2	465/2	0.5	1/8	1/8	Chord	3/2	2	1	1/8	1/8	1	739												110				
49	49	233	233	0.5	1/4	1/4	Chord	3/2	2	1	1/8	1/8	1	740												110				
49	49	467/2	467/2	0.5	3/8	3/8	Chord	3/2	2	1	1/8	1/8	1	741																
49	49	234	234	0.5	1/2	1/2	Chord	3/2	2	1	1/8	1/8	1	742												111				
49	49	469/2	469/2	0.5	5/8	5/8	Chord	3/2	2	1	1/8	1/8	1	743																
49	49	235	235	0.5	3/4	3/4	Chord	3/2	2	1	1/8	1/8	1	744												112				
49	49	471/2	471/2	0.5	7/8	7/8	Chord	3/2	2	1	1/8	1/8	1	745																
49	49	236	236	0.5	1	1	Chord	3/2	2	1	1/8	1/8	1	746												113				
49	49	473/2	473/2	0.5	9/8	9/8	Chord	3/2	2	1	1/8	1/8	1	747																
49	49	237	237	0.5	5/4	5/4	Chord	3/2	2	1	1/8	1/8	1	748												114				
49	49	475/2	475/2	0.5	11/8	11/8	Chord	3/2	2	1	1/8	1/8	1	749																
49	49	232	232	2.0	0	0	Chord	3/2	2	2	1/2	1/2	1	750																
49	49	234	234	2.0	1/2	1/2	Chord	3/2	2	2	1/2	1/2	1	751																
49	49	236	236	2.0	1	1	Chord	3/2	2	2	1/2	1/2	1	752																
49	49	232	232	4.0	0	0	Chord	3/2	3	1	1	1	1	753																
49	49	236	236	0.5	1	1	Chord	3/2	3	1	1/8	1/8	1	754												115				
49	49	473/2	473/2	0.5	9/8	9/8	Chord	3/2	3	1	1/8	1/8	1	755																
49	49	237	237	0.5	5/4	5/4	Chord	3/2	3	1	1/8	1/8	1	756												116				
49	49	475/2	475/2	0.5	11/8	11/8	Chord	3/2	3	1	1/8	1/8	1	757																
49	49	232	232	6.0	0	0	Chord	3/2	3	2	3/2	1	3/2	758																
50	50	238	238	0.0	0	0	SystemText	3/2	1	1	0									Etwas bewegter										
50	50	238	238	0.0	0	0	StaffText	3/2	1	1	0								innig   cordiale											
50	50	238	238	0.0	0	0	Tempo	3/2	1	1	0										ùÖü=70	70.0	ùÖü	70.0	0.0					
50	50	238	238	0.0	0	0	StaffText	3/2	1	1	0								Poco pi√π moto											
50	50	238	238	0.0	0	0	Spanner	3/2	1	1	0																	8		
50	50	238	238	1.0	0	0	Chord	3/2	1	1	1/4	1/4	1	759	als	foot-												8		
50	50	239	239	1.0	1/4	1/4	Chord	3/2	1	1	1/4	1/4	1	760	wie	-steps												8		
50	50	240	240	0.0	1/2	1/2	Dynamic	3/2	1	1	0						mf													
50	50	240	240	0.0	1/2	1/2	Spanner	3/2	1	1	0																			
50	50	240	240	1.0	1/2	1/2	Chord	3/2	1	1	1/4	1/4	1	761	sonst	patter-										117				
50	50	241	241	0.0	3/4	3/4	Spanner	3/2	1	1	0																			10
50	50	241	241	1.0	3/4	3/4	Chord	3/2	1	1	1/4	1/4	1	762																10
50	50	242	242	1.0	1	1	Chord	3/2	1	1	1/4	1/4	1	763	ins	-ing										118				10
50	50	243	243	1.0	5/4	5/4	Chord	3/2	1	1	1/4	1/4	1	764																10
50	50	238	238	0.0	0	0	Spanner	3/2	2	1	0																	9		
50	50	238	238	0.5	0	0	Chord	3/2	2	1	1/8	1/8	1	765												119		9		
50	50	477/2	477/2	0.5	1/8	1/8	Chord	3/2	2	1	1/8	1/8	1	766												119		9		
50	50	239	239	0.5	1/4	1/4	Chord	3/2	2	1	1/8	1/8	1	767												119		9		
50	50	479/2	479/2	0.5	3/8	3/8	Chord	3/2	2	1	1/8	1/8	1	768														9		
50	50	240	240	0.5	1/2	1/2	Chord	3/2	2	1	1/8	1/8	1	769												120		9		
50	50	481/2	481/2	0.0	5/8	5/8	Dynamic	3/2	2	1	0						mf													
50	50	481/2	481/2	0.0	5/8	5/8	Spanner	3/2	2	1	0																			
50	50	481/2	481/2	0.5	5/8	5/8	Chord	3/2	2	1	1/8	1/8	1	770																
50	50	241	241	0.0	3/4	3/4	Spanner	3/2	2	1	0																			11
50	50	241	241	0.5	3/4	3/4	Chord	3/2	2	1	1/8	1/8	1	771												121				11
50	50	483/2	483/2	0.5	7/8	7/8	Chord	3/2	2	1	1/8	1/8	1	772																11
50	50	242	242	0.5	1	1	Chord	3/2	2	1	1/8	1/8	1	773												122				11
50	50	485/2	485/2	0.5	9/8	9/8	Chord	3/2	2	1	1/8	1/8	1	774																11
50	50	243	243	0.5	5/4	5/4	Chord	3/2	2	1	1/8	1/8	1	775												123				11
50	50	487/2	487/2	0.5	11/8	11/8	Chord	3/2	2	1	1/8	1/8	1	776																11
50	50	238	238	2.0	0	0	Chord	3/2	2	2	1/2	1/2	1	777																11
50	50	240	240	2.0	1/2	1/2	Chord	3/2	2	2	1/2	1/2	1	778																11
50	50	238	238	2.0	0	0	Chord	3/2	3	1	1/2	1/2	1	779												124				
50	50	240	240	2.0	1/2	1/2	Chord	3/2	3	1	1/2	1/2	1	780												124				
50	50	242	242	2.0	1	1	Chord	3/2	3	1	1/2	1/2	1	781																
50	50	238	238	6.0	0	0	Chord	3/2	3	2	3/2	1	3/2	782																
51	51	244	244	0.0	0	0	Dynamic	3/2	1	1	0						p													
51	51	244	244	0.0	0	0	Spanner	3/2	1	1	0																			
51	51	244	244	2.0	0	0	Chord	3/2	1	1	1/2	1/2	1	783	Zim-	near														
51	51	246	246	2.0	1/2	1/2	Chord	3/2	1	1	1/2	1/2	1	784	-mer!	me!														
51	51	244	244	0.0	0	0	Dynamic	3/2	2	1	0						p													
51	51	244	244	0.0	0	0	Spanner	3/2	2	1	0																			
51	51	244	244	2.0	0	0	Chord	3/2	2	1	1/2	1/2	1	785												125				
51	51	246	246	2.0	1/2	1/2	Chord	3/2	2	1	1/2	1/2	1	786																
51	51	248	248	0.0	1	1	StaffText	3/2	2	1	0								"zart
con tenerezza"											
51	51	248	248	1.0	1	1	Chord	3/2	2	1	1/4	1/4	1	787												126				
51	51	249	249	1.0	5/4	5/4	Chord	3/2	2	1	1/4	1/4	1	788																
51	51	244	244	2.0	0	0	Chord	3/2	3	1	1/2	1/2	1	789												127				
51	51	246	246	2.0	1/2	1/2	Chord	3/2	3	1	1/2	1/2	1	790																
51	51	244	244	4.0	0	0	Chord	3/2	3	2	1	1	1	791																
52	52	250	250	1.0	0	0	Chord	3/2	2	1	1/4	1/4	1	792												128				
52	52	251	251	1.0	1/4	1/4	Chord	3/2	2	1	1/4	1/4	1	793												128				
52	52	252	252	0.0	1/2	1/2	Spanner	3/2	2	1	0															128		10		
52	52	252	252	1.0	1/2	1/2	Chord	3/2	2	1	1/4	1/4	1	794												128		10		
52	52	253	253	1.0	3/4	3/4	Chord	3/2	2	1	1/4	1/4	1	795												128		10		
52	52	254	254	1.0	1	1	Chord	3/2	2	1	1/4	1/4	1	796												128		10		
52	52	255	255	0.0	5/4	5/4	Spanner	3/2	2	1	0																			
52	52	255	255	1.0	5/4	5/4	Chord	3/2	2	1	1/4	1/4	1	797																
52	52	250	250	2.0	0	0	Chord	3/2	2	2	1/2	1/2	1	798												129				
52	52	252	252	4.0	1/2	1/2	Chord	3/2	2	2	1	1	1	799																
52	52	250	250	2.0	0	0	Chord	3/2	3	1	1/2	1/2	1	800												130				
52	52	252	252	4.0	1/2	1/2	Chord	3/2	3	1	1	1	1	801																
52	52	250	250	6.0	0	0	Chord	3/2	3	2	3/2	1	3/2	802																
53	53	256	256	0.0	0	0	Dynamic	3/2	2	1	0						mf													
53	53	256	256	0.0	0	0	Spanner	3/2	2	1	0																			12
53	53	256	256	2.0	0	0	Chord	3/2	2	1	1/2	1/2	1	803				articAccentAbove								131				12
53	53	258	258	2.0	1/2	1/2	Chord	3/2	2	1	1/2	1/2	1	804																12
53	53	260	260	0.0	1	1	Spanner	3/2	2	1	0																			
53	53	260	260	1.0	1	1	Chord	3/2	2	1	1/4	1/4	1	805				articTenutoAbove												
53	53	261	261	0.0	5/4	5/4	Dynamic	3/2	2	1	0						p													
53	53	261	261	1.0	5/4	5/4	Chord	3/2	2	1	1/4	1/4	1	806				articTenutoAbove												
53	53	256	256	6.0	0	0	Chord	3/2	2	2	3/2	1	3/2	807				articAccentBelow												
53	53	256	256	4.0	0	0	Chord	3/2	3	1	1	1	1	808																
53	53	260	260	0.0	1	1	Spanner	3/2	3	1	0																			13
53	53	260	260	1.0	1	1	Chord	3/2	3	1	1/4	1/4	1	809				articTenutoAbove												13
53	53	261	261	1.0	5/4	5/4	Chord	3/2	3	1	1/4	1/4	1	810				articTenutoAbove												13
53	53	256	256	6.0	0	0	Chord	3/2	3	2	3/2	1	3/2	811																13
54	54	266	266	0.0	1	1	Dynamic	3/2	1	1	0						p													
54	54	266	266	1.0	1	1	Chord	3/2	1	1	1/4	1/4	1	812	O	O										132				
54	54	267	267	1.0	5/4	5/4	Chord	3/2	1	1	1/4	1/4	1	813																
54	54	262	262	0.0	0	0	Dynamic	3/2	2	1	0						pp													
54	54	262	262	2.0	0	0	Chord	3/2	2	1	1/2	1/2	1	814												133				
54	54	264	264	2.0	1/2	1/2	Chord	3/2	2	1	1/2	1/2	1	815																
54	54	266	266	1.0	1	1	Chord	3/2	2	1	1/4	1/4	1	816				articTenutoAbove												
54	54	267	267	1.0	5/4	5/4	Chord	3/2	2	1	1/4	1/4	1	817				articTenutoAbove												
54	54	262	262	4.0	0	0	Chord	3/2	2	2	1	1	1	818																
54	54	262	262	2.0	0	0	Chord	3/2	2	3	1/2	1/2	1	819												134				
54	54	264	264	2.0	1/2	1/2	Chord	3/2	2	3	1/2	1/2	1	820																
54	54	262	262	0.0	0	0	Spanner	3/2	3	1	0																			
54	54	262	262	2.0	0	0	Chord	3/2	3	1	1/2	1/2	1	821												135				
54	54	264	264	2.0	1/2	1/2	Chord	3/2	3	1	1/2	1/2	1	822																
54	54	262	262	4.0	0	0	Chord	3/2	3	2	1	1	1	823																
55	55	268	268	2.0	0	0	Chord	3/2	1	1	1/2	1/2	1	824	du,	thou,										136				
55	55	270	270	2.0	1/2	1/2	Chord	3/2	1	1	1/2	1/2	1	825																
55	55	272	272	0.0	1	1	StaffText	3/2	1	1	0								"Proromperando in dolore
Mit ausbrechendem Schmerz"											
55	55	272	272	0.0	1	1	Spanner	3/2	1	1	0																	11		
55	55	272	272	1.0	1	1	Chord	3/2	1	1	1/4	1/4	1	826	o	life's										137		11		
55	55	273	273	1.0	5/4	5/4	Chord	3/2	1	1	1/4	1/4	1	827														11		
55	55	268	268	2.0	0	0	Chord	3/2	2	1	1/2	1/2	1	828												138				
55	55	270	270	2.0	1/2	1/2	Chord	3/2	2	1	1/2	1/2	1	829																
55	55	268	268	4.0	0	0	Chord	3/2	2	2	1	1	1	830																
55	55	268	268	2.0	0	0	Chord	3/2	3	1	1/2	1/2	1	831												139				
55	55	270	270	2.0	1/2	1/2	Chord	3/2	3	1	1/2	1/2	1	832												139				
55	55	272	272	2.0	1	1	Chord	3/2	3	1	1/2	1/2	1	833																
55	55	268	268	4.0	0	0	Chord	3/2	3	2	1	1	1	834																
55	55	272	272	2.0	1	1	Chord	3/2	3	2	1/2	1/2	1	835																
56	56	274	274	0.0	0	0	Dynamic	3/2	1	1	0						mp													
56	56	274	274	0.0	0	0	Spanner	3/2	1	1	0																			
56	56	274	274	1.0	0	0	Chord	3/2	1	1	1/4	1/4	1	836	du,	boon,										140				
56	56	275	275	1.0	1/4	1/4	Chord	3/2	1	1	1/4	1/4	1	837												140				
56	56	276	276	1.0	1/2	1/2	Chord	3/2	1	1	1/4	1/4	1	838																
56	56	277	277	1.0	3/4	3/4	Chord	3/2	1	1	1/4	1/4	1	839	des	thy														
56	56	278	278	1.0	1	1	Chord	3/2	1	1	1/4	1/4	1	840	Va-	fa-														
56	56	279	279	1.0	5/4	5/4	Chord	3/2	1	1	1/4	1/4	1	841	-ters	-ther's														
56	56	274	274	6.0	0	0	Chord	3/2	2	1	3/2	1	3/2	842				articAccentAbove												
56	56	274	274	4.0	0	0	Chord	3/2	2	2	1	1	1	843																
56	56	278	278	1.0	1	1	Chord	3/2	2	2	1/4	1/4	1	844												141				
56	56	279	279	1.0	5/4	5/4	Chord	3/2	2	2	1/4	1/4	1	845																
56	56	274	274	0.0	0	0	Dynamic	3/2	3	1	0						pp													
56	56	274	274	4.0	0	0	Chord	3/2	3	1	1	1	1	846												142				
56	56	278	278	2.0	1	1	Chord	3/2	3	1	1/2	1/2	1	847												142				
57	57	280	280	1.0	0	0	Chord	3/2	1	1	1/4	1/4	1	848	Zel-	trea-										143				
57	57	281	281	1.0	1/4	1/4	Chord	3/2	1	1	1/4	1/4	1	849												143				
57	57	282	282	1.0	1/2	1/2	Chord	3/2	1	1	1/4	1/4	1	850												143				
57	57	283	283	1.0	3/4	3/4	Chord	3/2	1	1	1/4	1/4	1	851																
57	57	284	284	1.0	1	1	Chord	3/2	1	1	1/4	1/4	1	852	-le,	-sure,										144				
57	57	285	285	1.0	5/4	5/4	Chord	3/2	1	1	1/4	1/4	1	853																
57	57	280	280	2.0	0	0	Chord	3/2	2	1	1/2	1/2	1	854												145				
57	57	282	282	0.0	1/2	1/2	Spanner	3/2	2	1	0															145		12		
57	57	282	282	2.0	1/2	1/2	Chord	3/2	2	1	1/2	1/2	1	855												145		12		
57	57	284	284	0.0	1	1	Spanner	3/2	2	1	0																			
57	57	284	284	2.0	1	1	Chord	3/2	2	1	1/2	1/2	1	856																
57	57	280	280	6.0	0	0	Chord	3/2	3	1	3/2	1	3/2	857																
58	58	286	286	0.0	0	0	Spanner	4/4	1	1	0																	13		
58	58	286	286	1.0	0	0	Chord	4/4	1	1	1/4	1/4	1	858	ach,	mo-												13		
58	58	287	287	1.0	1/4	1/4	Chord	4/4	1	1	1/4	1/4	1	859	zu	-ther‚Äôs												13		
58	58	288	288	0.0	1/2	1/2	Spanner	4/4	1	1	0																			
58	58	288	288	2.0	1/2	1/2	Chord	4/4	1	1	1/2	1/2	1	860	schnel-	plea-														
58	58	286	286	0.0	0	0	Dynamic	4/4	2	1	0						f													
58	58	286	286	2.0	0	0	Chord	4/4	2	1	1/2	1/2	1	861												146				
58	58	288	288	2.0	1/2	1/2	Chord	4/4	2	1	1/2	1/2	1	862																
58	58	286	286	0.0	0	0	Dynamic	4/4	3	1	0						p													
58	58	286	286	3.0	0	0	Chord	4/4	3	1	3/4	1/2	3/2	863												147				
58	58	289	289	1.0	3/4	3/4	Chord	4/4	3	1	1/4	1/4	1	864												147				
59	59	290	290	0.0	0	0	Dynamic	4/4	1	1	0						f													
59	59	290	290	1.0	0	0	Chord	4/4	1	1	1/4	1/4	1	865												148				
59	59	291	291	1.0	1/4	1/4	Chord	4/4	1	1	1/4	1/4	1	866																
59	59	292	292	1.0	1/2	1/2	Chord	4/4	1	1	1/4	1/4	1	867	-le,	-sure,														
59	59	293	293	0.0	3/4	3/4	Dynamic	4/4	1	1	0						mf													
59	59	293	293	1.0	3/4	3/4	Chord	4/4	1	1	1/4	1/4	1	868	zu	too														
59	59	290	290	0.0	0	0	Spanner	4/4	2	1	0																			14
59	59	290	290	1.0	0	0	Chord	4/4	2	1	1/4	1/4	1	869												149				14
59	59	291	291	1.0	1/4	1/4	Chord	4/4	2	1	1/4	1/4	1	870												149				14
59	59	292	292	0.0	1/2	1/2	Spanner	4/4	2	1	0															149				
59	59	292	292	1.0	1/2	1/2	Chord	4/4	2	1	1/4	1/4	1	871												149				
59	59	293	293	0.0	3/4	3/4	Dynamic	4/4	2	1	0						mp													
59	59	293	293	1.0	3/4	3/4	Chord	4/4	2	1	1/4	1/4	1	872																
59	59	290	290	4.0	0	0	Chord	4/4	3	1	1	1	1	873																
60	60	294	294	3.0	0	0	Chord	3/2	1	1	3/4	1/2	3/2	874	schnell	soon,														
60	60	297	297	1.0	3/4	3/4	Chord	3/2	1	1	1/4	1/4	1	875	er-	thou														
60	60	298	298	1.0	1	1	Chord	3/2	1	1	1/4	1/4	1	876	-losch‚Äô-	light														
60	60	299	299	1.0	5/4	5/4	Chord	3/2	1	1	1/4	1/4	1	877	-ner	of														
60	60	294	294	0.0	0	0	Dynamic	3/2	2	1	0						f													
60	60	294	294	1.0	0	0	Chord	3/2	2	1	1/4	1/4	1	878												150				
60	60	295	295	1.0	1/4	1/4	Chord	3/2	2	1	1/4	1/4	1	879												150				
60	60	296	296	0.0	1/2	1/2	Spanner	3/2	2	1	0															150				15
60	60	296	296	1.0	1/2	1/2	Chord	3/2	2	1	1/4	1/4	1	880												150				15
60	60	297	297	1.0	3/4	3/4	Chord	3/2	2	1	1/4	1/4	1	881												150				15
60	60	298	298	1.0	1	1	Chord	3/2	2	1	1/4	1/4	1	882												150				15
60	60	299	299	0.0	5/4	5/4	Dynamic	3/2	2	1	0						mp													
60	60	299	299	0.0	5/4	5/4	Spanner	3/2	2	1	0																			
60	60	299	299	1.0	5/4	5/4	Chord	3/2	2	1	1/4	1/4	1	883																
60	60	294	294	4.0	0	0	Chord	3/2	3	1	1	1	1	884												151				
60	60	298	298	2.0	1	1	Chord	3/2	3	1	1/2	1/2	1	885																
61	61	300	300	1.0	0	0	Chord	3/2	1	1	1/4	1/4	1	886	Freu-	joy,										152				
61	61	301	301	1.0	1/4	1/4	Chord	3/2	1	1	1/4	1/4	1	887												152				
61	61	302	302	1.0	1/2	1/2	Chord	3/2	1	1	1/4	1/4	1	888												152				
61	61	303	303	1.0	3/4	3/4	Chord	3/2	1	1	1/4	1/4	1	889																
61	61	304	304	1.0	1	1	Chord	3/2	1	1	1/4	1/4	1	890	-den-	art										153				
61	61	305	305	1.0	5/4	5/4	Chord	3/2	1	1	1/4	1/4	1	891																
61	61	300	300	4.0	0	0	Chord	3/2	3	1	1	1	1	892																
61	61	304	304	0.0	1	1	Spanner	3/2	3	1	0																	14		
61	61	304	304	1.0	1	1	Chord	3/2	3	1	1/4	1/4	1	893														14		
61	61	305	305	1.0	5/4	5/4	Chord	3/2	3	1	1/4	1/4	1	894												154		14		
61	61	300	300	4.0	0	0	Chord	3/2	3	2	1	1	1	895												155		14		
61	61	304	304	2.0	1	1	Chord	3/2	3	2	1/2	1/2	1	896														14		
61	61	300	300	6.0	0	0	Chord	3/2	3	3	3/2	1	3/2	897														14		
62	62	306	306	0.0	0	0	Spanner	3/2	1	1	0																	15		
62	62	306	306	4.0	0	0	Chord	3/2	1	1	1	1	1	898	-schein,	fled,												15		
62	62	310	310	0.0	1	1	Spanner	3/2	1	1	0																			
62	62	310	310	1.0	1	1	Chord	3/2	1	1	1/4	1/4	1	899																
62	62	311	311	1.0	5/4	5/4	Chord	3/2	1	1	1/4	1/4	1	900	er-	thou,		articAccentAbove												
62	62	306	306	1.0	0	0	Chord	3/2	2	1	1/4	1/4	1	901																
62	62	307	307	0.0	1/4	1/4	Spanner	3/2	2	1	0																			16
62	62	307	307	1.0	1/4	1/4	Chord	3/2	2	1	1/4	1/4	1	902																16
62	62	308	308	1.0	1/2	1/2	Chord	3/2	2	1	1/4	1/4	1	903																16
62	62	309	309	0.0	3/4	3/4	Spanner	3/2	2	1	0																			
62	62	309	309	1.0	3/4	3/4	Chord	3/2	2	1	1/4	1/4	1	904																
62	62	310	310	1.0	1	1	Chord	3/2	2	1	1/4	1/4	1	905																
62	62	311	311	1.0	5/4	5/4	Chord	3/2	2	1	1/4	1/4	1	906																
62	62	306	306	0.0	0	0	Dynamic	3/2	3	1	0						sf									154				
62	62	306	306	0.0	0	0	Spanner	3/2	3	1	0															154				
62	62	306	306	4.0	0	0	Chord	3/2	3	1	1	1	1	907												154, 156				
62	62	310	310	2.0	1	1	Chord	3/2	3	1	1/2	1/2	1	908												154				
63	63	312	312	0.0	0	0	StaffText	3/2	1	1	0								poco ritard.											
63	63	312	312	0.0	0	0	Tempo	3/2	1	1	0										ùÖü=66	66.0	ùÖü	66.0	0.0					
63	63	312	312	1.0	0	0	Chord	3/2	1	1	1/4	1/4	1	909	-losch‚Äô-	light														
63	63	313	313	0.0	1/4	1/4	Tempo	3/2	1	1	0										ùÖü=64	64.0	ùÖü	64.0	0.0					
63	63	313	313	1.0	1/4	1/4	Chord	3/2	1	1	1/4	1/4	1	910	-ner	of														
63	63	314	314	0.0	1/2	1/2	Tempo	3/2	1	1	0										ùÖü=62	62.0	ùÖü	62.0	0.0					
63	63	314	314	2.0	1/2	1/2	Chord	3/2	1	1	1/2	1/2	1	911	Freu-	joy,										157				
63	63	316	316	0.0	1	1	Tempo	3/2	1	1	0										ùÖü=60	60.0	ùÖü	60.0	0.0					
63	63	316	316	1.0	1	1	Chord	3/2	1	1	1/4	1/4	1	912																
63	63	317	317	0.0	5/4	5/4	Tempo	3/2	1	1	0										ùÖü=58	58.0	ùÖü	58.0	0.0					
63	63	317	317	1.0	5/4	5/4	Chord	3/2	1	1	1/4	1/4	1	913	-den-	art														
63	63	312	312	0.0	0	0	StaffText	3/2	3	1	0								poco ritard.											
63	63	312	312	1.0	0	0	Chord	3/2	3	1	1/4	1/4	1	914												158				
63	63	313	313	1.0	1/4	1/4	Chord	3/2	3	1	1/4	1/4	1	915												158				
63	63	314	314	1.0	1/2	1/2	Chord	3/2	3	1	1/4	1/4	1	916												158				
63	63	315	315	1.0	3/4	3/4	Chord	3/2	3	1	1/4	1/4	1	917												158				
63	63	316	316	1.0	1	1	Chord	3/2	3	1	1/4	1/4	1	918												158				
63	63	317	317	1.0	5/4	5/4	Chord	3/2	3	1	1/4	1/4	1	919																
63	63	312	312	2.0	0	0	Chord	3/2	3	2	1/2	1/2	1	920												159				
63	63	314	314	4.0	1/2	1/2	Chord	3/2	3	2	1	1	1	921																
64	64	318	318	0.0	0	0	SystemText	3/2	1	1	0									Wie zu Anfang										
64	64	318	318	0.0	0	0	Tempo	3/2	1	1	0										"ùÖü=52
"	52.0	ùÖü	52.0	0.0					
64	64	318	318	0.0	0	0	StaffText	3/2	1	1	0								Come al principio											
64	64	318	318	2.0	0	0	Chord	3/2	1	1	1/2	1/2	1	922	-schein!	fled!														
64	64	318	318	0.5	0	0	Chord	3/2	2	1	1/8	1/8	1	923												160				
64	64	637/2	637/2	0.5	1/8	1/8	Chord	3/2	2	1	1/8	1/8	1	924																
64	64	319	319	0.5	1/4	1/4	Chord	3/2	2	1	1/8	1/8	1	925												161				
64	64	639/2	639/2	0.5	3/8	3/8	Chord	3/2	2	1	1/8	1/8	1	926																
64	64	641/2	641/2	0.5	5/8	5/8	Chord	3/2	2	1	1/8	1/8	1	927												162				
64	64	321	321	0.5	3/4	3/4	Chord	3/2	2	1	1/8	1/8	1	928												162				
64	64	643/2	643/2	0.5	7/8	7/8	Chord	3/2	2	1	1/8	1/8	1	929																
64	64	322	322	0.5	1	1	Chord	3/2	2	1	1/8	1/8	1	930												163				
64	64	645/2	645/2	0.5	9/8	9/8	Chord	3/2	2	1	1/8	1/8	1	931																
64	64	323	323	0.5	5/4	5/4	Chord	3/2	2	1	1/8	1/8	1	932												164				
64	64	647/2	647/2	0.5	11/8	11/8	Chord	3/2	2	1	1/8	1/8	1	933																
64	64	318	318	0.0	0	0	StaffText	3/2	2	2	0								ausdrucksvoll											
64	64	318	318	0.0	0	0	StaffText	3/2	2	2	0								espressivo											
64	64	318	318	0.0	0	0	Dynamic	3/2	2	2	0						p													
64	64	320	320	2.0	1/2	1/2	Chord	3/2	2	2	1/2	1/2	1	934																
64	64	322	322	2.0	1	1	Chord	3/2	2	2	1/2	1/2	1	935																
64	64	318	318	2.0	0	0	Chord	3/2	3	1	1/2	1/2	1	936																
64	64	320	320	4.0	1/2	1/2	Chord	3/2	3	1	1	1	1	937																
64	64	318	318	0.0	0	0	Dynamic	3/2	3	2	0						pp													
64	64	318	318	1.0	0	0	Chord	3/2	3	2	1/4	1/4	1	938												165				
64	64	319	319	1.0	1/4	1/4	Chord	3/2	3	2	1/4	1/4	1	939												165				
64	64	320	320	1.0	1/2	1/2	Chord	3/2	3	2	1/4	1/4	1	940												165				
64	64	321	321	1.0	3/4	3/4	Chord	3/2	3	2	1/4	1/4	1	941												165				
64	64	322	322	1.0	1	1	Chord	3/2	3	2	1/4	1/4	1	942												165				
64	64	323	323	1.0	5/4	5/4	Chord	3/2	3	2	1/4	1/4	1	943																
65	65	324	324	2.0	0	0	Chord	4/4	2	1	1/2	1/2	1	944												166				
65	65	326	326	2.0	1/2	1/2	Chord	4/4	2	1	1/2	1/2	1	945																
65	65	324	324	0.5	0	0	Chord	4/4	3	1	1/8	1/8	1	946												167				
65	65	649/2	649/2	0.5	1/8	1/8	Chord	4/4	3	1	1/8	1/8	1	947																
65	65	325	325	0.5	1/4	1/4	Chord	4/4	3	1	1/8	1/8	1	948												168				
65	65	651/2	651/2	0.5	3/8	3/8	Chord	4/4	3	1	1/8	1/8	1	949																
65	65	653/2	653/2	0.5	5/8	5/8	Chord	4/4	3	1	1/8	1/8	1	950												169				
65	65	327	327	0.5	3/4	3/4	Chord	4/4	3	1	1/8	1/8	1	951												169				
65	65	655/2	655/2	0.5	7/8	7/8	Chord	4/4	3	1	1/8	1/8	1	952																
65	65	324	324	2.0	0	0	Chord	4/4	3	2	1/2	1/2	1	953																
65	65	326	326	2.0	1/2	1/2	Chord	4/4	3	2	1/2	1/2	1	954																
65	65	324	324	1.0	0	0	Chord	4/4	3	3	1/4	1/4	1	955												170				
65	65	325	325	1.0	1/4	1/4	Chord	4/4	3	3	1/4	1/4	1	956												170				
65	65	326	326	1.0	1/2	1/2	Chord	4/4	3	3	1/4	1/4	1	957												170				
65	65	327	327	1.0	3/4	3/4	Chord	4/4	3	3	1/4	1/4	1	958																
66	66	328	328	0.0	0	0	Spanner	4/4	2	1	0																	16		
66	66	328	328	1.0	0	0	Chord	4/4	2	1	1/4	1/4	1	959												171		16		
66	66	329	329	1.0	1/4	1/4	Chord	4/4	2	1	1/4	1/4	1	960														16		
66	66	330	330	0.0	1/2	1/2	Dynamic	4/4	2	1	0						mf													
66	66	330	330	0.0	1/2	1/2	Spanner	4/4	2	1	0																			
66	66	330	330	0.0	1/2	1/2	Spanner	4/4	2	1	0																			17
66	66	330	330	1.0	1/2	1/2	Chord	4/4	2	1	1/4	1/4	1	961												172				17
66	66	331	331	1.0	3/4	3/4	Chord	4/4	2	1	1/4	1/4	1	962																17
66	66	328	328	4.0	0	0	Chord	4/4	3	1	1	1	1	963																
66	66	328	328	2.0	0	0	Chord	4/4	3	2	1/2	1/2	1	964																
66	66	330	330	2.0	1/2	1/2	Chord	4/4	3	2	1/2	1/2	1	965																
67	67	332	332	0.0	0	0	Dynamic	4/4	2	1	0						p													
67	67	332	332	0.0	0	0	Spanner	4/4	2	1	0																			
67	67	332	332	3.0	0	0	Chord	4/4	2	1	3/4	1/2	3/2	966												173				
67	67	335	335	1.0	3/4	3/4	Chord	4/4	2	1	1/4	1/4	1	967																
67	67	332	332	1.0	0	0	Chord	4/4	3	1	1/4	1/4	1	968												174				
67	67	333	333	3.0	1/4	1/4	Chord	4/4	3	1	3/4	1/2	3/2	969																
67	67	332	332	4.0	0	0	Chord	4/4	3	2	1	1	1	970																
67	67	332	332	0.5	0	0	Chord	4/4	3	3	1/8	1/8	1	971												175				
67	67	665/2	665/2	0.5	1/8	1/8	Chord	4/4	3	3	1/8	1/8	1	972																
67	67	333	333	0.5	1/4	1/4	Chord	4/4	3	3	1/8	1/8	1	973												176				
67	67	667/2	667/2	0.0	3/8	3/8	Spanner	4/4	3	3	0																	17		
67	67	667/2	667/2	0.5	3/8	3/8	Chord	4/4	3	3	1/8	1/8	1	974														17		
67	67	334	334	0.5	1/2	1/2	Chord	4/4	3	3	1/8	1/8	1	975												177		17		
67	67	669/2	669/2	0.5	5/8	5/8	Chord	4/4	3	3	1/8	1/8	1	976														17		
67	67	335	335	0.5	3/4	3/4	Chord	4/4	3	3	1/8	1/8	1	977				articAccentBelow								178		17		
67	67	671/2	671/2	0.0	7/8	7/8	Spanner	4/4	3	3	0																			
67	67	671/2	671/2	0.5	7/8	7/8	Chord	4/4	3	3	1/8	1/8	1	978																
68	68	336	336	0.0	0	0	Tempo	4/4	1	1	0										ùÖü=56	56.0	ùÖü	56.0	0.0					
68	68	337	337	0.0	1/4	1/4	Tempo	4/4	1	1	0										ùÖü=54.7	55.0	ùÖü	54.7	0.0					
68	68	338	338	0.0	1/2	1/2	Tempo	4/4	1	1	0										ùÖü=53.3	53.0	ùÖü	53.3	0.0					
68	68	339	339	0.0	3/4	3/4	Tempo	4/4	1	1	0										ùÖü=52	52.0	ùÖü	52.0	0.0					
68	68	336	336	0.0	0	0	Dynamic	4/4	2	1	0						mf													
68	68	336	336	0.0	0	0	Spanner	4/4	2	1	0																			18
68	68	336	336	1.0	0	0	Chord	4/4	2	1	1/4	1/4	1	979												179				18
68	68	337	337	0.0	1/4	1/4	Spanner	4/4	2	1	0																			
68	68	337	337	1.0	1/4	1/4	Chord	4/4	2	1	1/4	1/4	1	980																
68	68	338	338	0.0	1/2	1/2	StaffText	4/4	2	1	0								poco rit. morendo											
68	68	338	338	0.0	1/2	1/2	Dynamic	4/4	2	1	0						p													
68	68	338	338	2.0	1/2	1/2	Chord	4/4	2	1	1/2	1/2	1	981																
68	68	336	336	2.0	0	0	Chord	4/4	3	1	1/2	1/2	1	982																
68	68	338	338	0.0	1/2	1/2	Spanner	4/4	3	1	0																			19
68	68	339	339	1.0	3/4	3/4	Chord	4/4	3	1	1/4	1/4	1	983												180				19
68	68	336	336	4.0	0	0	Chord	4/4	3	2	1	1	1	984																19
69	69	340	340	0.0	0	0	Tempo	4/4	1	1	0										ùÖü=50.7	51.0	ùÖü	50.7	0.0					
69	69	341	341	0.0	1/4	1/4	Tempo	4/4	1	1	0										ùÖü=49.3	49.0	ùÖü	49.3	0.0					
69	69	342	342	0.0	1/2	1/2	Tempo	4/4	1	1	0										ùÖü=48	48.0	ùÖü	48.0	0.0					
69	69	340	340	2.0	0	0	Chord	4/4	2	1	1/2	1/2	1	985																
69	69	342	342	2.0	1/2	1/2	Chord	4/4	2	1	1/2	1/2	1	986																
69	69	340	340	1.0	0	0	Chord	4/4	3	1	1/4	1/4	1	987												180				19
69	69	341	341	0.0	1/4	1/4	Dynamic	4/4	3	1	0						pp									180				
69	69	341	341	0.0	1/4	1/4	Spanner	4/4	3	1	0															180				
69	69	341	341	1.0	1/4	1/4	Chord	4/4	3	1	1/4	1/4	1	988												180				
69	69	342	342	2.0	1/2	1/2	Chord	4/4	3	1	1/2	1/2	1	989																
69	69	340	340	1.0	0	0	Chord	4/4	3	2	1/4	1/4	1	990																
70	70	344	344	0.0	0	0	Tempo	4/4	1	1	0										ùÖü=45.3	45.0	ùÖü	45.3	0.0					
70	70	344	344	4.0	0	0	Chord	4/4	2	1	1	1	1	991																
70	70	344	344	4.0	0	0	Chord	4/4	3	1	1	1	1	992																
70	70	344	344	0.0	0	0	Dynamic	4/4	3	2	0						ppp													
70	70	344	344	4.0	0	0	Chord	4/4	3	2	1	1	1	993																
