mc	mn	quarterbeats	quarterbeats_all_endings	duration_qb	mc_onset	mn_onset	event	timesig	staff	voice	duration	gracenote	nominal_duration	scalar	chord_id	lyrics_1	lyrics_2	dynamics	articulation	staff_text	system_text	tempo	qpm	metronome_base	metronome_number	tempo_visible	slur	diminuendo_line	HairPin:3_dim.  	decrescendo_hairpin	crescendo_hairpin
1	0	0	0	0.0	0	3/4	Tempo	4/4	1	1	0											ùÖü=56	56.0	ùÖü	56.0	0.0					
1	0	0	0	0.0	0	3/4	SystemText	4/4	1	1	0										Langsam und schwerm√ºtig, nicht schleppend										
1	0	0	0	0.0	0	3/4	StaffText	4/4	1	1	0									Lento e malincolico, ma non strascinando											
1	0	0	0	0.0	0	3/4	Dynamic	4/4	2	1	0							p													
1	0	0	0	1.0	0	3/4	Chord	4/4	2	1	1/4		1/4	1	0												0				
2	1	1	1	1.0	0	0	Chord	4/4	2	1	1/4		1/4	1	1												0				
2	1	2	2	1.0	1/4	1/4	Chord	4/4	2	1	1/4		1/4	1	2												0				
2	1	3	3	1.0	1/2	1/2	Chord	4/4	2	1	1/4		1/4	1	3												0				
2	1	4	4	1.0	3/4	3/4	Chord	4/4	2	1	1/4		1/4	1	4												0				
2	1	1	1	2.0	0	0	Chord	4/4	3	1	1/2		1/2	1	5												1				
2	1	3	3	1.0	1/2	1/2	Chord	4/4	3	1	1/4		1/4	1	6												1				
2	1	4	4	1.0	3/4	3/4	Chord	4/4	3	1	1/4		1/4	1	7												1				
3	2	5	5	1.0	0	0	Chord	4/4	2	1	1/4		1/4	1	8												0				
3	2	6	6	1.0	1/4	1/4	Chord	4/4	2	1	1/4		1/4	1	9												0				
3	2	7	7	1.0	1/2	1/2	Chord	4/4	2	1	1/4		1/4	1	10												0				
3	2	8	8	0.5	3/4	3/4	Chord	4/4	2	1	1/8		1/8	1	11												0				
3	2	17/2	17/2	0.5	7/8	7/8	Chord	4/4	2	1	1/8		1/8	1	12												0				
3	2	5	5	2.0	0	0	Chord	4/4	3	1	1/2		1/2	1	13												1				
3	2	7	7	1.0	1/2	1/2	Chord	4/4	3	1	1/4		1/4	1	14												1				
3	2	8	8	0.5	3/4	3/4	Chord	4/4	3	1	1/8		1/8	1	15												1				
3	2	17/2	17/2	0.5	7/8	7/8	Chord	4/4	3	1	1/8		1/8	1	16												1				
4	3	9	9	1.0	0	0	Chord	4/4	2	1	1/4		1/4	1	17												0				
4	3	10	10	1.0	1/4	1/4	Chord	4/4	2	1	1/4		1/4	1	18												0				
4	3	11	11	1.0	1/2	1/2	Chord	4/4	2	1	1/4		1/4	1	19												0				
4	3	12	12	0.5	3/4	3/4	Chord	4/4	2	1	1/8		1/8	1	20												0				
4	3	25/2	25/2	0.5	7/8	7/8	Chord	4/4	2	1	1/8		1/8	1	21												0				
4	3	9	9	1.0	0	0	Chord	4/4	3	1	1/4		1/4	1	22												1				
4	3	10	10	1.0	1/4	1/4	Chord	4/4	3	1	1/4		1/4	1	23												1				
4	3	11	11	1.0	1/2	1/2	Chord	4/4	3	1	1/4		1/4	1	24												1				
4	3	12	12	1.0	3/4	3/4	Chord	4/4	3	1	1/4		1/4	1	25												1				
5	4	16	16	0.0	3/4	3/4	Dynamic	4/4	1	1	0							p													
5	4	16	16	1.0	3/4	3/4	Chord	4/4	1	1	1/4		1/4	1	26	Nun	Once										2				
5	4	13	13	1.0	0	0	Chord	4/4	2	1	1/4		1/4	1	27												0				
5	4	14	14	1.0	1/4	1/4	Chord	4/4	2	1	1/4		1/4	1	28												0				
5	4	15	15	2.0	1/2	1/2	Chord	4/4	2	1	1/2		1/2	1	29																
5	4	13	13	3.0	0	0	Chord	4/4	3	1	3/4		1/2	3/2	30																
5	4	16	16	1.0	3/4	3/4	Chord	4/4	3	1	1/4		1/4	1	31												3				
6	5	17	17	3.0	0	0	Chord	4/4	1	1	3/4		1/2	3/2	32	will	more										2				
6	5	20	20	1.0	3/4	3/4	Chord	4/4	1	1	1/4		1/4	1	33	die	the										2				
6	5	18	18	1.0	1/4	1/4	Chord	4/4	2	1	1/4		1/4	1	34												4				
6	5	19	19	2.0	1/2	1/2	Chord	4/4	2	1	1/2		1/2	1	35																
6	5	17	17	3.0	0	0	Chord	4/4	3	1	3/4		1/2	3/2	36																
7	6	21	21	3.0	0	0	Chord	4/4	1	1	3/4		1/2	3/2	37	Sonn‚Äô	sun										2				
7	6	24	24	1.0	3/4	3/4	Chord	4/4	1	1	1/4		1/4	1	38	so	would										2				
7	6	22	22	1.0	1/4	1/4	Chord	4/4	2	1	1/4		1/4	1	39												5				
7	6	23	23	2.0	1/2	1/2	Chord	4/4	2	1	1/2		1/2	1	40												6				
7	6	21	21	3.0	0	0	Chord	4/4	3	1	3/4		1/2	3/2	41																
8	7	25	25	3.0	0	0	Chord	4/4	1	1	3/4		1/2	3/2	42	hell	gild										2				
8	7	28	28	1.0	3/4	3/4	Chord	4/4	1	1	1/4		1/4	1	43	auf-	the										2				
8	7	25	25	4.0	0	0	Chord	4/4	2	1	1		1	1	44												7				
8	7	26	26	1.0	1/4	1/4	Chord	4/4	3	1	1/4		1/4	1	45												8				
8	7	27	27	2.0	1/2	1/2	Chord	4/4	3	1	1/2		1/2	1	46												9				
9	8	29	29	4.0	0	0	Chord	4/4	1	1	1		1	1	47	-geh‚Äôn,	morn,														
9	8	29	29	3.0	0	0	Chord	4/4	2	1	3/4		1/2	3/2	48																
9	8	32	32	1.0	3/4	3/4	Chord	4/4	2	1	1/4		1/4	1	49				articAccentAbove								10				
9	8	29	29	4.0	0	0	Chord	4/4	3	1	1		1	1	50																
9	8	30	30	1.0	1/4	1/4	Chord	4/4	3	2	1/4		1/4	1	51												11				
9	8	31	31	2.0	1/2	1/2	Chord	4/4	3	2	1/2		1/2	1	52																
10	9	33	33	1.0	0	0	Chord	4/4	2	1	1/4		1/4	1	53				articAccentAbove								10				
10	9	34	34	1.0	1/4	1/4	Chord	4/4	2	1	1/4		1/4	1	54												10				
10	9	35	35	1.0	1/2	1/2	Chord	4/4	2	1	1/4		1/4	1	55												10				
10	9	36	36	1.0	3/4	3/4	Chord	4/4	2	1	1/4		1/4	1	56												10				
11	10	40	40	0.0	3/4	3/4	Dynamic	4/4	1	1	0							pp													
11	10	40	40	1.0	3/4	3/4	Chord	4/4	1	1	1/4		1/4	1	57	als	as														
11	10	37	37	1.5	0	0	Chord	4/4	2	1	3/8		1/4	3/2	58												10				
11	10	77/2	77/2	0.5	3/8	3/8	Chord	4/4	2	1	1/8		1/8	1	59												10				
11	10	39	39	2.0	1/2	1/2	Chord	4/4	2	1	1/2		1/2	1	60																
11	10	37	37	4.0	0	0	Chord	4/4	2	2	1		1	1	61																
11	10	37	37	3.0	0	0	Chord	4/4	3	1	3/4		1/2	3/2	62												12				
11	10	40	40	1.0	3/4	3/4	Chord	4/4	3	1	1/4		1/4	1	63																
12	11	41	41	0.0	0	0	StaffText	4/4	1	1	0									mit verhaltener Stimme											
12	11	41	41	0.0	0	0	StaffText	4/4	1	1	0									con suono smorzare											
12	11	41	41	2.0	0	0	Chord	4/4	1	1	1/2		1/2	1	64	sei	though										13				
12	11	43	43	1.5	1/2	1/2	Chord	4/4	1	1	3/8		1/4	3/2	65																
12	11	89/2	89/2	0.5	7/8	7/8	Chord	4/4	1	1	1/8		1/8	1	66	kein	Night's														
12	11	41	41	0.0	0	0	Dynamic	4/4	2	1	0							pp													
12	11	41	41	2.0	0	0	Chord	4/4	2	1	1/2		1/2	1	67												14				
12	11	43	43	2.0	1/2	1/2	Chord	4/4	2	1	1/2		1/2	1	68																
12	11	41	41	0.5	0	0	Chord	4/4	3	1	1/8		1/8	1	69												15				
12	11	83/2	83/2	0.5	1/8	1/8	Chord	4/4	3	1	1/8		1/8	1	70												15				
12	11	42	42	0.5	1/4	1/4	Chord	4/4	3	1	1/8		1/8	1	71												15				
12	11	85/2	85/2	0.5	3/8	3/8	Chord	4/4	3	1	1/8		1/8	1	72												15				
12	11	43	43	0.5	1/2	1/2	Chord	4/4	3	1	1/8		1/8	1	73												15				
12	11	87/2	87/2	0.5	5/8	5/8	Chord	4/4	3	1	1/8		1/8	1	74												15				
12	11	44	44	0.5	3/4	3/4	Chord	4/4	3	1	1/8		1/8	1	75												15				
12	11	89/2	89/2	0.5	7/8	7/8	Chord	4/4	3	1	1/8		1/8	1	76																
13	12	45	45	0.5	0	0	Chord	4/4	1	1	1/8		1/8	1	77	Un-	dark-										16				
13	12	91/2	91/2	0.5	1/8	1/8	Chord	4/4	1	1	1/8		1/8	1	78																
13	12	46	46	2.0	1/4	1/4	Chord	4/4	1	1	1/2		1/2	1	79	-gl√ºck,	-ness,														
13	12	48	48	0.0	3/4	3/4	Spanner	4/4	1	1	0																				0
13	12	48	48	0.5	3/4	3/4	Chord	4/4	1	1	1/8		1/8	1	80	kein	Night's										17				0
13	12	97/2	97/2	0.5	7/8	7/8	Chord	4/4	1	1	1/8		1/8	1	81																0
13	12	45	45	1.0	0	0	Chord	4/4	2	1	1/4		1/4	1	82												18				
13	12	46	46	2.0	1/4	1/4	Chord	4/4	2	1	1/2		1/2	1	83												18				
13	12	48	48	0.5	3/4	3/4	Chord	4/4	2	1	1/8		1/8	1	84												18				
13	12	97/2	97/2	0.5	7/8	7/8	Chord	4/4	2	1	1/8		1/8	1	85																
13	12	45	45	0.5	0	0	Chord	4/4	3	1	1/8		1/8	1	86												19				
13	12	91/2	91/2	0.5	1/8	1/8	Chord	4/4	3	1	1/8		1/8	1	87												19				
13	12	46	46	0.5	1/4	1/4	Chord	4/4	3	1	1/8		1/8	1	88												19				
13	12	93/2	93/2	0.5	3/8	3/8	Chord	4/4	3	1	1/8		1/8	1	89												19				
13	12	47	47	0.5	1/2	1/2	Chord	4/4	3	1	1/8		1/8	1	90												19				
13	12	95/2	95/2	0.5	5/8	5/8	Chord	4/4	3	1	1/8		1/8	1	91												19				
13	12	48	48	0.5	3/4	3/4	Chord	4/4	3	1	1/8		1/8	1	92												19				
13	12	97/2	97/2	0.5	7/8	7/8	Chord	4/4	3	1	1/8		1/8	1	93																
14	13	49	49	0.5	0	0	Chord	4/4	1	1	1/8		1/8	1	94	Un-	dark-										20				0
14	13	99/2	99/2	0.5	1/8	1/8	Chord	4/4	1	1	1/8		1/8	1	95																0
14	13	50	50	1.5	1/4	1/4	Chord	4/4	1	1	3/8		1/4	3/2	96	-gl√ºck	-ness										21				0
14	13	103/2	103/2	0.0	5/8	5/8	Spanner	4/4	1	1	0																				
14	13	103/2	103/2	0.5	5/8	5/8	Chord	4/4	1	1	1/8		1/8	1	97																
14	13	52	52	0.0	3/4	3/4	Spanner	4/4	1	1	0																			0	
14	13	52	52	0.5	3/4	3/4	Chord	4/4	1	1	1/8		1/8	1	98	die	had										22			0	
14	13	105/2	105/2	0.5	7/8	7/8	Chord	4/4	1	1	1/8		1/8	1	99															0	
14	13	49	49	1.0	0	0	Chord	4/4	2	1	1/4		1/4	1	100												23				
14	13	50	50	1.5	1/4	1/4	Chord	4/4	2	1	3/8		1/4	3/2	101												23				
14	13	103/2	103/2	0.5	5/8	5/8	Chord	4/4	2	1	1/8		1/8	1	102												23				
14	13	52	52	0.5	3/4	3/4	Chord	4/4	2	1	1/8		1/8	1	103												23				
14	13	105/2	105/2	0.5	7/8	7/8	Chord	4/4	2	1	1/8		1/8	1	104																
14	13	49	49	0.5	0	0	Chord	4/4	3	1	1/8		1/8	1	105												24				
14	13	99/2	99/2	0.5	1/8	1/8	Chord	4/4	3	1	1/8		1/8	1	106												24				
14	13	50	50	0.5	1/4	1/4	Chord	4/4	3	1	1/8		1/8	1	107												24				
14	13	101/2	101/2	0.5	3/8	3/8	Chord	4/4	3	1	1/8		1/8	1	108												24				
14	13	51	51	0.5	1/2	1/2	Chord	4/4	3	1	1/8		1/8	1	109												24				
14	13	103/2	103/2	0.5	5/8	5/8	Chord	4/4	3	1	1/8		1/8	1	110												24				
14	13	52	52	0.5	3/4	3/4	Chord	4/4	3	1	1/8		1/8	1	111												24				
14	13	105/2	105/2	0.5	7/8	7/8	Chord	4/4	3	1	1/8		1/8	1	112																
15	14	53	53	0.5	0	0	Chord	4/4	1	1	1/8		1/8	1	113	Nacht	wrought										25			0	
15	14	107/2	107/2	0.5	1/8	1/8	Chord	4/4	1	1	1/8		1/8	1	114												25			0	
15	14	54	54	0.0	1/4	1/4	Dynamic	4/4	1	1	0							pp									25				
15	14	54	54	0.0	1/4	1/4	Spanner	4/4	1	1	0																25				
15	14	54	54	0.5	1/4	1/4	Chord	4/4	1	1	1/8		1/8	1	115												25				
15	14	109/2	109/2	0.5	3/8	3/8	Chord	4/4	1	1	1/8		1/8	1	116												25				
15	14	55	55	0.0	1/2	1/2	Chord	4/4	1	1	0	grace16after	1/16	1	117												25				
15	14	55	55	0.0	1/2	1/2	Chord	4/4	1	1	0	grace16after	1/16	1	118												25				
15	14	55	55	1.0	1/2	1/2	Chord	4/4	1	1	1/4		1/4	1	119												25				
15	14	56	56	0.5	3/4	3/4	Chord	4/4	1	1	1/8		1/8	1	120																
15	14	113/2	113/2	0.5	7/8	7/8	Chord	4/4	1	1	1/8		1/8	1	121	ge-	no														
15	14	53	53	0.5	0	0	Chord	4/4	2	1	1/8		1/8	1	122												26				
15	14	107/2	107/2	0.5	1/8	1/8	Chord	4/4	2	1	1/8		1/8	1	123												26				
15	14	54	54	0.5	1/4	1/4	Chord	4/4	2	1	1/8		1/8	1	124												26				
15	14	109/2	109/2	0.5	3/8	3/8	Chord	4/4	2	1	1/8		1/8	1	125												26				
15	14	55	55	1.0	1/2	1/2	Chord	4/4	2	1	1/4		1/4	1	126												26				
15	14	56	56	0.5	3/4	3/4	Chord	4/4	2	1	1/8		1/8	1	127												26				
15	14	113/2	113/2	0.5	7/8	7/8	Chord	4/4	2	1	1/8		1/8	1	128																
15	14	53	53	0.5	0	0	Chord	4/4	3	1	1/8		1/8	1	129												27				
15	14	107/2	107/2	0.5	1/8	1/8	Chord	4/4	3	1	1/8		1/8	1	130												27				
15	14	54	54	0.5	1/4	1/4	Chord	4/4	3	1	1/8		1/8	1	131												27				
15	14	109/2	109/2	0.5	3/8	3/8	Chord	4/4	3	1	1/8		1/8	1	132												27				
15	14	55	55	0.5	1/2	1/2	Chord	4/4	3	1	1/8		1/8	1	133												27				
15	14	111/2	111/2	0.5	5/8	5/8	Chord	4/4	3	1	1/8		1/8	1	134												27				
15	14	56	56	0.5	3/4	3/4	Chord	4/4	3	1	1/8		1/8	1	135												27				
15	14	113/2	113/2	0.5	7/8	7/8	Chord	4/4	3	1	1/8		1/8	1	136																
16	15	57	57	1.0	0	0	Chord	4/4	1	1	1/4		1/4	1	137	-scheh‚Äôn!	harm!										28				
16	15	58	58	2.0	1/4	1/4	Chord	4/4	1	1	1/2		1/2	1	138																
16	15	57	57	1.0	0	0	Chord	4/4	2	1	1/4		1/4	1	139												29				
16	15	58	58	2.0	1/4	1/4	Chord	4/4	2	1	1/2		1/2	1	140																
16	15	60	60	0.5	3/4	3/4	Chord	4/4	2	1	1/8		1/8	1	141												30				
16	15	121/2	121/2	0.0	7/8	7/8	StaffText	4/4	2	1	0									ausdrucksvoll											
16	15	121/2	121/2	0.0	7/8	7/8	StaffText	4/4	2	1	0									espressivo											
16	15	121/2	121/2	0.5	7/8	7/8	Chord	4/4	2	1	1/8		1/8	1	142																
16	15	57	57	0.5	0	0	Chord	4/4	3	1	1/8		1/8	1	143																
16	15	115/2	115/2	0.5	1/8	1/8	Chord	4/4	3	1	1/8		1/8	1	144																
16	15	58	58	0.5	1/4	1/4	Chord	4/4	3	1	1/8		1/8	1	145																
16	15	117/2	117/2	0.5	3/8	3/8	Chord	4/4	3	1	1/8		1/8	1	146												31				
16	15	59	59	0.5	1/2	1/2	Chord	4/4	3	1	1/8		1/8	1	147																
16	15	119/2	119/2	0.5	5/8	5/8	Chord	4/4	3	1	1/8		1/8	1	148																
16	15	58	58	2.0	1/4	1/4	Chord	4/4	3	2	1/2		1/2	1	149												32				
16	15	60	60	1.0	3/4	3/4	Chord	4/4	3	2	1/4		1/4	1	150																
17	16	61	61	1.0	0	0	Chord	4/4	2	1	1/4		1/4	1	151												33				
17	16	62	62	2.0	1/4	1/4	Chord	4/4	2	1	1/2		1/2	1	152																
17	16	64	64	0.5	3/4	3/4	Chord	4/4	2	1	1/8		1/8	1	153												34				
17	16	129/2	129/2	0.5	7/8	7/8	Chord	4/4	2	1	1/8		1/8	1	154																
17	16	61	61	3.0	0	0	Chord	4/4	3	1	3/4		1/2	3/2	155												35				
17	16	64	64	1.0	3/4	3/4	Chord	4/4	3	1	1/4		1/4	1	156																
17	16	61	61	1.5	0	0	Chord	4/4	3	2	3/8		1/4	3/2	157												36				
17	16	125/2	125/2	1.0	3/8	3/8	Chord	4/4	3	2	1/4		1/4	1	158																
17	16	127/2	127/2	1.0	5/8	5/8	Chord	4/4	3	2	1/4		1/4	1	159																
17	16	129/2	129/2	0.5	7/8	7/8	Chord	4/4	3	2	1/8		1/8	1	160																
17	16	61	61	4.0	0	0	Chord	4/4	3	3	1		1	1	161																
18	17	65	65	0.0	0	0	Spanner	4/4	2	1	0																				1
18	17	65	65	0.5	0	0	Chord	4/4	2	1	1/8		1/8	1	162												37				1
18	17	131/2	131/2	0.5	1/8	1/8	Chord	4/4	2	1	1/8		1/8	1	163												37				1
18	17	66	66	0.5	1/4	1/4	Chord	4/4	2	1	1/8		1/8	1	164												37				1
18	17	133/2	133/2	0.5	3/8	3/8	Chord	4/4	2	1	1/8		1/8	1	165												37				1
18	17	67	67	0.5	1/2	1/2	Chord	4/4	2	1	1/8		1/8	1	166												37				1
18	17	135/2	135/2	0.5	5/8	5/8	Chord	4/4	2	1	1/8		1/8	1	167												37				1
18	17	68	68	0.0	3/4	3/4	Spanner	4/4	2	1	0																37				
18	17	68	68	0.5	3/4	3/4	Chord	4/4	2	1	1/8		1/8	1	168				articAccentBelow								37				
18	17	137/2	137/2	0.5	7/8	7/8	Chord	4/4	2	1	1/8		1/8	1	169				articAccentBelow								37				
18	17	65	65	1.0	0	0	Chord	4/4	3	1	1/4		1/4	1	170												38				
18	17	66	66	1.0	1/4	1/4	Chord	4/4	3	1	1/4		1/4	1	171												38				
18	17	67	67	1.0	1/2	1/2	Chord	4/4	3	1	1/4		1/4	1	172												38				
18	17	68	68	1.0	3/4	3/4	Chord	4/4	3	1	1/4		1/4	1	173																
18	17	65	65	0.5	0	0	Chord	4/4	3	2	1/8		1/8	1	174												39				
18	17	131/2	131/2	0.5	1/8	1/8	Chord	4/4	3	2	1/8		1/8	1	175												39				
18	17	66	66	0.5	1/4	1/4	Chord	4/4	3	2	1/8		1/8	1	176												39				
18	17	133/2	133/2	0.5	3/8	3/8	Chord	4/4	3	2	1/8		1/8	1	177												39				
18	17	67	67	0.5	1/2	1/2	Chord	4/4	3	2	1/8		1/8	1	178												39				
18	17	135/2	135/2	0.5	5/8	5/8	Chord	4/4	3	2	1/8		1/8	1	179												39				
18	17	68	68	0.5	3/4	3/4	Chord	4/4	3	2	1/8		1/8	1	180												39				
18	17	137/2	137/2	0.5	7/8	7/8	Chord	4/4	3	2	1/8		1/8	1	181																
19	18	69	69	1.0	0	0	Chord	4/4	2	1	1/4		1/4	1	182																
19	18	70	70	1.5	1/4	1/4	Chord	4/4	2	1	3/8		1/4	3/2	183												40				
19	18	143/2	143/2	0.5	5/8	5/8	Chord	4/4	2	1	1/8		1/8	1	184												40				
19	18	72	72	0.5	3/4	3/4	Chord	4/4	2	1	1/8		1/8	1	185												40				
19	18	145/2	145/2	0.5	7/8	7/8	Chord	4/4	2	1	1/8		1/8	1	186																
19	18	69	69	0.5	0	0	Chord	4/4	2	2	1/8		1/8	1	187												41				
19	18	139/2	139/2	0.5	1/8	1/8	Chord	4/4	2	2	1/8		1/8	1	188																
19	18	70	70	0.5	1/4	1/4	Chord	4/4	2	2	1/8		1/8	1	189																
19	18	141/2	141/2	0.5	3/8	3/8	Chord	4/4	2	2	1/8		1/8	1	190																
19	18	71	71	1.0	1/2	1/2	Chord	4/4	2	2	1/4		1/4	1	191												42				
19	18	72	72	1.0	3/4	3/4	Chord	4/4	2	2	1/4		1/4	1	192																
19	18	69	69	3.0	0	0	Chord	4/4	3	1	3/4		1/2	3/2	193												43				
19	18	72	72	1.0	3/4	3/4	Chord	4/4	3	1	1/4		1/4	1	194																
20	19	73	73	3.0	0	0	Chord	4/4	2	1	3/4		1/2	3/2	195												44				
20	19	76	76	0.5	3/4	3/4	Chord	4/4	2	1	1/8		1/8	1	196				articAccentAbove								44				
20	19	153/2	153/2	0.5	7/8	7/8	Chord	4/4	2	1	1/8		1/8	1	197				articAccentAbove												
20	19	73	73	2.0	0	0	Chord	4/4	3	1	1/2		1/2	1	198												45				
20	19	75	75	1.0	1/2	1/2	Chord	4/4	3	1	1/4		1/4	1	199												45				
20	19	76	76	1.0	3/4	3/4	Chord	4/4	3	1	1/4		1/4	1	200																
20	19	73	73	4.0	0	0	Chord	4/4	3	2	1		1	1	201																
21	20	157/2	157/2	0.0	3/8	3/8	Dynamic	4/4	2	1	0							pp													
21	20	79	79	0.0	1/2	1/2	StaffText	4/4	2	1	0									l.H.											
21	20	79	79	1.0	1/2	1/2	Chord	4/4	2	1	1/4		1/4	1	202																
21	20	80	80	1.0	3/4	3/4	Chord	4/4	2	1	1/4		1/4	1	203																
21	20	77	77	4.0	0	0	Chord	4/4	2	2	1		1	1	204																
21	20	155/2	155/2	0.5	1/8	1/8	Chord	4/4	3	1	1/8		1/8	1	205												46				
21	20	78	78	0.5	1/4	1/4	Chord	4/4	3	1	1/8		1/8	1	206												46				
21	20	157/2	157/2	0.5	3/8	3/8	Chord	4/4	3	1	1/8		1/8	1	207												46				
21	20	79	79	0.5	1/2	1/2	Chord	4/4	3	1	1/8		1/8	1	208												46				
21	20	159/2	159/2	0.5	5/8	5/8	Chord	4/4	3	1	1/8		1/8	1	209												46				
21	20	80	80	0.5	3/4	3/4	Chord	4/4	3	1	1/8		1/8	1	210												46				
21	20	161/2	161/2	0.5	7/8	7/8	Chord	4/4	3	1	1/8		1/8	1	211																
21	20	77	77	4.0	0	0	Chord	4/4	3	2	1		1	1	212																
22	21	84	84	1.0	3/4	3/4	Chord	4/4	2	1	1/4		1/4	1	213				articAccentAbove								47				
22	21	81	81	4.0	0	0	Chord	4/4	2	2	1		1	1	214																
22	21	83	83	1.0	1/2	1/2	Chord	4/4	2	3	1/4		1/4	1	215																
22	21	84	84	1.0	3/4	3/4	Chord	4/4	2	3	1/4		1/4	1	216																
22	21	163/2	163/2	0.5	1/8	1/8	Chord	4/4	3	1	1/8		1/8	1	217												48				
22	21	82	82	0.5	1/4	1/4	Chord	4/4	3	1	1/8		1/8	1	218												48				
22	21	165/2	165/2	0.5	3/8	3/8	Chord	4/4	3	1	1/8		1/8	1	219												48				
22	21	83	83	0.5	1/2	1/2	Chord	4/4	3	1	1/8		1/8	1	220												48				
22	21	167/2	167/2	0.5	5/8	5/8	Chord	4/4	3	1	1/8		1/8	1	221												48				
22	21	84	84	0.5	3/4	3/4	Chord	4/4	3	1	1/8		1/8	1	222												48				
22	21	169/2	169/2	0.5	7/8	7/8	Chord	4/4	3	1	1/8		1/8	1	223																
22	21	81	81	4.0	0	0	Chord	4/4	3	2	1		1	1	224																
23	22	85	85	1.0	0	0	Chord	4/4	2	1	1/4		1/4	1	225												47				
23	22	86	86	1.0	1/4	1/4	Chord	4/4	2	1	1/4		1/4	1	226												47				
23	22	87	87	1.0	1/2	1/2	Chord	4/4	2	1	1/4		1/4	1	227												47				
23	22	88	88	0.5	3/4	3/4	Chord	4/4	2	1	1/8		1/8	1	228												47				
23	22	177/2	177/2	0.5	7/8	7/8	Chord	4/4	2	1	1/8		1/8	1	229																
23	22	85	85	2.0	0	0	Chord	4/4	2	2	1/2		1/2	1	230												49				
23	22	87	87	1.0	1/2	1/2	Chord	4/4	2	2	1/4		1/4	1	231												49				
23	22	88	88	0.5	3/4	3/4	Chord	4/4	2	2	1/8		1/8	1	232												49				
23	22	177/2	177/2	0.5	7/8	7/8	Chord	4/4	2	2	1/8		1/8	1	233																
24	23	89	89	0.0	0	0	Dynamic	4/4	2	1	0							pp													
24	23	89	89	1.0	0	0	Chord	4/4	2	1	1/4		1/4	1	234												50				
24	23	90	90	1.0	1/4	1/4	Chord	4/4	2	1	1/4		1/4	1	235												50				
24	23	91	91	1.0	1/2	1/2	Chord	4/4	2	1	1/4		1/4	1	236												50				
24	23	92	92	0.5	3/4	3/4	Chord	4/4	2	1	1/8		1/8	1	237												50				
24	23	185/2	185/2	0.5	7/8	7/8	Chord	4/4	2	1	1/8		1/8	1	238												50				
24	23	89	89	1.0	0	0	Chord	4/4	3	1	1/4		1/4	1	239												51				
24	23	90	90	2.0	1/4	1/4	Chord	4/4	3	1	1/2		1/2	1	240												51				
24	23	92	92	1.0	3/4	3/4	Chord	4/4	3	1	1/4		1/4	1	241												51				
25	24	96	96	0.0	3/4	3/4	Dynamic	4/4	1	1	0							p													
25	24	96	96	1.0	3/4	3/4	Chord	4/4	1	1	1/4		1/4	1	242	Das	And										52				
25	24	93	93	1.0	0	0	Chord	4/4	2	1	1/4		1/4	1	243												50				
25	24	94	94	1.0	1/4	1/4	Chord	4/4	2	1	1/4		1/4	1	244												50				
25	24	95	95	2.0	1/2	1/2	Chord	4/4	2	1	1/2		1/2	1	245																
25	24	93	93	1.0	0	0	Chord	4/4	3	1	1/4		1/4	1	246												51				
25	24	94	94	2.0	1/4	1/4	Chord	4/4	3	1	1/2		1/2	1	247												51				
25	24	96	96	1.0	3/4	3/4	Chord	4/4	3	1	1/4		1/4	1	248																
26	25	97	97	1.0	0	0	Chord	4/4	1	1	1/4		1/4	1	249	Un-	I										52, 53				
26	25	98	98	2.0	1/4	1/4	Chord	4/4	1	1	1/2		1/2	1	250	-gl√ºck	all										52				
26	25	100	100	1.0	3/4	3/4	Chord	4/4	1	1	1/4		1/4	1	251	ge-	a-										52				
26	25	97	97	1.0	0	0	Chord	4/4	2	1	1/4		1/4	1	252												54				
26	25	98	98	2.0	1/4	1/4	Chord	4/4	2	1	1/2		1/2	1	253																
26	25	100	100	1.0	3/4	3/4	Chord	4/4	2	1	1/4		1/4	1	254																
26	25	97	97	3.0	0	0	Chord	4/4	2	2	3/4		1/2	3/2	255																
26	25	100	100	1.0	3/4	3/4	Chord	4/4	2	2	1/4		1/4	1	256												55				
26	25	98	98	1.0	1/4	1/4	Chord	4/4	3	1	1/4		1/4	1	257												56				
26	25	99	99	2.0	1/2	1/2	Chord	4/4	3	1	1/2		1/2	1	258																
27	26	101	101	1.0	0	0	Chord	4/4	1	1	1/4		1/4	1	259	-schah	-lone										52, 57				
27	26	102	102	2.0	1/4	1/4	Chord	4/4	1	1	1/2		1/2	1	260												52				
27	26	104	104	1.0	3/4	3/4	Chord	4/4	1	1	1/4		1/4	1	261	nur	must										52				
27	26	101	101	1.0	0	0	Chord	4/4	2	1	1/4		1/4	1	262												58				
27	26	102	102	2.0	1/4	1/4	Chord	4/4	2	1	1/2		1/2	1	263																
27	26	104	104	1.0	3/4	3/4	Chord	4/4	2	1	1/4		1/4	1	264																
27	26	101	101	3.0	0	0	Chord	4/4	2	2	3/4		1/2	3/2	265																
27	26	104	104	1.0	3/4	3/4	Chord	4/4	2	2	1/4		1/4	1	266																
27	26	102	102	1.0	1/4	1/4	Chord	4/4	3	1	1/4		1/4	1	267												59				
27	26	103	103	2.0	1/2	1/2	Chord	4/4	3	1	1/2		1/2	1	268																
28	27	105	105	3.0	0	0	Chord	4/4	1	1	3/4		1/2	3/2	269	mir	weep										52				
28	27	108	108	1.0	3/4	3/4	Chord	4/4	1	1	1/4		1/4	1	270	al-	and										52				
28	27	108	108	1.0	3/4	3/4	Chord	4/4	2	1	1/4		1/4	1	271				articAccentAbove								60				
28	27	105	105	4.0	0	0	Chord	4/4	2	2	1		1	1	272																
28	27	106	106	1.0	1/4	1/4	Chord	4/4	3	1	1/4		1/4	1	273												61				
28	27	107	107	1.0	1/2	1/2	Chord	4/4	3	1	1/4		1/4	1	274																
28	27	108	108	1.0	3/4	3/4	Chord	4/4	3	1	1/4		1/4	1	275												62				
29	28	109	109	3.0	0	0	Chord	4/4	1	1	3/4		1/2	3/2	276	-lein!	mourn!														
29	28	109	109	0.0	0	0	StaffText	4/4	2	1	0									espr.							60				
29	28	109	109	1.0	0	0	Chord	4/4	2	1	1/4		1/4	1	277												60				
29	28	110	110	1.0	1/4	1/4	Chord	4/4	2	1	1/4		1/4	1	278												60				
29	28	111	111	1.0	1/2	1/2	Chord	4/4	2	1	1/4		1/4	1	279												60				
29	28	112	112	1.0	3/4	3/4	Chord	4/4	2	1	1/4		1/4	1	280																
29	28	109	109	4.0	0	0	Chord	4/4	2	2	1		1	1	281																
29	28	109	109	2.0	0	0	Chord	4/4	3	1	1/2		1/2	1	282																
29	28	112	112	1.0	3/4	3/4	Chord	4/4	3	1	1/4		1/4	1	283				articAccentAbove								63				
30	29	113	113	1.5	0	0	Chord	4/4	2	1	3/8		1/4	3/2	284												64				
30	29	229/2	229/2	0.5	3/8	3/8	Chord	4/4	2	1	1/8		1/8	1	285												64				
30	29	115	115	1.0	1/2	1/2	Chord	4/4	2	1	1/4		1/4	1	286																
30	29	116	116	1.0	3/4	3/4	Chord	4/4	2	1	1/4		1/4	1	287												65				
30	29	113	113	4.0	0	0	Chord	4/4	2	2	1		1	1	288																
30	29	113	113	0.0	0	0	StaffText	4/4	3	1	0									espr.							63				
30	29	113	113	1.0	0	0	Chord	4/4	3	1	1/4		1/4	1	289				articAccentAbove								63				
30	29	114	114	1.0	1/4	1/4	Chord	4/4	3	1	1/4		1/4	1	290												63				
30	29	115	115	1.0	1/2	1/2	Chord	4/4	3	1	1/4		1/4	1	291												63				
30	29	116	116	1.0	3/4	3/4	Chord	4/4	3	1	1/4		1/4	1	292												63				
31	30	117	117	1.0	0	0	Chord	4/4	2	1	1/4		1/4	1	293												65				
31	30	118	118	0.5	1/4	1/4	Chord	4/4	2	1	1/8		1/8	1	294												65				
31	30	237/2	237/2	0.5	3/8	3/8	Chord	4/4	2	1	1/8		1/8	1	295																
31	30	119	119	1.0	1/2	1/2	Chord	4/4	2	1	1/4		1/4	1	296												66				
31	30	120	120	0.5	3/4	3/4	Chord	4/4	2	1	1/8		1/8	1	297												66				
31	30	241/2	241/2	0.5	7/8	7/8	Chord	4/4	2	1	1/8		1/8	1	298												66				
31	30	117	117	4.0	0	0	Chord	4/4	2	2	1		1	1	299																
31	30	117	117	1.5	0	0	Chord	4/4	3	1	3/8		1/4	3/2	300												63				
31	30	237/2	237/2	0.5	3/8	3/8	Chord	4/4	3	1	1/8		1/8	1	301												63				
31	30	119	119	1.0	1/2	1/2	Chord	4/4	3	1	1/4		1/4	1	302																
31	30	120	120	1.0	3/4	3/4	Chord	4/4	3	1	1/4		1/4	1	303				articAccentAbove								67				
32	31	124	124	0.0	3/4	3/4	Dynamic	4/4	1	1	0							p													
32	31	124	124	1.0	3/4	3/4	Chord	4/4	1	1	1/4		1/4	1	304	Die	The														
32	31	121	121	4.0	0	0	Chord	4/4	2	1	1		1	1	305																
32	31	121	121	1.0	0	0	Chord	4/4	3	1	1/4		1/4	1	306				articAccentAbove								67				
32	31	122	122	0.5	1/4	1/4	Chord	4/4	3	1	1/8		1/8	1	307												67				
32	31	245/2	245/2	0.5	3/8	3/8	Chord	4/4	3	1	1/8		1/8	1	308												67				
32	31	123	123	1.0	1/2	1/2	Chord	4/4	3	1	1/4		1/4	1	309												67				
32	31	124	124	0.5	3/4	3/4	Chord	4/4	3	1	1/8		1/8	1	310												67				
32	31	249/2	249/2	0.5	7/8	7/8	Chord	4/4	3	1	1/8		1/8	1	311																
33	32	125	125	2.0	0	0	Chord	4/4	1	1	1/2		1/2	1	312	Son-	sun-														
33	32	127	127	1.5	1/2	1/2	Chord	4/4	1	1	3/8		1/4	3/2	313	-ne,	-beams														
33	32	257/2	257/2	0.5	7/8	7/8	Chord	4/4	1	1	1/8		1/8	1	314	die	with														
33	32	125	125	2.0	0	0	Chord	4/4	2	1	1/2		1/2	1	315												68				
33	32	127	127	2.0	1/2	1/2	Chord	4/4	2	1	1/2		1/2	1	316																
33	32	125	125	0.5	0	0	Chord	4/4	3	1	1/8		1/8	1	317												69				
33	32	251/2	251/2	0.5	1/8	1/8	Chord	4/4	3	1	1/8		1/8	1	318												69				
33	32	126	126	0.5	1/4	1/4	Chord	4/4	3	1	1/8		1/8	1	319												69				
33	32	253/2	253/2	0.5	3/8	3/8	Chord	4/4	3	1	1/8		1/8	1	320												69				
33	32	127	127	0.5	1/2	1/2	Chord	4/4	3	1	1/8		1/8	1	321												69				
33	32	255/2	255/2	0.5	5/8	5/8	Chord	4/4	3	1	1/8		1/8	1	322												69				
33	32	128	128	0.5	3/4	3/4	Chord	4/4	3	1	1/8		1/8	1	323												69				
33	32	257/2	257/2	0.5	7/8	7/8	Chord	4/4	3	1	1/8		1/8	1	324																
33	32	125	125	4.0	0	0	Chord	4/4	3	2	1		1	1	325																
34	33	129	129	0.5	0	0	Chord	4/4	1	1	1/8		1/8	1	326	Son-	glad-										70				
34	33	259/2	259/2	0.5	1/8	1/8	Chord	4/4	1	1	1/8		1/8	1	327																
34	33	130	130	2.0	1/4	1/4	Chord	4/4	1	1	1/2		1/2	1	328	-ne,	-ness														
34	33	132	132	0.5	3/4	3/4	Chord	4/4	1	1	1/8		1/8	1	329	sie	all										71				
34	33	265/2	265/2	0.5	7/8	7/8	Chord	4/4	1	1	1/8		1/8	1	330																
34	33	129	129	1.0	0	0	Chord	4/4	2	1	1/4		1/4	1	331												72				
34	33	130	130	2.0	1/4	1/4	Chord	4/4	2	1	1/2		1/2	1	332												72				
34	33	132	132	0.5	3/4	3/4	Chord	4/4	2	1	1/8		1/8	1	333												72				
34	33	265/2	265/2	0.5	7/8	7/8	Chord	4/4	2	1	1/8		1/8	1	334																
34	33	129	129	0.5	0	0	Chord	4/4	3	1	1/8		1/8	1	335												73				
34	33	259/2	259/2	0.5	1/8	1/8	Chord	4/4	3	1	1/8		1/8	1	336												73				
34	33	130	130	0.5	1/4	1/4	Chord	4/4	3	1	1/8		1/8	1	337												73				
34	33	261/2	261/2	0.5	3/8	3/8	Chord	4/4	3	1	1/8		1/8	1	338												73				
34	33	131	131	0.5	1/2	1/2	Chord	4/4	3	1	1/8		1/8	1	339												73				
34	33	263/2	263/2	0.5	5/8	5/8	Chord	4/4	3	1	1/8		1/8	1	340												73				
34	33	132	132	0.5	3/4	3/4	Chord	4/4	3	1	1/8		1/8	1	341												73				
34	33	265/2	265/2	0.5	7/8	7/8	Chord	4/4	3	1	1/8		1/8	1	342																
35	34	133	133	0.5	0	0	Chord	4/4	1	1	1/8		1/8	1	343	schei-	o-										74				
35	34	267/2	267/2	0.5	1/8	1/8	Chord	4/4	1	1	1/8		1/8	1	344				articAccentAbove								74				
35	34	134	134	1.5	1/4	1/4	Chord	4/4	1	1	3/8		1/4	3/2	345				articAccentAbove								74				
35	34	271/2	271/2	0.5	5/8	5/8	Chord	4/4	1	1	1/8		1/8	1	346																
35	34	136	136	0.5	3/4	3/4	Chord	4/4	1	1	1/8		1/8	1	347	-net	-thers‚Äô										75				
35	34	273/2	273/2	0.5	7/8	7/8	Chord	4/4	1	1	1/8		1/8	1	348																
35	34	133	133	1.0	0	0	Chord	4/4	2	1	1/4		1/4	1	349												76				
35	34	134	134	1.5	1/4	1/4	Chord	4/4	2	1	3/8		1/4	3/2	350												76				
35	34	271/2	271/2	0.5	5/8	5/8	Chord	4/4	2	1	1/8		1/8	1	351												76				
35	34	136	136	0.5	3/4	3/4	Chord	4/4	2	1	1/8		1/8	1	352												76				
35	34	273/2	273/2	0.5	7/8	7/8	Chord	4/4	2	1	1/8		1/8	1	353																
35	34	133	133	0.5	0	0	Chord	4/4	3	1	1/8		1/8	1	354												77				
35	34	267/2	267/2	0.5	1/8	1/8	Chord	4/4	3	1	1/8		1/8	1	355												77				
35	34	134	134	0.5	1/4	1/4	Chord	4/4	3	1	1/8		1/8	1	356												77				
35	34	269/2	269/2	0.5	3/8	3/8	Chord	4/4	3	1	1/8		1/8	1	357												77				
35	34	135	135	0.5	1/2	1/2	Chord	4/4	3	1	1/8		1/8	1	358												77				
35	34	271/2	271/2	0.5	5/8	5/8	Chord	4/4	3	1	1/8		1/8	1	359												77				
35	34	136	136	0.5	3/4	3/4	Chord	4/4	3	1	1/8		1/8	1	360												77				
35	34	273/2	273/2	0.5	7/8	7/8	Chord	4/4	3	1	1/8		1/8	1	361																
36	35	137	137	0.5	0	0	Chord	4/4	1	1	1/8		1/8	1	362	all-	hearts										78				
36	35	275/2	275/2	0.5	1/8	1/8	Chord	4/4	1	1	1/8		1/8	1	363												78				
36	35	138	138	0.5	1/4	1/4	Chord	4/4	1	1	1/8		1/8	1	364												78				
36	35	277/2	277/2	0.5	3/8	3/8	Chord	4/4	1	1	1/8		1/8	1	365												78				
36	35	139	139	1.0	1/2	1/2	Chord	4/4	1	1	1/4		1/4	1	366																
36	35	140	140	0.5	3/4	3/4	Chord	4/4	1	1	1/8		1/8	1	367	-ge-	may										79				
36	35	281/2	281/2	0.5	7/8	7/8	Chord	4/4	1	1	1/8		1/8	1	368																
36	35	137	137	0.5	0	0	Chord	4/4	2	1	1/8		1/8	1	369												80				
36	35	275/2	275/2	0.5	1/8	1/8	Chord	4/4	2	1	1/8		1/8	1	370												80				
36	35	138	138	0.5	1/4	1/4	Chord	4/4	2	1	1/8		1/8	1	371												80				
36	35	277/2	277/2	0.5	3/8	3/8	Chord	4/4	2	1	1/8		1/8	1	372												80				
36	35	139	139	0.0	1/2	1/2	Chord	4/4	2	1	0	grace16after	1/16	1	373												80				
36	35	139	139	0.0	1/2	1/2	Chord	4/4	2	1	0	grace16after	1/16	1	374												80				
36	35	139	139	1.0	1/2	1/2	Chord	4/4	2	1	1/4		1/4	1	375												80				
36	35	140	140	0.5	3/4	3/4	Chord	4/4	2	1	1/8		1/8	1	376												80				
36	35	281/2	281/2	0.5	7/8	7/8	Chord	4/4	2	1	1/8		1/8	1	377																
36	35	137	137	0.5	0	0	Chord	4/4	3	1	1/8		1/8	1	378												81				
36	35	275/2	275/2	1.0	1/8	1/8	Chord	4/4	3	1	1/4		1/4	1	379												81				
36	35	277/2	277/2	0.5	3/8	3/8	Chord	4/4	3	1	1/8		1/8	1	380												81				
36	35	139	139	0.5	1/2	1/2	Chord	4/4	3	1	1/8		1/8	1	381												81				
36	35	279/2	279/2	0.5	5/8	5/8	Chord	4/4	3	1	1/8		1/8	1	382												81				
36	35	140	140	0.5	3/4	3/4	Chord	4/4	3	1	1/8		1/8	1	383												81				
36	35	281/2	281/2	0.5	7/8	7/8	Chord	4/4	3	1	1/8		1/8	1	384																
37	36	141	141	1.0	0	0	Chord	4/4	1	1	1/4		1/4	1	385	-mein!	charm!										82				
37	36	142	142	2.0	1/4	1/4	Chord	4/4	1	1	1/2		1/2	1	386																
37	36	141	141	1.0	0	0	Chord	4/4	2	1	1/4		1/4	1	387												83				
37	36	142	142	2.0	1/4	1/4	Chord	4/4	2	1	1/2		1/2	1	388																
37	36	144	144	0.0	3/4	3/4	StaffText	4/4	2	1	0									espr.											
37	36	141	141	0.5	0	0	Chord	4/4	3	1	1/8		1/8	1	389												84				
37	36	283/2	283/2	0.5	1/8	1/8	Chord	4/4	3	1	1/8		1/8	1	390												84				
37	36	142	142	0.5	1/4	1/4	Chord	4/4	3	1	1/8		1/8	1	391												84				
37	36	285/2	285/2	0.5	3/8	3/8	Chord	4/4	3	1	1/8		1/8	1	392												84, 85				
37	36	143	143	0.5	1/2	1/2	Chord	4/4	3	1	1/8		1/8	1	393																
37	36	287/2	287/2	0.5	5/8	5/8	Chord	4/4	3	1	1/8		1/8	1	394																
37	36	144	144	0.5	3/4	3/4	Chord	4/4	3	1	1/8		1/8	1	395				articAccentAbove								86				
37	36	289/2	289/2	0.5	7/8	7/8	Chord	4/4	3	1	1/8		1/8	1	396																
37	36	141	141	3.0	0	0	Chord	4/4	3	2	3/4		1/2	3/2	397																
38	37	145	145	1.0	0	0	Chord	4/4	2	1	1/4		1/4	1	398												87				
38	37	146	146	2.0	1/4	1/4	Chord	4/4	2	1	1/2		1/2	1	399																
38	37	148	148	0.0	3/4	3/4	Dynamic	4/4	2	1	0							pp													
38	37	148	148	0.5	3/4	3/4	Chord	4/4	2	1	1/8		1/8	1	400				articAccentAbove								88				
38	37	297/2	297/2	0.5	7/8	7/8	Chord	4/4	2	1	1/8		1/8	1	401																
38	37	145	145	4.0	0	0	Chord	4/4	3	1	1		1	1	402																
38	37	291/2	291/2	1.0	1/8	1/8	Chord	4/4	3	2	1/4		1/4	1	403																
38	37	293/2	293/2	1.0	3/8	3/8	Chord	4/4	3	2	1/4		1/4	1	404																
38	37	295/2	295/2	1.0	5/8	5/8	Chord	4/4	3	2	1/4		1/4	1	405																
38	37	297/2	297/2	0.5	7/8	7/8	Chord	4/4	3	2	1/8		1/8	1	406																
39	38	149	149	1.0	0	0	Chord	4/4	2	1	1/4		1/4	1	407												89				
39	38	150	150	2.0	1/4	1/4	Chord	4/4	2	1	1/2		1/2	1	408																
39	38	152	152	0.5	3/4	3/4	Chord	4/4	2	1	1/8		1/8	1	409												90				
39	38	305/2	305/2	0.5	7/8	7/8	Chord	4/4	2	1	1/8		1/8	1	410																
39	38	149	149	3.0	0	0	Chord	4/4	3	1	3/4		1/2	3/2	411																
39	38	152	152	0.5	3/4	3/4	Chord	4/4	3	1	1/8		1/8	1	412																
39	38	149	149	3.0	0	0	Chord	4/4	3	2	3/4		1/2	3/2	413																
39	38	152	152	1.0	3/4	3/4	Chord	4/4	3	2	1/4		1/4	1	414																
39	38	299/2	299/2	1.0	1/8	1/8	Chord	4/4	3	3	1/4		1/4	1	415																
39	38	301/2	301/2	1.0	3/8	3/8	Chord	4/4	3	3	1/4		1/4	1	416																
39	38	303/2	303/2	1.0	5/8	5/8	Chord	4/4	3	3	1/4		1/4	1	417																
39	38	305/2	305/2	0.5	7/8	7/8	Chord	4/4	3	3	1/8		1/8	1	418																
40	39	153	153	0.5	0	0	Chord	4/4	2	1	1/8		1/8	1	419												91				
40	39	307/2	307/2	0.5	1/8	1/8	Chord	4/4	2	1	1/8		1/8	1	420												91				
40	39	154	154	0.5	1/4	1/4	Chord	4/4	2	1	1/8		1/8	1	421				articAccentAbove								91				
40	39	309/2	309/2	0.5	3/8	3/8	Chord	4/4	2	1	1/8		1/8	1	422																
40	39	155	155	0.5	1/2	1/2	Chord	4/4	2	1	1/8		1/8	1	423												92				
40	39	311/2	311/2	0.5	5/8	5/8	Chord	4/4	2	1	1/8		1/8	1	424												92				
40	39	156	156	0.5	3/4	3/4	Chord	4/4	2	1	1/8		1/8	1	425				articAccentAbove								92				
40	39	313/2	313/2	0.5	7/8	7/8	Chord	4/4	2	1	1/8		1/8	1	426																
40	39	153	153	0.5	0	0	Chord	4/4	2	2	1/8		1/8	1	427												93				
40	39	307/2	307/2	0.5	1/8	1/8	Chord	4/4	2	2	1/8		1/8	1	428												93				
40	39	154	154	0.5	1/4	1/4	Chord	4/4	2	2	1/8		1/8	1	429												93				
40	39	309/2	309/2	0.5	3/8	3/8	Chord	4/4	2	2	1/8		1/8	1	430												93				
40	39	155	155	2.0	1/2	1/2	Chord	4/4	2	2	1/2		1/2	1	431																
40	39	153	153	0.5	0	0	Chord	4/4	3	1	1/8		1/8	1	432																
40	39	307/2	307/2	1.5	1/8	1/8	Chord	4/4	3	1	3/8		1/4	3/2	433																
40	39	155	155	2.0	1/2	1/2	Chord	4/4	3	1	1/2		1/2	1	434												94				
41	40	160	160	0.0	3/4	3/4	StaffText	4/4	2	1	0									"        pi√π usemento
heftiger"											
41	40	160	160	1.0	3/4	3/4	Chord	4/4	2	1	1/4		1/4	1	435				articAccentAbove								95				
41	40	157	157	1.0	0	0	Chord	4/4	2	2	1/4		1/4	1	436												96				
41	40	158	158	2.0	1/4	1/4	Chord	4/4	2	2	1/2		1/2	1	437												96				
41	40	160	160	1.0	3/4	3/4	Chord	4/4	2	2	1/4		1/4	1	438												96				
41	40	157	157	4.0	0	0	Chord	4/4	3	1	1		1	1	439																
41	40	157	157	3.0	0	0	Chord	4/4	3	2	3/4		1/2	3/2	440																
41	40	160	160	1.0	3/4	3/4	Chord	4/4	3	2	1/4		1/4	1	441																
42	41	161	161	1.0	0	0	Chord	4/4	2	1	1/4		1/4	1	442				articAccentAbove								95				
42	41	162	162	1.0	1/4	1/4	Chord	4/4	2	1	1/4		1/4	1	443												95				
42	41	163	163	0.0	1/2	1/2	Spanner	4/4	2	1	0																95				2
42	41	163	163	1.0	1/2	1/2	Chord	4/4	2	1	1/4		1/4	1	444												95				2
42	41	164	164	0.5	3/4	3/4	Chord	4/4	2	1	1/8		1/8	1	445												95				2
42	41	329/2	329/2	0.5	7/8	7/8	Chord	4/4	2	1	1/8		1/8	1	446																2
42	41	161	161	2.0	0	0	Chord	4/4	3	1	1/2		1/2	1	447																
42	41	163	163	2.0	1/2	1/2	Chord	4/4	3	1	1/2		1/2	1	448																
42	41	161	161	4.0	0	0	Chord	4/4	3	2	1		1	1	449																
43	42	165	165	0.0	0	0	Spanner	4/4	2	1	0																				
43	42	165	165	0.0	0	0	Spanner	4/4	2	1	0																			1	
43	42	165	165	1.0	0	0	Chord	4/4	2	1	1/4		1/4	1	450				articAccentAbove								97			1	
43	42	166	166	1.0	1/4	1/4	Chord	4/4	2	1	1/4		1/4	1	451												97			1	
43	42	167	167	0.0	1/2	1/2	Spanner	4/4	2	1	0																97				
43	42	167	167	1.0	1/2	1/2	Chord	4/4	2	1	1/4		1/4	1	452												97				
43	42	168	168	0.0	3/4	3/4	Spanner	4/4	2	1	0																97				3
43	42	168	168	0.5	3/4	3/4	Chord	4/4	2	1	1/8		1/8	1	453												97				3
43	42	337/2	337/2	0.5	7/8	7/8	Chord	4/4	2	1	1/8		1/8	1	454																3
43	42	165	165	2.0	0	0	Chord	4/4	2	2	1/2		1/2	1	455												98				3
43	42	167	167	2.0	1/2	1/2	Chord	4/4	2	2	1/2		1/2	1	456																3
43	42	165	165	2.0	0	0	Chord	4/4	3	1	1/2		1/2	1	457												99				
43	42	167	167	2.0	1/2	1/2	Chord	4/4	3	1	1/2		1/2	1	458																
43	42	165	165	4.0	0	0	Chord	4/4	3	2	1		1	1	459																
44	43	169	169	0.0	0	0	Spanner	4/4	2	1	0																				
44	43	169	169	0.5	0	0	Chord	4/4	2	1	1/8		1/8	1	460				articAccentAbove								100				
44	43	339/2	339/2	0.5	1/8	1/8	Chord	4/4	2	1	1/8		1/8	1	461																
44	43	170	170	0.0	1/4	1/4	Spanner	4/4	2	1	0																				4
44	43	170	170	0.5	1/4	1/4	Chord	4/4	2	1	1/8		1/8	1	462												101				4
44	43	341/2	341/2	0.5	3/8	3/8	Chord	4/4	2	1	1/8		1/8	1	463																4
44	43	171	171	0.0	1/2	1/2	Spanner	4/4	2	1	0																				
44	43	171	171	0.0	1/2	1/2	Spanner	4/4	2	1	0																			2	
44	43	171	171	0.5	1/2	1/2	Chord	4/4	2	1	1/8		1/8	1	464				articAccentAbove								102			2	
44	43	343/2	343/2	0.5	5/8	5/8	Chord	4/4	2	1	1/8		1/8	1	465															2	
44	43	172	172	0.5	3/4	3/4	Chord	4/4	2	1	1/8		1/8	1	466												103			2	
44	43	345/2	345/2	0.0	7/8	7/8	Spanner	4/4	2	1	0																				
44	43	345/2	345/2	0.5	7/8	7/8	Chord	4/4	2	1	1/8		1/8	1	467																
44	43	170	170	1.0	1/4	1/4	Chord	4/4	2	2	1/4		1/4	1	468												104				
44	43	171	171	2.0	1/2	1/2	Chord	4/4	2	2	1/2		1/2	1	469																
44	43	172	172	0.0	3/4	3/4	Dynamic	4/4	3	1	0							p													
44	43	172	172	1.0	3/4	3/4	Chord	4/4	3	1	1/4		1/4	1	470				articAccentBelow								105				
45	44	174	174	0.0	1/4	1/4	Dynamic	4/4	2	1	0							pp													
45	44	174	174	1.0	1/4	1/4	Chord	4/4	2	1	1/4		1/4	1	471												106				
45	44	175	175	2.0	1/2	1/2	Chord	4/4	2	1	1/2		1/2	1	472																
45	44	173	173	3.0	0	0	Chord	4/4	2	2	3/4		1/2	3/2	473																
45	44	176	176	1.0	3/4	3/4	Chord	4/4	2	2	1/4		1/4	1	474												107				
45	44	173	173	3.0	0	0	Chord	4/4	3	1	3/4		1/2	3/2	475				articAccentBelow								105				
45	44	176	176	1.0	3/4	3/4	Chord	4/4	3	1	1/4		1/4	1	476				articAccentBelow								105				
46	45	178	178	1.0	1/4	1/4	Chord	4/4	2	1	1/4		1/4	1	477												108				
46	45	179	179	2.0	1/2	1/2	Chord	4/4	2	1	1/2		1/2	1	478																
46	45	177	177	3.0	0	0	Chord	4/4	2	2	3/4		1/2	3/2	479																
46	45	180	180	1.0	3/4	3/4	Chord	4/4	2	2	1/4		1/4	1	480												109				
46	45	177	177	3.0	0	0	Chord	4/4	3	1	3/4		1/2	3/2	481				articAccentBelow								105				
46	45	180	180	1.0	3/4	3/4	Chord	4/4	3	1	1/4		1/4	1	482				articAccentBelow								105				
47	46	182	182	1.0	1/4	1/4	Chord	4/4	2	1	1/4		1/4	1	483												110				
47	46	183	183	2.0	1/2	1/2	Chord	4/4	2	1	1/2		1/2	1	484																
47	46	181	181	3.0	0	0	Chord	4/4	2	2	3/4		1/2	3/2	485																
47	46	184	184	1.0	3/4	3/4	Chord	4/4	2	2	1/4		1/4	1	486												111				
47	46	181	181	3.0	0	0	Chord	4/4	3	1	3/4		1/2	3/2	487				articAccentBelow								105				
47	46	184	184	1.0	3/4	3/4	Chord	4/4	3	1	1/4		1/4	1	488				articAccentBelow								105				
48	47	188	188	1.0	3/4	3/4	Chord	4/4	1	1	1/4		1/4	1	489	Du	O														
48	47	185	185	3.0	0	0	Chord	4/4	2	1	3/4		1/2	3/2	490																
48	47	188	188	0.0	3/4	3/4	StaffText	4/4	2	1	0									espr.											
48	47	188	188	0.0	3/4	3/4	Dynamic	4/4	2	1	0							p													
48	47	188	188	1.0	3/4	3/4	Chord	4/4	2	1	1/4		1/4	1	491				articAccentAbove								112				
48	47	186	186	1.0	1/4	1/4	Chord	4/4	2	2	1/4		1/4	1	492												113				
48	47	187	187	1.0	1/2	1/2	Chord	4/4	2	2	1/4		1/4	1	493																
48	47	185	185	4.0	0	0	Chord	4/4	3	1	1		1	1	494				articAccentBelow												
49	48	189	189	1.0	0	0	Chord	4/4	1	1	1/4		1/4	1	495	musst	let										114				
49	48	190	190	1.0	1/4	1/4	Chord	4/4	1	1	1/4		1/4	1	496																
49	48	191	191	1.0	1/2	1/2	Chord	4/4	1	1	1/4		1/4	1	497	nicht	not														
49	48	192	192	1.0	3/4	3/4	Chord	4/4	1	1	1/4		1/4	1	498	die	thy														
49	48	189	189	1.0	0	0	Chord	4/4	2	1	1/4		1/4	1	499												112				
49	48	190	190	1.0	1/4	1/4	Chord	4/4	2	1	1/4		1/4	1	500												112				
49	48	191	191	1.0	1/2	1/2	Chord	4/4	2	1	1/4		1/4	1	501												112				
49	48	192	192	1.0	3/4	3/4	Chord	4/4	2	1	1/4		1/4	1	502												112				
50	49	193	193	1.5	0	0	Chord	4/4	1	1	3/8		1/4	3/2	503	Nacht	heart										115				
50	49	389/2	389/2	0.5	3/8	3/8	Chord	4/4	1	1	1/8		1/8	1	504												115				
50	49	195	195	1.0	1/2	1/2	Chord	4/4	1	1	1/4		1/4	1	505																
50	49	196	196	1.0	3/4	3/4	Chord	4/4	1	1	1/4		1/4	1	506	in	to														
50	49	193	193	1.5	0	0	Chord	4/4	2	1	3/8		1/4	3/2	507												112				
50	49	389/2	389/2	0.5	3/8	3/8	Chord	4/4	2	1	1/8		1/8	1	508												112				
50	49	195	195	1.0	1/2	1/2	Chord	4/4	2	1	1/4		1/4	1	509																
50	49	196	196	1.0	3/4	3/4	Chord	4/4	2	1	1/4		1/4	1	510												116				
50	49	193	193	4.0	0	0	Chord	4/4	3	1	1		1	1	511																
51	50	197	197	1.0	0	0	Chord	4/4	1	1	1/4		1/4	1	512	dir	grief										117				
51	50	198	198	1.0	1/4	1/4	Chord	4/4	1	1	1/4		1/4	1	513																
51	50	199	199	1.0	1/2	1/2	Chord	4/4	1	1	1/4		1/4	1	514	ver-	sur-										118				
51	50	200	200	1.0	3/4	3/4	Chord	4/4	1	1	1/4		1/4	1	515																
51	50	197	197	1.0	0	0	Chord	4/4	2	1	1/4		1/4	1	516												116				
51	50	198	198	0.5	1/4	1/4	Chord	4/4	2	1	1/8		1/8	1	517												116				
51	50	397/2	397/2	0.5	3/8	3/8	Chord	4/4	2	1	1/8		1/8	1	518																
51	50	199	199	1.0	1/2	1/2	Chord	4/4	2	1	1/4		1/4	1	519												119				
51	50	200	200	0.5	3/4	3/4	Chord	4/4	2	1	1/8		1/8	1	520												119				
51	50	401/2	401/2	0.5	7/8	7/8	Chord	4/4	2	1	1/8		1/8	1	521												119				
52	51	201	201	1.5	0	0	Chord	4/4	1	1	3/8		1/4	3/2	522	-schr√§n-	-rend-										120				
52	51	405/2	405/2	0.5	3/8	3/8	Chord	4/4	1	1	1/8		1/8	1	523																
52	51	203	203	1.0	1/2	1/2	Chord	4/4	1	1	1/4		1/4	1	524	-ken,	-er,														
52	51	201	201	3.0	0	0	Chord	4/4	2	1	3/4		1/2	3/2	525																
52	51	204	204	1.0	3/4	3/4	Chord	4/4	2	1	1/4		1/4	1	526												121				
52	51	201	201	4.0	0	0	Chord	4/4	3	1	1		1	1	527																
53	52	205	205	2.0	0	0	Chord	4/4	1	1	1/2		1/2	1	528	musst	Night										122				
53	52	207	207	1.5	1/2	1/2	Chord	4/4	1	1	3/8		1/4	3/2	529	sie	but										122				
53	52	417/2	417/2	0.5	7/8	7/8	Chord	4/4	1	1	1/8		1/8	1	530	ins	fore-										122				
53	52	205	205	0.0	0	0	Dynamic	4/4	2	1	0							pp									121				
53	52	205	205	0.0	0	0	StaffText	4/4	2	1	0									"molto espressivo
sehr ausdrucksvoll"							121				
53	52	205	205	2.0	0	0	Chord	4/4	2	1	1/2		1/2	1	531												121				
53	52	207	207	1.5	1/2	1/2	Chord	4/4	2	1	3/8		1/4	3/2	532												121				
53	52	417/2	417/2	0.5	7/8	7/8	Chord	4/4	2	1	1/8		1/8	1	533												121				
53	52	205	205	0.5	0	0	Chord	4/4	3	1	1/8		1/8	1	534												123				
53	52	411/2	411/2	0.5	1/8	1/8	Chord	4/4	3	1	1/8		1/8	1	535												123				
53	52	206	206	0.5	1/4	1/4	Chord	4/4	3	1	1/8		1/8	1	536												123				
53	52	413/2	413/2	0.5	3/8	3/8	Chord	4/4	3	1	1/8		1/8	1	537												123				
53	52	207	207	0.5	1/2	1/2	Chord	4/4	3	1	1/8		1/8	1	538												123				
53	52	415/2	415/2	0.5	5/8	5/8	Chord	4/4	3	1	1/8		1/8	1	539												123				
53	52	208	208	0.5	3/4	3/4	Chord	4/4	3	1	1/8		1/8	1	540												123				
53	52	417/2	417/2	0.5	7/8	7/8	Chord	4/4	3	1	1/8		1/8	1	541																
54	53	209	209	1.0	0	0	Chord	4/4	1	1	1/4		1/4	1	542	ew‚Äô-	-bodes										122, 124				
54	53	210	210	2.0	1/4	1/4	Chord	4/4	1	1	1/2		1/2	1	543												122				
54	53	212	212	1.0	3/4	3/4	Chord	4/4	1	1	1/4		1/4	1	544	-ge	bright										122				
54	53	209	209	1.0	0	0	Chord	4/4	2	1	1/4		1/4	1	545												121				
54	53	210	210	2.0	1/4	1/4	Chord	4/4	2	1	1/2		1/2	1	546																
54	53	212	212	0.5	3/4	3/4	Chord	4/4	2	1	1/8		1/8	1	547												125				
54	53	425/2	425/2	0.5	7/8	7/8	Chord	4/4	2	1	1/8		1/8	1	548												125				
54	53	209	209	0.5	0	0	Chord	4/4	3	1	1/8		1/8	1	549												126				
54	53	419/2	419/2	0.5	1/8	1/8	Chord	4/4	3	1	1/8		1/8	1	550												126				
54	53	210	210	0.5	1/4	1/4	Chord	4/4	3	1	1/8		1/8	1	551												126				
54	53	421/2	421/2	0.5	3/8	3/8	Chord	4/4	3	1	1/8		1/8	1	552												126				
54	53	211	211	0.5	1/2	1/2	Chord	4/4	3	1	1/8		1/8	1	553												126				
54	53	423/2	423/2	0.5	5/8	5/8	Chord	4/4	3	1	1/8		1/8	1	554												126				
54	53	212	212	0.5	3/4	3/4	Chord	4/4	3	1	1/8		1/8	1	555												126				
54	53	425/2	425/2	0.5	7/8	7/8	Chord	4/4	3	1	1/8		1/8	1	556																
55	54	213	213	1.0	0	0	Chord	4/4	1	1	1/4		1/4	1	557	Licht,	day,										122, 127				
55	54	214	214	2.0	1/4	1/4	Chord	4/4	1	1	1/2		1/2	1	558																
55	54	216	216	0.0	3/4	3/4	StaffText	4/4	1	1	0									"non trainando
nicht schleppend"											
55	54	216	216	1.0	3/4	3/4	Chord	4/4	1	1	1/4		1/4	1	559	ins	e-														
55	54	213	213	1.0	0	0	Chord	4/4	2	1	1/4		1/4	1	560												125				
55	54	214	214	2.0	1/4	1/4	Chord	4/4	2	1	1/2		1/2	1	561																
55	54	216	216	0.5	3/4	3/4	Chord	4/4	2	1	1/8		1/8	1	562												128				
55	54	433/2	433/2	0.5	7/8	7/8	Chord	4/4	2	1	1/8		1/8	1	563																
55	54	213	213	0.5	0	0	Chord	4/4	3	1	1/8		1/8	1	564												129				
55	54	427/2	427/2	0.5	1/8	1/8	Chord	4/4	3	1	1/8		1/8	1	565												129				
55	54	214	214	0.5	1/4	1/4	Chord	4/4	3	1	1/8		1/8	1	566												129				
55	54	429/2	429/2	0.5	3/8	3/8	Chord	4/4	3	1	1/8		1/8	1	567												129				
55	54	215	215	0.5	1/2	1/2	Chord	4/4	3	1	1/8		1/8	1	568												129				
55	54	431/2	431/2	0.5	5/8	5/8	Chord	4/4	3	1	1/8		1/8	1	569												129				
55	54	216	216	0.5	3/4	3/4	Chord	4/4	3	1	1/8		1/8	1	570												129				
55	54	433/2	433/2	0.5	7/8	7/8	Chord	4/4	3	1	1/8		1/8	1	571																
56	55	217	217	1.0	0	0	Chord	4/4	1	1	1/4		1/4	1	572	ew‚Äô-	-ter-										130				
56	55	218	218	0.0	1/4	1/4	Spanner	4/4	1	1	0																130				5
56	55	218	218	1.0	1/4	1/4	Chord	4/4	1	1	1/4		1/4	1	573												130				5
56	55	219	219	0.0	1/2	1/2	Spanner	4/4	1	1	0																130				
56	55	219	219	1.0	1/2	1/2	Chord	4/4	1	1	1/4		1/4	1	574				articAccentAbove								130				
56	55	220	220	1.0	3/4	3/4	Chord	4/4	1	1	1/4		1/4	1	575				articAccentAbove								130				
56	55	217	217	1.0	0	0	Chord	4/4	2	1	1/4		1/4	1	576												131				
56	55	218	218	0.5	1/4	1/4	Chord	4/4	2	1	1/8		1/8	1	577												131				
56	55	437/2	437/2	0.5	3/8	3/8	Chord	4/4	2	1	1/8		1/8	1	578												131				
56	55	219	219	0.5	1/2	1/2	Chord	4/4	2	1	1/8		1/8	1	579												131				
56	55	439/2	439/2	0.5	5/8	5/8	Chord	4/4	2	1	1/8		1/8	1	580												131				
56	55	220	220	0.5	3/4	3/4	Chord	4/4	2	1	1/8		1/8	1	581												131				
56	55	441/2	441/2	0.5	7/8	7/8	Chord	4/4	2	1	1/8		1/8	1	582												131				
56	55	217	217	0.5	0	0	Chord	4/4	3	1	1/8		1/8	1	583												132				
56	55	435/2	435/2	0.5	1/8	1/8	Chord	4/4	3	1	1/8		1/8	1	584												132				
56	55	218	218	0.5	1/4	1/4	Chord	4/4	3	1	1/8		1/8	1	585												132				
56	55	437/2	437/2	0.5	3/8	3/8	Chord	4/4	3	1	1/8		1/8	1	586												132				
56	55	219	219	0.5	1/2	1/2	Chord	4/4	3	1	1/8		1/8	1	587												132				
56	55	439/2	439/2	0.5	5/8	5/8	Chord	4/4	3	1	1/8		1/8	1	588												132				
56	55	220	220	0.5	3/4	3/4	Chord	4/4	3	1	1/8		1/8	1	589												132				
56	55	441/2	441/2	0.5	7/8	7/8	Chord	4/4	3	1	1/8		1/8	1	590												132				
57	56	221	221	1.0	0	0	Chord	4/4	1	1	1/4		1/4	1	591												130				
57	56	222	222	1.0	1/4	1/4	Chord	4/4	1	1	1/4		1/4	1	592												130				
57	56	223	223	0.0	1/2	1/2	Spanner	4/4	1	1	0																			3	
57	56	223	223	1.0	1/2	1/2	Chord	4/4	1	1	1/4		1/4	1	593															3	
57	56	224	224	0.0	3/4	3/4	Spanner	4/4	1	1	0																				
57	56	224	224	1.0	3/4	3/4	Chord	4/4	1	1	1/4		1/4	1	594	-ge	-nal														
57	56	221	221	0.5	0	0	Chord	4/4	2	1	1/8		1/8	1	595												131				
57	56	443/2	443/2	0.5	1/8	1/8	Chord	4/4	2	1	1/8		1/8	1	596												131				
57	56	222	222	0.5	1/4	1/4	Chord	4/4	2	1	1/8		1/8	1	597												131				
57	56	445/2	445/2	0.5	3/8	3/8	Chord	4/4	2	1	1/8		1/8	1	598																
57	56	223	223	0.5	1/2	1/2	Chord	4/4	2	1	1/8		1/8	1	599												133				
57	56	447/2	447/2	0.5	5/8	5/8	Chord	4/4	2	1	1/8		1/8	1	600												133				
57	56	224	224	0.5	3/4	3/4	Chord	4/4	2	1	1/8		1/8	1	601												133				
57	56	449/2	449/2	0.5	7/8	7/8	Chord	4/4	2	1	1/8		1/8	1	602																
57	56	221	221	4.0	0	0	Chord	4/4	2	2	1		1	1	603																
57	56	221	221	4.0	0	0	Chord	4/4	3	1	1		1	1	604																
58	57	225	225	2.0	0	0	Chord	4/4	1	1	1/2		1/2	1	605	Licht	light‚Äôs										134				
58	57	227	227	1.5	1/2	1/2	Chord	4/4	1	1	3/8		1/4	3/2	606																
58	57	457/2	457/2	0.5	7/8	7/8	Chord	4/4	1	1	1/8		1/8	1	607	ver-	bright														
58	57	225	225	1.0	0	0	Chord	4/4	2	1	1/4		1/4	1	608												135				
58	57	226	226	1.5	1/4	1/4	Chord	4/4	2	1	3/8		1/4	3/2	609												135				
58	57	455/2	455/2	0.5	5/8	5/8	Chord	4/4	2	1	1/8		1/8	1	610												135				
58	57	228	228	0.5	3/4	3/4	Chord	4/4	2	1	1/8		1/8	1	611												135				
58	57	457/2	457/2	0.5	7/8	7/8	Chord	4/4	2	1	1/8		1/8	1	612																
58	57	225	225	0.5	0	0	Chord	4/4	3	1	1/8		1/8	1	613												136				
58	57	451/2	451/2	0.5	1/8	1/8	Chord	4/4	3	1	1/8		1/8	1	614												136				
58	57	226	226	0.5	1/4	1/4	Chord	4/4	3	1	1/8		1/8	1	615												136				
58	57	453/2	453/2	0.5	3/8	3/8	Chord	4/4	3	1	1/8		1/8	1	616												136				
58	57	227	227	2.0	1/2	1/2	Chord	4/4	3	1	1/2		1/2	1	617												137				
59	58	229	229	2.0	0	0	Chord	4/4	1	1	1/2		1/2	1	618	-sen-	splend-		articAccentAbove								138				
59	58	231	231	1.0	1/2	1/2	Chord	4/4	1	1	1/4		1/4	1	619				articAccentAbove								138				
59	58	232	232	1.0	3/4	3/4	Chord	4/4	1	1	1/4		1/4	1	620				articAccentAbove												
59	58	229	229	0.5	0	0	Chord	4/4	2	1	1/8		1/8	1	621												139				
59	58	459/2	459/2	0.5	1/8	1/8	Chord	4/4	2	1	1/8		1/8	1	622												139				
59	58	230	230	0.5	1/4	1/4	Chord	4/4	2	1	1/8		1/8	1	623												139				
59	58	461/2	461/2	0.5	3/8	3/8	Chord	4/4	2	1	1/8		1/8	1	624												139				
59	58	231	231	0.5	1/2	1/2	Chord	4/4	2	1	1/8		1/8	1	625												139				
59	58	463/2	463/2	0.5	5/8	5/8	Chord	4/4	2	1	1/8		1/8	1	626												139				
59	58	232	232	0.5	3/4	3/4	Chord	4/4	2	1	1/8		1/8	1	627												139				
59	58	465/2	465/2	0.5	7/8	7/8	Chord	4/4	2	1	1/8		1/8	1	628																
59	58	229	229	4.0	0	0	Chord	4/4	3	1	1		1	1	629																
60	59	233	233	0.0	0	0	SystemText	4/4	1	1	0										Bewegter, rubato										
60	59	233	233	0.0	0	0	StaffText	4/4	1	1	0									Pi√π mosso, rubato											
60	59	233	233	1.0	0	0	Chord	4/4	1	1	1/4		1/4	1	630	-ken!	-our!														
60	59	234	234	0.0	1/4	1/4	Tempo	4/4	1	1	0											ùÖü=70	70.0	ùÖü	70.0	0.0					
60	59	233	233	0.0	0	0	StaffText	4/4	2	1	0									Mit leidenschaftlichem Ausdruck											
60	59	233	233	0.0	0	0	Spanner	4/4	2	1	0																				6
60	59	233	233	0.5	0	0	Chord	4/4	2	1	1/8		1/8	1	631												140				6
60	59	467/2	467/2	0.0	1/8	1/8	StaffText	4/4	2	1	0									Con espressione appassionata							140				6
60	59	467/2	467/2	0.5	1/8	1/8	Chord	4/4	2	1	1/8		1/8	1	632												140				6
60	59	234	234	0.5	1/4	1/4	Chord	4/4	2	1	1/8		1/8	1	633												140				6
60	59	469/2	469/2	0.5	3/8	3/8	Chord	4/4	2	1	1/8		1/8	1	634												140				6
60	59	235	235	0.0	1/2	1/2	Spanner	4/4	2	1	0																140				
60	59	235	235	0.0	1/2	1/2	Spanner	4/4	2	1	0																140			4	
60	59	235	235	0.5	1/2	1/2	Chord	4/4	2	1	1/8		1/8	1	635												140			4	
60	59	471/2	471/2	0.5	5/8	5/8	Chord	4/4	2	1	1/8		1/8	1	636												140			4	
60	59	236	236	0.5	3/4	3/4	Chord	4/4	2	1	1/8		1/8	1	637												140			4	
60	59	473/2	473/2	0.5	7/8	7/8	Chord	4/4	2	1	1/8		1/8	1	638															4	
60	59	233	233	0.5	0	0	Chord	4/4	3	1	1/8		1/8	1	639												141				
60	59	467/2	467/2	0.0	1/8	1/8	Spanner	4/4	3	1	0																141				7
60	59	467/2	467/2	0.5	1/8	1/8	Chord	4/4	3	1	1/8		1/8	1	640												141				7
60	59	234	234	0.5	1/4	1/4	Chord	4/4	3	1	1/8		1/8	1	641												141				7
60	59	469/2	469/2	0.5	3/8	3/8	Chord	4/4	3	1	1/8		1/8	1	642																7
60	59	235	235	0.5	1/2	1/2	Chord	4/4	3	1	1/8		1/8	1	643												142				7
60	59	471/2	471/2	0.5	5/8	5/8	Chord	4/4	3	1	1/8		1/8	1	644												142				7
60	59	236	236	0.5	3/4	3/4	Chord	4/4	3	1	1/8		1/8	1	645												142				7
60	59	473/2	473/2	0.0	7/8	7/8	Spanner	4/4	3	1	0																				
60	59	473/2	473/2	0.5	7/8	7/8	Chord	4/4	3	1	1/8		1/8	1	646																
61	60	237	237	0.0	0	0	Spanner	4/4	2	1	0																				
61	60	237	237	0.0	0	0	Spanner	4/4	2	1	0																				8
61	60	237	237	0.5	0	0	Chord	4/4	2	1	1/8		1/8	1	647												143				8
61	60	475/2	475/2	0.5	1/8	1/8	Chord	4/4	2	1	1/8		1/8	1	648												143				8
61	60	238	238	0.0	1/4	1/4	Spanner	4/4	2	1	0																143				
61	60	238	238	0.0	1/4	1/4	Spanner	4/4	2	1	0																143			5	
61	60	238	238	0.5	1/4	1/4	Chord	4/4	2	1	1/8		1/8	1	649												143			5	
61	60	477/2	477/2	0.5	3/8	3/8	Chord	4/4	2	1	1/8		1/8	1	650															5	
61	60	239	239	0.0	1/2	1/2	Spanner	4/4	2	1	0																				
61	60	239	239	0.0	1/2	1/2	Spanner	4/4	2	1	0																				9
61	60	239	239	0.5	1/2	1/2	Chord	4/4	2	1	1/8		1/8	1	651												144				9
61	60	479/2	479/2	0.5	5/8	5/8	Chord	4/4	2	1	1/8		1/8	1	652												144				9
61	60	240	240	0.0	3/4	3/4	Spanner	4/4	2	1	0																144				
61	60	240	240	0.0	3/4	3/4	Spanner	4/4	2	1	0																144			6	
61	60	240	240	0.5	3/4	3/4	Chord	4/4	2	1	1/8		1/8	1	653												144			6	
61	60	481/2	481/2	0.5	7/8	7/8	Chord	4/4	2	1	1/8		1/8	1	654															6	
61	60	237	237	0.5	0	0	Chord	4/4	3	1	1/8		1/8	1	655												145				
61	60	475/2	475/2	0.5	1/8	1/8	Chord	4/4	3	1	1/8		1/8	1	656												145				
61	60	238	238	0.5	1/4	1/4	Chord	4/4	3	1	1/8		1/8	1	657												145				
61	60	477/2	477/2	0.5	3/8	3/8	Chord	4/4	3	1	1/8		1/8	1	658												145				
61	60	239	239	0.0	1/2	1/2	Spanner	4/4	3	1	0																145			7	
61	60	239	239	0.5	1/2	1/2	Chord	4/4	3	1	1/8		1/8	1	659												145			7	
61	60	479/2	479/2	0.5	5/8	5/8	Chord	4/4	3	1	1/8		1/8	1	660												145			7	
61	60	240	240	0.5	3/4	3/4	Chord	4/4	3	1	1/8		1/8	1	661												145			7	
61	60	481/2	481/2	0.0	7/8	7/8	Spanner	4/4	3	1	0																				
61	60	481/2	481/2	0.5	7/8	7/8	Chord	4/4	3	1	1/8		1/8	1	662																
62	61	241	241	0.0	0	0	Spanner	4/4	2	1	0																				
62	61	241	241	0.5	0	0	Chord	4/4	2	1	1/8		1/8	1	663												146				
62	61	483/2	483/2	0.0	1/8	1/8	Spanner	4/4	2	1	0																146				10
62	61	483/2	483/2	0.5	1/8	1/8	Chord	4/4	2	1	1/8		1/8	1	664												146				10
62	61	242	242	0.5	1/4	1/4	Chord	4/4	2	1	1/8		1/8	1	665												146				10
62	61	485/2	485/2	0.5	3/8	3/8	Chord	4/4	2	1	1/8		1/8	1	666												146				10
62	61	243	243	0.5	1/2	1/2	Chord	4/4	2	1	1/8		1/8	1	667												146				10
62	61	487/2	487/2	0.5	5/8	5/8	Chord	4/4	2	1	1/8		1/8	1	668												146				10
62	61	244	244	0.0	3/4	3/4	Spanner	4/4	2	1	0																146				
62	61	244	244	0.5	3/4	3/4	Chord	4/4	2	1	1/8		1/8	1	669												146				
62	61	489/2	489/2	0.5	7/8	7/8	Chord	4/4	2	1	1/8		1/8	1	670																
62	61	241	241	0.5	0	0	Chord	4/4	3	1	1/8		1/8	1	671												147				
62	61	483/2	483/2	0.0	1/8	1/8	Spanner	4/4	3	1	0																147				11
62	61	483/2	483/2	0.5	1/8	1/8	Chord	4/4	3	1	1/8		1/8	1	672												147				11
62	61	242	242	0.5	1/4	1/4	Chord	4/4	3	1	1/8		1/8	1	673												147				11
62	61	485/2	485/2	0.5	3/8	3/8	Chord	4/4	3	1	1/8		1/8	1	674												147				11
62	61	243	243	0.5	1/2	1/2	Chord	4/4	3	1	1/8		1/8	1	675												147				11
62	61	487/2	487/2	0.5	5/8	5/8	Chord	4/4	3	1	1/8		1/8	1	676												147				11
62	61	244	244	0.5	3/4	3/4	Chord	4/4	3	1	1/8		1/8	1	677												147				11
62	61	489/2	489/2	0.0	7/8	7/8	Spanner	4/4	3	1	0																				
62	61	489/2	489/2	0.5	7/8	7/8	Chord	4/4	3	1	1/8		1/8	1	678																
63	62	245	245	0.0	0	0	Spanner	4/4	2	1	0																				12
63	62	245	245	0.5	0	0	Chord	4/4	2	1	1/8		1/8	1	679												148				12
63	62	491/2	491/2	0.5	1/8	1/8	Chord	4/4	2	1	1/8		1/8	1	680												148				12
63	62	246	246	0.0	1/4	1/4	Spanner	4/4	2	1	0																148				
63	62	246	246	0.0	1/4	1/4	Spanner	4/4	2	1	0																148			8	
63	62	246	246	0.5	1/4	1/4	Chord	4/4	2	1	1/8		1/8	1	681				articAccentAbove								148			8	
63	62	493/2	493/2	0.5	3/8	3/8	Chord	4/4	2	1	1/8		1/8	1	682															8	
63	62	247	247	0.0	1/2	1/2	Spanner	4/4	2	1	0																				
63	62	247	247	0.0	1/2	1/2	Spanner	4/4	2	1	0																				13
63	62	247	247	0.5	1/2	1/2	Chord	4/4	2	1	1/8		1/8	1	683												149				13
63	62	495/2	495/2	0.5	5/8	5/8	Chord	4/4	2	1	1/8		1/8	1	684												149				13
63	62	248	248	0.0	3/4	3/4	Spanner	4/4	2	1	0																149				
63	62	248	248	0.0	3/4	3/4	Spanner	4/4	2	1	0																149			9	
63	62	248	248	0.5	3/4	3/4	Chord	4/4	2	1	1/8		1/8	1	685				articAccentAbove								149			9	
63	62	497/2	497/2	0.5	7/8	7/8	Chord	4/4	2	1	1/8		1/8	1	686															9	
63	62	245	245	0.0	0	0	Spanner	4/4	3	1	0																			10	
63	62	245	245	0.5	0	0	Chord	4/4	3	1	1/8		1/8	1	687												150			10	
63	62	491/2	491/2	0.5	1/8	1/8	Chord	4/4	3	1	1/8		1/8	1	688												150			10	
63	62	246	246	0.0	1/4	1/4	Spanner	4/4	3	1	0																150				
63	62	246	246	0.0	1/4	1/4	Spanner	4/4	3	1	0																150				14
63	62	246	246	0.5	1/4	1/4	Chord	4/4	3	1	1/8		1/8	1	689												150				14
63	62	493/2	493/2	0.5	3/8	3/8	Chord	4/4	3	1	1/8		1/8	1	690												150				14
63	62	247	247	0.0	1/2	1/2	Dynamic	4/4	3	1	0							sf									150				
63	62	247	247	0.0	1/2	1/2	Spanner	4/4	3	1	0																150				
63	62	247	247	0.5	1/2	1/2	Chord	4/4	3	1	1/8		1/8	1	691												150				
63	62	495/2	495/2	0.0	5/8	5/8	Spanner	4/4	3	1	0																150			11	
63	62	495/2	495/2	0.5	5/8	5/8	Chord	4/4	3	1	1/8		1/8	1	692												150			11	
63	62	248	248	0.5	3/4	3/4	Chord	4/4	3	1	1/8		1/8	1	693												150			11	
63	62	497/2	497/2	0.0	7/8	7/8	Dynamic	4/4	3	1	0							mp													
63	62	497/2	497/2	0.0	7/8	7/8	Spanner	4/4	3	1	0																				
63	62	497/2	497/2	0.5	7/8	7/8	Chord	4/4	3	1	1/8		1/8	1	694																
64	63	249	249	0.0	0	0	Spanner	4/4	2	1	0																				
64	63	249	249	0.5	0	0	Chord	4/4	2	1	1/8		1/8	1	695												151				
64	63	499/2	499/2	0.5	1/8	1/8	Chord	4/4	2	1	1/8		1/8	1	696												151				
64	63	250	250	0.0	1/4	1/4	Spanner	4/4	2	1	0																151				15
64	63	250	250	0.5	1/4	1/4	Chord	4/4	2	1	1/8		1/8	1	697												151				15
64	63	501/2	501/2	0.5	3/8	3/8	Chord	4/4	2	1	1/8		1/8	1	698												151				15
64	63	251	251	0.0	1/2	1/2	Dynamic	4/4	2	1	0							f									151				
64	63	251	251	0.0	1/2	1/2	Spanner	4/4	2	1	0																151				
64	63	251	251	0.5	1/2	1/2	Chord	4/4	2	1	1/8		1/8	1	699												151				
64	63	503/2	503/2	0.5	5/8	5/8	Chord	4/4	2	1	1/8		1/8	1	700												151				
64	63	252	252	0.5	3/4	3/4	Chord	4/4	2	1	1/8		1/8	1	701												151				
64	63	505/2	505/2	0.5	7/8	7/8	Chord	4/4	2	1	1/8		1/8	1	702																
64	63	252	252	1.0	3/4	3/4	Chord	4/4	2	2	1/4		1/4	1	703				articAccentBelow								152				
64	63	249	249	0.0	0	0	Spanner	4/4	3	1	0																				16
64	63	249	249	0.5	0	0	Chord	4/4	3	1	1/8		1/8	1	704												153				16
64	63	499/2	499/2	0.5	1/8	1/8	Chord	4/4	3	1	1/8		1/8	1	705												153				16
64	63	250	250	0.5	1/4	1/4	Chord	4/4	3	1	1/8		1/8	1	706												153				16
64	63	501/2	501/2	0.5	3/8	3/8	Chord	4/4	3	1	1/8		1/8	1	707												153				16
64	63	251	251	0.0	1/2	1/2	Spanner	4/4	3	1	0																				
64	63	251	251	2.0	1/2	1/2	Chord	4/4	3	1	1/2		1/2	1	708				articAccentAbove								154				
65	64	253	253	0.5	0	0	Chord	4/4	2	1	1/8		1/8	1	709												155				
65	64	507/2	507/2	0.5	1/8	1/8	Chord	4/4	2	1	1/8		1/8	1	710																
65	64	254	254	0.5	1/4	1/4	Chord	4/4	2	1	1/8		1/8	1	711												156				
65	64	509/2	509/2	0.5	3/8	3/8	Chord	4/4	2	1	1/8		1/8	1	712																
65	64	255	255	0.5	1/2	1/2	Chord	4/4	2	1	1/8		1/8	1	713												157				
65	64	511/2	511/2	0.5	5/8	5/8	Chord	4/4	2	1	1/8		1/8	1	714																
65	64	256	256	0.0	3/4	3/4	Spanner	4/4	2	1	0																	0	0		
65	64	256	256	0.5	3/4	3/4	Chord	4/4	2	1	1/8		1/8	1	715												158	0	0		
65	64	513/2	513/2	0.5	7/8	7/8	Chord	4/4	2	1	1/8		1/8	1	716													0	0		
65	64	253	253	1.0	0	0	Chord	4/4	2	2	1/4		1/4	1	717				articAccentBelow								152	0	0		
65	64	254	254	1.0	1/4	1/4	Chord	4/4	2	2	1/4		1/4	1	718				articAccentBelow								152	0	0		
65	64	255	255	1.0	1/2	1/2	Chord	4/4	2	2	1/4		1/4	1	719				articAccentBelow								152	0	0		
65	64	256	256	0.5	3/4	3/4	Chord	4/4	2	2	1/8		1/8	1	720												152	0	0		
65	64	513/2	513/2	0.5	7/8	7/8	Chord	4/4	2	2	1/8		1/8	1	721													0	0		
65	64	253	253	4.0	0	0	Chord	4/4	3	1	1		1	1	722																
66	65	257	257	0.5	0	0	Chord	4/4	2	1	1/8		1/8	1	723												159	0	0		
66	65	515/2	515/2	0.5	1/8	1/8	Chord	4/4	2	1	1/8		1/8	1	724													0	0		
66	65	258	258	0.5	1/4	1/4	Chord	4/4	2	1	1/8		1/8	1	725												160	0	0		
66	65	517/2	517/2	0.5	3/8	3/8	Chord	4/4	2	1	1/8		1/8	1	726													0	0		
66	65	259	259	0.5	1/2	1/2	Chord	4/4	2	1	1/8		1/8	1	727												161	0	0		
66	65	519/2	519/2	0.5	5/8	5/8	Chord	4/4	2	1	1/8		1/8	1	728													0	0		
66	65	260	260	0.0	3/4	3/4	Spanner	4/4	2	1	0																				
66	65	260	260	0.5	3/4	3/4	Chord	4/4	2	1	1/8		1/8	1	729												162				
66	65	521/2	521/2	0.5	7/8	7/8	Chord	4/4	2	1	1/8		1/8	1	730																
66	65	257	257	1.0	0	0	Chord	4/4	2	2	1/4		1/4	1	731												163				
66	65	258	258	1.0	1/4	1/4	Chord	4/4	2	2	1/4		1/4	1	732												163				
66	65	259	259	1.0	1/2	1/2	Chord	4/4	2	2	1/4		1/4	1	733												163				
66	65	260	260	0.0	3/4	3/4	Spanner	4/4	2	2	0																163			12	
66	65	260	260	0.5	3/4	3/4	Chord	4/4	2	2	1/8		1/8	1	734												163			12	
66	65	521/2	521/2	0.5	7/8	7/8	Chord	4/4	2	2	1/8		1/8	1	735															12	
66	65	257	257	4.0	0	0	Chord	4/4	3	1	1		1	1	736																
67	66	261	261	0.5	0	0	Chord	4/4	2	1	1/8		1/8	1	737												164			12	
67	66	523/2	523/2	0.5	1/8	1/8	Chord	4/4	2	1	1/8		1/8	1	738																
67	66	262	262	0.5	1/4	1/4	Chord	4/4	2	1	1/8		1/8	1	739												165				
67	66	525/2	525/2	0.5	3/8	3/8	Chord	4/4	2	1	1/8		1/8	1	740																
67	66	263	263	0.5	1/2	1/2	Chord	4/4	2	1	1/8		1/8	1	741												166				
67	66	527/2	527/2	0.5	5/8	5/8	Chord	4/4	2	1	1/8		1/8	1	742																
67	66	264	264	0.5	3/4	3/4	Chord	4/4	2	1	1/8		1/8	1	743												167				
67	66	529/2	529/2	0.5	7/8	7/8	Chord	4/4	2	1	1/8		1/8	1	744																
67	66	261	261	1.0	0	0	Chord	4/4	2	2	1/4		1/4	1	745												168				
67	66	523/2	523/2	0.0	1/8	1/8	Spanner	4/4	2	2	0																168				
67	66	262	262	2.0	1/4	1/4	Chord	4/4	2	2	1/2		1/2	1	746												168				
67	66	264	264	1.0	3/4	3/4	Chord	4/4	2	2	1/4		1/4	1	747																
68	67	268	268	0.0	3/4	3/4	Dynamic	4/4	1	1	0							p													
68	67	268	268	1.0	3/4	3/4	Chord	4/4	1	1	1/4		1/4	1	748	Ein	One														
68	67	265	265	0.5	0	0	Chord	4/4	2	1	1/8		1/8	1	749												169				
68	67	531/2	531/2	0.5	1/8	1/8	Chord	4/4	2	1	1/8		1/8	1	750																
68	67	266	266	0.5	1/4	1/4	Chord	4/4	2	1	1/8		1/8	1	751												170				
68	67	533/2	533/2	0.5	3/8	3/8	Chord	4/4	2	1	1/8		1/8	1	752																
68	67	267	267	0.5	1/2	1/2	Chord	4/4	2	1	1/8		1/8	1	753												171				
68	67	535/2	535/2	0.5	5/8	5/8	Chord	4/4	2	1	1/8		1/8	1	754																
68	67	268	268	0.0	3/4	3/4	Dynamic	4/4	2	1	0							pp													
68	67	268	268	0.0	3/4	3/4	Dynamic	4/4	2	1	0							pp													
68	67	268	268	1.0	3/4	3/4	Chord	4/4	2	1	1/4		1/4	1	755																
68	67	265	265	1.0	0	0	Chord	4/4	2	2	1/4		1/4	1	756																
68	67	266	266	2.0	1/4	1/4	Chord	4/4	2	2	1/2		1/2	1	757																
68	67	268	268	0.5	3/4	3/4	Chord	4/4	2	2	1/8		1/8	1	758												172				
68	67	537/2	537/2	0.5	7/8	7/8	Chord	4/4	2	2	1/8		1/8	1	759																
69	68	269	269	0.0	0	0	StaffText	4/4	1	1	0									"ritornare al Tempo I.
zum Tempo I. zur√ºckkehrend"											
69	68	269	269	0.5	0	0	Chord	4/4	1	1	1/8		1/8	1	760	L√§mp-	ti-										173				
69	68	539/2	539/2	0.5	1/8	1/8	Chord	4/4	1	1	1/8		1/8	1	761		-ny														
69	68	270	270	2.0	1/4	1/4	Chord	4/4	1	1	1/2		1/2	1	762	-lein	lamp														
69	68	272	272	1.0	3/4	3/4	Chord	4/4	1	1	1/4		1/4	1	763	ver-	went														
69	68	269	269	0.5	0	0	Chord	4/4	1	2	1/8		1/8	1	764																
69	68	539/2	539/2	0.5	1/8	1/8	Chord	4/4	1	2	1/8		1/8	1	765																
69	68	270	270	0.5	1/4	1/4	Chord	4/4	2	1	1/8		1/8	1	766												174				
69	68	541/2	541/2	0.5	3/8	3/8	Chord	4/4	2	1	1/8		1/8	1	767																
69	68	271	271	2.0	1/2	1/2	Chord	4/4	2	1	1/2		1/2	1	768																
69	68	269	269	2.0	0	0	Chord	4/4	3	1	1/2		1/2	1	769																
69	68	272	272	0.5	3/4	3/4	Chord	4/4	3	1	1/8		1/8	1	770												175				
69	68	545/2	545/2	0.5	7/8	7/8	Chord	4/4	3	1	1/8		1/8	1	771																
70	69	273	273	0.5	0	0	Chord	4/4	1	1	1/8		1/8	1	772	-losch	out:										176				
70	69	547/2	547/2	0.5	1/8	1/8	Chord	4/4	1	1	1/8		1/8	1	773				articAccentAbove								176				
70	69	274	274	2.0	1/4	1/4	Chord	4/4	1	1	1/2		1/2	1	774				articAccentAbove												
70	69	276	276	1.0	3/4	3/4	Chord	4/4	1	1	1/4		1/4	1	775	in	my														
70	69	274	274	0.5	1/4	1/4	Chord	4/4	2	1	1/8		1/8	1	776												177				
70	69	549/2	549/2	0.5	3/8	3/8	Chord	4/4	2	1	1/8		1/8	1	777																
70	69	275	275	2.0	1/2	1/2	Chord	4/4	2	1	1/2		1/2	1	778																
70	69	273	273	2.0	0	0	Chord	4/4	3	1	1/2		1/2	1	779																
70	69	276	276	0.5	3/4	3/4	Chord	4/4	3	1	1/8		1/8	1	780												178				
70	69	553/2	553/2	0.5	7/8	7/8	Chord	4/4	3	1	1/8		1/8	1	781																
71	70	277	277	3.0	0	0	Chord	4/4	1	1	3/4		1/2	3/2	782	mei-	soul‚Äôs														
71	70	280	280	1.0	3/4	3/4	Chord	4/4	1	1	1/4		1/4	1	783	-nem	de-														
71	70	277	277	3.0	0	0	Chord	4/4	2	1	3/4		1/2	3/2	784																
71	70	280	280	0.5	3/4	3/4	Chord	4/4	2	1	1/8		1/8	1	785												179				
71	70	561/2	561/2	0.5	7/8	7/8	Chord	4/4	2	1	1/8		1/8	1	786																
71	70	277	277	1.0	0	0	Chord	4/4	3	1	1/4		1/4	1	787																
71	70	278	278	0.5	1/4	1/4	Chord	4/4	3	1	1/8		1/8	1	788												180				
71	70	557/2	557/2	0.5	3/8	3/8	Chord	4/4	3	1	1/8		1/8	1	789																
71	70	279	279	1.0	1/2	1/2	Chord	4/4	3	1	1/4		1/4	1	790																
71	70	280	280	0.0	3/4	3/4	StaffText	4/4	3	1	0									espr.											
71	70	280	280	0.5	3/4	3/4	Chord	4/4	3	1	1/8		1/8	1	791												181				
71	70	561/2	561/2	0.5	7/8	7/8	Chord	4/4	3	1	1/8		1/8	1	792																
72	71	281	281	4.0	0	0	Chord	4/4	1	1	1		1	1	793	Zelt!	-light!														
72	71	281	281	0.5	0	0	Chord	4/4	2	1	1/8		1/8	1	794				articAccentAbove								182				
72	71	563/2	563/2	1.0	1/8	1/8	Chord	4/4	2	1	1/4		1/4	1	795												182				
72	71	565/2	565/2	0.5	3/8	3/8	Chord	4/4	2	1	1/8		1/8	1	796																
72	71	283	283	0.5	1/2	1/2	Chord	4/4	2	1	1/8		1/8	1	797				articAccentAbove								183				
72	71	567/2	567/2	1.0	5/8	5/8	Chord	4/4	2	1	1/4		1/4	1	798												183				
72	71	569/2	569/2	0.5	7/8	7/8	Chord	4/4	2	1	1/8		1/8	1	799																
72	71	281	281	4.0	0	0	Chord	4/4	2	2	1		1	1	800																
72	71	281	281	1.0	0	0	Chord	4/4	3	1	1/4		1/4	1	801												184				
72	71	282	282	2.0	1/4	1/4	Chord	4/4	3	1	1/2		1/2	1	802												184				
72	71	284	284	0.5	3/4	3/4	Chord	4/4	3	1	1/8		1/8	1	803												184				
72	71	569/2	569/2	0.5	7/8	7/8	Chord	4/4	3	1	1/8		1/8	1	804																
73	72	285	285	0.5	0	0	Chord	4/4	2	1	1/8		1/8	1	805												185				
73	72	571/2	571/2	0.5	1/8	1/8	Chord	4/4	2	1	1/8		1/8	1	806																
73	72	286	286	2.0	1/4	1/4	Chord	4/4	2	1	1/2		1/2	1	807																
73	72	288	288	0.0	3/4	3/4	Dynamic	4/4	2	1	0							pp													
73	72	288	288	1.0	3/4	3/4	Chord	4/4	2	1	1/4		1/4	1	808												186				
73	72	285	285	3.0	0	0	Chord	4/4	2	2	3/4		1/2	3/2	809																
73	72	285	285	1.5	0	0	Chord	4/4	3	1	3/8		1/4	3/2	810												187				
73	72	573/2	573/2	0.5	3/8	3/8	Chord	4/4	3	1	1/8		1/8	1	811												187				
73	72	287	287	2.0	1/2	1/2	Chord	4/4	3	1	1/2		1/2	1	812																
74	73	289	289	0.0	0	0	SystemText	4/4	1	1	0										Tempo I										
74	73	289	289	0.0	0	0	Tempo	4/4	1	1	0											ùÖü=56	56.0	ùÖü	56.0	0.0					
74	73	289	289	2.0	0	0	Chord	4/4	2	1	1/2		1/2	1	813												186				
74	73	291	291	1.5	1/2	1/2	Chord	4/4	2	1	3/8		1/4	3/2	814																
74	73	585/2	585/2	0.5	7/8	7/8	Chord	4/4	2	1	1/8		1/8	1	815																
74	73	289	289	0.5	0	0	Chord	4/4	3	1	1/8		1/8	1	816												188				
74	73	579/2	579/2	0.5	1/8	1/8	Chord	4/4	3	1	1/8		1/8	1	817												188				
74	73	290	290	0.5	1/4	1/4	Chord	4/4	3	1	1/8		1/8	1	818												188				
74	73	581/2	581/2	0.5	3/8	3/8	Chord	4/4	3	1	1/8		1/8	1	819												188				
74	73	291	291	0.5	1/2	1/2	Chord	4/4	3	1	1/8		1/8	1	820												188				
74	73	583/2	583/2	0.5	5/8	5/8	Chord	4/4	3	1	1/8		1/8	1	821												188				
74	73	292	292	0.5	3/4	3/4	Chord	4/4	3	1	1/8		1/8	1	822												188				
74	73	585/2	585/2	0.5	7/8	7/8	Chord	4/4	3	1	1/8		1/8	1	823																
74	73	289	289	4.0	0	0	Chord	4/4	3	2	1		1	1	824																
75	74	293	293	0.0	0	0	StaffText	4/4	1	1	0									"con agitazione
mit Ersch√ºtterung"											
75	74	293	293	0.0	0	0	Dynamic	4/4	1	1	0							mf													
75	74	293	293	1.0	0	0	Chord	4/4	1	1	1/4		1/4	1	825	Heil!	Hail!										189				
75	74	294	294	1.0	1/4	1/4	Chord	4/4	1	1	1/4		1/4	1	826																
75	74	293	293	0.5	0	0	Chord	4/4	2	1	1/8		1/8	1	827												190				
75	74	587/2	587/2	0.5	1/8	1/8	Chord	4/4	2	1	1/8		1/8	1	828																
75	74	294	294	2.0	1/4	1/4	Chord	4/4	2	1	1/2		1/2	1	829												191				
75	74	296	296	0.5	3/4	3/4	Chord	4/4	2	1	1/8		1/8	1	830												191				
75	74	593/2	593/2	0.5	7/8	7/8	Chord	4/4	2	1	1/8		1/8	1	831																
75	74	293	293	0.5	0	0	Chord	4/4	3	1	1/8		1/8	1	832												192				
75	74	587/2	587/2	0.5	1/8	1/8	Chord	4/4	3	1	1/8		1/8	1	833												192				
75	74	294	294	0.5	1/4	1/4	Chord	4/4	3	1	1/8		1/8	1	834												192				
75	74	589/2	589/2	0.5	3/8	3/8	Chord	4/4	3	1	1/8		1/8	1	835												192				
75	74	295	295	0.5	1/2	1/2	Chord	4/4	3	1	1/8		1/8	1	836												192				
75	74	591/2	591/2	0.5	5/8	5/8	Chord	4/4	3	1	1/8		1/8	1	837												192				
75	74	296	296	0.5	3/4	3/4	Chord	4/4	3	1	1/8		1/8	1	838												192				
75	74	593/2	593/2	0.5	7/8	7/8	Chord	4/4	3	1	1/8		1/8	1	839																
76	75	297	297	0.0	0	0	Dynamic	4/4	1	1	0							p													
76	75	297	297	1.0	0	0	Chord	4/4	1	1	1/4		1/4	1	840	Heil	Hail										193				
76	75	298	298	1.5	1/4	1/4	Chord	4/4	1	1	3/8		1/4	3/2	841												193				
76	75	599/2	599/2	0.5	5/8	5/8	Chord	4/4	1	1	1/8		1/8	1	842																
76	75	300	300	0.5	3/4	3/4	Chord	4/4	1	1	1/8		1/8	1	843	sei	to														
76	75	601/2	601/2	0.5	7/8	7/8	Chord	4/4	1	1	1/8		1/8	1	844	dem	the														
76	75	297	297	0.5	0	0	Chord	4/4	2	1	1/8		1/8	1	845												194				
76	75	595/2	595/2	0.5	1/8	1/8	Chord	4/4	2	1	1/8		1/8	1	846												194				
76	75	298	298	1.5	1/4	1/4	Chord	4/4	2	1	3/8		1/4	3/2	847												194				
76	75	599/2	599/2	0.5	5/8	5/8	Chord	4/4	2	1	1/8		1/8	1	848												194				
76	75	300	300	0.5	3/4	3/4	Chord	4/4	2	1	1/8		1/8	1	849												194				
76	75	601/2	601/2	0.5	7/8	7/8	Chord	4/4	2	1	1/8		1/8	1	850																
76	75	297	297	0.5	0	0	Chord	4/4	3	1	1/8		1/8	1	851												195				
76	75	595/2	595/2	0.5	1/8	1/8	Chord	4/4	3	1	1/8		1/8	1	852												195				
76	75	298	298	0.5	1/4	1/4	Chord	4/4	3	1	1/8		1/8	1	853												195				
76	75	597/2	597/2	0.5	3/8	3/8	Chord	4/4	3	1	1/8		1/8	1	854												195				
76	75	299	299	0.5	1/2	1/2	Chord	4/4	3	1	1/8		1/8	1	855												195				
76	75	599/2	599/2	0.5	5/8	5/8	Chord	4/4	3	1	1/8		1/8	1	856												195				
76	75	300	300	0.5	3/4	3/4	Chord	4/4	3	1	1/8		1/8	1	857												195				
76	75	601/2	601/2	0.5	7/8	7/8	Chord	4/4	3	1	1/8		1/8	1	858																
77	76	301	301	0.5	0	0	Chord	4/4	1	1	1/8		1/8	1	859	Freu-	light										196				
77	76	603/2	603/2	0.5	1/8	1/8	Chord	4/4	1	1	1/8		1/8	1	860												196				
77	76	302	302	0.5	1/4	1/4	Chord	4/4	1	1	1/8		1/8	1	861																
77	76	605/2	605/2	0.5	3/8	3/8	Chord	4/4	1	1	1/8		1/8	1	862	-den-	that														
77	76	303	303	0.0	1/2	1/2	Chord	4/4	1	1	0	grace16after	1/16	1	863																
77	76	303	303	0.0	1/2	1/2	Chord	4/4	1	1	0	grace16after	1/16	1	864																
77	76	303	303	1.0	1/2	1/2	Chord	4/4	1	1	1/4		1/4	1	865	-licht	glads										197				
77	76	304	304	0.5	3/4	3/4	Chord	4/4	1	1	1/8		1/8	1	866																
77	76	609/2	609/2	0.5	7/8	7/8	Chord	4/4	1	1	1/8		1/8	1	867	der	our														
77	76	301	301	0.5	0	0	Chord	4/4	2	1	1/8		1/8	1	868												198				
77	76	603/2	603/2	0.5	1/8	1/8	Chord	4/4	2	1	1/8		1/8	1	869												198				
77	76	302	302	0.5	1/4	1/4	Chord	4/4	2	1	1/8		1/8	1	870												198				
77	76	605/2	605/2	0.5	3/8	3/8	Chord	4/4	2	1	1/8		1/8	1	871												198				
77	76	303	303	1.0	1/2	1/2	Chord	4/4	2	1	1/4		1/4	1	872												198				
77	76	304	304	0.5	3/4	3/4	Chord	4/4	2	1	1/8		1/8	1	873												198				
77	76	609/2	609/2	0.5	7/8	7/8	Chord	4/4	2	1	1/8		1/8	1	874																
77	76	301	301	0.5	0	0	Chord	4/4	3	1	1/8		1/8	1	875												199				
77	76	603/2	603/2	0.5	1/8	1/8	Chord	4/4	3	1	1/8		1/8	1	876												199				
77	76	302	302	0.5	1/4	1/4	Chord	4/4	3	1	1/8		1/8	1	877												199				
77	76	605/2	605/2	0.5	3/8	3/8	Chord	4/4	3	1	1/8		1/8	1	878												199				
77	76	303	303	0.5	1/2	1/2	Chord	4/4	3	1	1/8		1/8	1	879												199				
77	76	607/2	607/2	0.5	5/8	5/8	Chord	4/4	3	1	1/8		1/8	1	880												199				
77	76	304	304	0.5	3/4	3/4	Chord	4/4	3	1	1/8		1/8	1	881												199				
77	76	609/2	609/2	0.5	7/8	7/8	Chord	4/4	3	1	1/8		1/8	1	882																
77	76	304	304	1.0	3/4	3/4	Chord	4/4	3	2	1/4		1/4	1	883												200				
78	77	305	305	1.0	0	0	Chord	4/4	1	1	1/4		1/4	1	884	Welt,	sight,										201				
78	77	306	306	2.0	1/4	1/4	Chord	4/4	1	1	1/2		1/2	1	885																
78	77	305	305	1.0	0	0	Chord	4/4	2	1	1/4		1/4	1	886												202				
78	77	306	306	2.0	1/4	1/4	Chord	4/4	2	1	1/2		1/2	1	887																
78	77	308	308	0.5	3/4	3/4	Chord	4/4	2	1	1/8		1/8	1	888												203				
78	77	617/2	617/2	0.0	7/8	7/8	StaffText	4/4	2	1	0									espr.											
78	77	617/2	617/2	0.5	7/8	7/8	Chord	4/4	2	1	1/8		1/8	1	889																
78	77	305	305	0.5	0	0	Chord	4/4	3	1	1/8		1/8	1	890												204				
78	77	611/2	611/2	0.5	1/8	1/8	Chord	4/4	3	1	1/8		1/8	1	891												204				
78	77	306	306	0.5	1/4	1/4	Chord	4/4	3	1	1/8		1/8	1	892												204				
78	77	613/2	613/2	0.5	3/8	3/8	Chord	4/4	3	1	1/8		1/8	1	893												204				
78	77	307	307	1.0	1/2	1/2	Chord	4/4	3	1	1/4		1/4	1	894																
78	77	305	305	3.0	0	0	Chord	4/4	3	2	3/4		1/2	3/2	895																
78	77	308	308	1.0	3/4	3/4	Chord	4/4	3	2	1/4		1/4	1	896																
79	78	309	309	1.0	0	0	Chord	4/4	2	1	1/4		1/4	1	897												205				
79	78	310	310	2.0	1/4	1/4	Chord	4/4	2	1	1/2		1/2	1	898																
79	78	312	312	0.5	3/4	3/4	Chord	4/4	2	1	1/8		1/8	1	899												206				
79	78	625/2	625/2	0.5	7/8	7/8	Chord	4/4	2	1	1/8		1/8	1	900																
79	78	309	309	3.0	0	0	Chord	4/4	3	1	3/4		1/2	3/2	901												207				
79	78	312	312	1.0	3/4	3/4	Chord	4/4	3	1	1/4		1/4	1	902																
79	78	309	309	4.0	0	0	Chord	4/4	3	2	1		1	1	903																
79	78	309	309	3.0	0	0	Chord	4/4	3	3	3/4		1/2	3/2	904																
79	78	312	312	1.0	3/4	3/4	Chord	4/4	3	3	1/4		1/4	1	905																
80	79	316	316	0.5	3/4	3/4	Chord	4/4	1	1	1/8		1/8	1	906	-dem	the		articAccentAbove								208				
80	79	633/2	633/2	0.5	7/8	7/8	Chord	4/4	1	1	1/8		1/8	1	907																
80	79	313	313	0.0	0	0	Spanner	4/4	2	1	0																				17
80	79	313	313	0.5	0	0	Chord	4/4	2	1	1/8		1/8	1	908												209				17
80	79	627/2	627/2	0.5	1/8	1/8	Chord	4/4	2	1	1/8		1/8	1	909												209				17
80	79	314	314	0.5	1/4	1/4	Chord	4/4	2	1	1/8		1/8	1	910												209				17
80	79	629/2	629/2	0.5	3/8	3/8	Chord	4/4	2	1	1/8		1/8	1	911												209				17
80	79	315	315	0.5	1/2	1/2	Chord	4/4	2	1	1/8		1/8	1	912												209				17
80	79	631/2	631/2	0.0	5/8	5/8	Spanner	4/4	2	1	0																209				
80	79	631/2	631/2	0.5	5/8	5/8	Chord	4/4	2	1	1/8		1/8	1	913												209				
80	79	316	316	0.0	3/4	3/4	Spanner	4/4	2	1	0																209			13	
80	79	316	316	0.5	3/4	3/4	Chord	4/4	2	1	1/8		1/8	1	914				articAccentAbove								209			13	
80	79	633/2	633/2	0.5	7/8	7/8	Chord	4/4	2	1	1/8		1/8	1	915															13	
80	79	313	313	1.0	0	0	Chord	4/4	3	1	1/4		1/4	1	916												210				
80	79	314	314	1.0	1/4	1/4	Chord	4/4	3	1	1/4		1/4	1	917												210				
80	79	315	315	1.0	1/2	1/2	Chord	4/4	3	1	1/4		1/4	1	918												210				
80	79	316	316	1.0	3/4	3/4	Chord	4/4	3	1	1/4		1/4	1	919																
80	79	313	313	4.0	0	0	Chord	4/4	3	2	1		1	1	920																
81	80	317	317	0.0	0	0	Spanner	4/4	1	1	0																				18
81	80	317	317	1.0	0	0	Chord	4/4	1	1	1/4		1/4	1	921	Freu-	light										211				18
81	80	318	318	1.5	1/4	1/4	Chord	4/4	1	1	3/8		1/4	3/2	922												211				18
81	80	639/2	639/2	0.0	5/8	5/8	Spanner	4/4	1	1	0																				
81	80	639/2	639/2	0.0	5/8	5/8	Spanner	4/4	1	1	0																			14	
81	80	639/2	639/2	0.5	5/8	5/8	Chord	4/4	1	1	1/8		1/8	1	923															14	
81	80	320	320	0.5	3/4	3/4	Chord	4/4	1	1	1/8		1/8	1	924	-den-	that										212			14	
81	80	641/2	641/2	0.5	7/8	7/8	Chord	4/4	1	1	1/8		1/8	1	925															14	
81	80	317	317	0.0	0	0	Spanner	4/4	2	1	0																				
81	80	317	317	1.0	0	0	Chord	4/4	2	1	1/4		1/4	1	926												213				
81	80	318	318	0.0	1/4	1/4	Spanner	4/4	2	1	0																213				19
81	80	318	318	1.5	1/4	1/4	Chord	4/4	2	1	3/8		1/4	3/2	927												213				19
81	80	639/2	639/2	0.0	5/8	5/8	Spanner	4/4	2	1	0																213				
81	80	639/2	639/2	0.0	5/8	5/8	Spanner	4/4	2	1	0																213			15	
81	80	639/2	639/2	0.5	5/8	5/8	Chord	4/4	2	1	1/8		1/8	1	928												213			15	
81	80	320	320	0.5	3/4	3/4	Chord	4/4	2	1	1/8		1/8	1	929												213			15	
81	80	641/2	641/2	0.5	7/8	7/8	Chord	4/4	2	1	1/8		1/8	1	930															15	
81	80	317	317	0.5	0	0	Chord	4/4	3	1	1/8		1/8	1	931												214				
81	80	635/2	635/2	0.5	1/8	1/8	Chord	4/4	3	1	1/8		1/8	1	932																
81	80	318	318	0.5	1/4	1/4	Chord	4/4	3	1	1/8		1/8	1	933																
81	80	637/2	637/2	0.5	3/8	3/8	Chord	4/4	3	1	1/8		1/8	1	934																
81	80	319	319	0.5	1/2	1/2	Chord	4/4	3	1	1/8		1/8	1	935																
81	80	639/2	639/2	0.5	5/8	5/8	Chord	4/4	3	1	1/8		1/8	1	936																
81	80	320	320	1.0	3/4	3/4	Chord	4/4	3	1	1/4		1/4	1	937																
81	80	317	317	3.0	0	0	Chord	4/4	3	2	3/4		1/2	3/2	938												215				
81	80	320	320	1.0	3/4	3/4	Chord	4/4	3	2	1/4		1/4	1	939																
82	81	321	321	0.0	0	0	Spanner	4/4	1	1	0																				
82	81	321	321	2.0	0	0	Chord	4/4	1	1	1/2		1/2	1	940	-licht	glads										216				
82	81	323	323	0.0	1/2	1/2	Spanner	4/4	1	1	0																				20
82	81	323	323	1.5	1/2	1/2	Chord	4/4	1	1	3/8		1/4	3/2	941																20
82	81	649/2	649/2	0.0	7/8	7/8	Spanner	4/4	1	1	0																				
82	81	649/2	649/2	0.5	7/8	7/8	Chord	4/4	1	1	1/8		1/8	1	942	der	our														
82	81	321	321	0.0	0	0	Spanner	4/4	2	1	0																				
82	81	321	321	2.0	0	0	Chord	4/4	2	1	1/2		1/2	1	943												217				
82	81	323	323	1.5	1/2	1/2	Chord	4/4	2	1	3/8		1/4	3/2	944												217				
82	81	649/2	649/2	0.5	7/8	7/8	Chord	4/4	2	1	1/8		1/8	1	945																
82	81	321	321	0.5	0	0	Chord	4/4	3	1	1/8		1/8	1	946												218				
82	81	643/2	643/2	0.5	1/8	1/8	Chord	4/4	3	1	1/8		1/8	1	947												218				
82	81	322	322	0.0	1/4	1/4	Spanner	4/4	3	1	0																218				21
82	81	322	322	0.5	1/4	1/4	Chord	4/4	3	1	1/8		1/8	1	948												218				21
82	81	645/2	645/2	0.5	3/8	3/8	Chord	4/4	3	1	1/8		1/8	1	949												218				21
82	81	323	323	0.5	1/2	1/2	Chord	4/4	3	1	1/8		1/8	1	950												218				21
82	81	647/2	647/2	0.5	5/8	5/8	Chord	4/4	3	1	1/8		1/8	1	951												218				21
82	81	324	324	0.5	3/4	3/4	Chord	4/4	3	1	1/8		1/8	1	952												218				21
82	81	649/2	649/2	0.0	7/8	7/8	Spanner	4/4	3	1	0																				
82	81	649/2	649/2	0.5	7/8	7/8	Chord	4/4	3	1	1/8		1/8	1	953																
82	81	321	321	4.0	0	0	Chord	4/4	3	2	1		1	1	954																
83	82	325	325	0.0	0	0	Dynamic	4/4	1	1	0							sf													
83	82	325	325	0.0	0	0	Spanner	4/4	1	1	0																			16	
83	82	325	325	4.0	0	0	Chord	4/4	1	1	1		1	1	955	Welt.	sight!													16	
83	82	327	327	0.0	1/2	1/2	Spanner	4/4	1	1	0																				
83	82	328	328	0.0	3/4	3/4	Dynamic	4/4	1	2	0							pp													
83	82	327	327	0.0	1/2	1/2	Dynamic	4/4	2	1	0							pp													
83	82	327	327	1.0	1/2	1/2	Chord	4/4	2	1	1/4		1/4	1	956																
83	82	328	328	1.0	3/4	3/4	Chord	4/4	2	1	1/4		1/4	1	957																
83	82	325	325	4.0	0	0	Chord	4/4	2	2	1		1	1	958																
83	82	325	325	0.5	0	0	Chord	4/4	3	1	1/8		1/8	1	959																
83	82	651/2	651/2	0.5	1/8	1/8	Chord	4/4	3	1	1/8		1/8	1	960												219				
83	82	326	326	0.5	1/4	1/4	Chord	4/4	3	1	1/8		1/8	1	961												219				
83	82	653/2	653/2	0.5	3/8	3/8	Chord	4/4	3	1	1/8		1/8	1	962												219				
83	82	327	327	0.5	1/2	1/2	Chord	4/4	3	1	1/8		1/8	1	963												219				
83	82	655/2	655/2	0.5	5/8	5/8	Chord	4/4	3	1	1/8		1/8	1	964												219				
83	82	328	328	0.5	3/4	3/4	Chord	4/4	3	1	1/8		1/8	1	965												219				
83	82	657/2	657/2	0.5	7/8	7/8	Chord	4/4	3	1	1/8		1/8	1	966												219				
83	82	325	325	4.0	0	0	Chord	4/4	3	2	1		1	1	967																
84	83	331	331	0.0	1/2	1/2	Dynamic	4/4	2	1	0							ppp													
84	83	331	331	2.0	1/2	1/2	Chord	4/4	2	1	1/2		1/2	1	968																
84	83	329	329	4.0	0	0	Chord	4/4	2	2	1		1	1	969																
84	83	329	329	0.5	0	0	Chord	4/4	3	1	1/8		1/8	1	970												219				
84	83	659/2	659/2	0.5	1/8	1/8	Chord	4/4	3	1	1/8		1/8	1	971												219				
84	83	330	330	0.5	1/4	1/4	Chord	4/4	3	1	1/8		1/8	1	972												219				
84	83	661/2	661/2	0.5	3/8	3/8	Chord	4/4	3	1	1/8		1/8	1	973												219				
84	83	331	331	1.0	1/2	1/2	Chord	4/4	3	1	1/4		1/4	1	974												219				
84	83	332	332	1.0	3/4	3/4	Chord	4/4	3	1	1/4		1/4	1	975																
84	83	329	329	4.0	0	0	Chord	4/4	3	2	1		1	1	976																
85	84	333	333	4.0	0	0	Chord	4/4	2	1	1		1	1	977																
