mc	mn	quarterbeats	quarterbeats_all_endings	duration_qb	mc_onset	mn_onset	event	timesig	staff	voice	duration	gracenote	nominal_duration	scalar	chord_id	lyrics_1	lyrics_2	dynamics	articulation	staff_text	system_text	tempo	qpm	metronome_base	metronome_number	tempo_visible	slur	TextLine	TextLine_rit.  	crescendo_line	crescendo_hairpin	decrescendo_hairpin	Ottava:8va
1	0	0	0	0.0	0	3/4	Tempo	2/2	1	1	0											ùÖü=70	70.0	ùÖü	70.0	0.0							
1	0	0	0	0.0	0	3/4	SystemText	2/2	1	1	0										Ruhig bewegt, ohne zu eilen												
1	0	0	0	0.0	0	3/4	StaffText	2/2	1	1	0									Tranquillo con moto, senza fretta													
1	0	0	0	0.0	0	3/4	Dynamic	2/2	2	1	0							p															
1	0	0	0	0.0	0	3/4	StaffText	2/2	2	1	0									"con sentimento
mit Empfindung"													
1	0	0	0	1.0	0	3/4	Chord	2/2	2	1	1/4		1/4	1	0																		
2	1	1	1	1.0	0	0	Chord	2/2	2	1	1/4		1/4	1	1												0						
2	1	2	2	1.0	1/4	1/4	Chord	2/2	2	1	1/4		1/4	1	2												0						
2	1	3	3	0.0	1/2	1/2	Spanner	2/2	2	1	0																0				0		
2	1	3	3	1.0	1/2	1/2	Chord	2/2	2	1	1/4		1/4	1	3												0				0		
2	1	4	4	1.0	3/4	3/4	Chord	2/2	2	1	1/4		1/4	1	4												0				0		
2	1	1	1	2.0	0	0	Chord	2/2	3	1	1/2		1/2	1	5																		
2	1	3	3	1.0	1/2	1/2	Chord	2/2	3	1	1/4		1/4	1	6																		
2	1	4	4	1.0	3/4	3/4	Chord	2/2	3	1	1/4		1/4	1	7																		
2	1	1	1	0.5	0	0	Chord	2/2	3	2	1/8		1/8	1	8												1						
2	1	3/2	3/2	1.0	1/8	1/8	Chord	2/2	3	2	1/4		1/4	1	9																		
2	1	5/2	5/2	0.5	3/8	3/8	Chord	2/2	3	2	1/8		1/8	1	10												2						
2	1	3	3	0.5	1/2	1/2	Chord	2/2	3	2	1/8		1/8	1	11												2						
2	1	7/2	7/2	1.0	5/8	5/8	Chord	2/2	3	2	1/4		1/4	1	12																		
2	1	9/2	9/2	0.5	7/8	7/8	Chord	2/2	3	2	1/8		1/8	1	13																		
3	2	5	5	1.0	0	0	Chord	2/2	2	1	1/4		1/4	1	14												0				0		
3	2	6	6	0.0	1/4	1/4	Spanner	2/2	2	1	0																0						
3	2	6	6	1.0	1/4	1/4	Chord	2/2	2	1	1/4		1/4	1	15												0						
3	2	7	7	0.0	1/2	1/2	Spanner	2/2	2	1	0																0					0	
3	2	7	7	0.0	1/2	1/2	Chord	2/2	2	1	0	acciaccatura	1/8	1	16												0					0	
3	2	7	7	1.0	1/2	1/2	Chord	2/2	2	1	1/4		1/4	1	17				articAccentBelow								0					0	
3	2	8	8	1.0	3/4	3/4	Chord	2/2	2	1	1/4		1/4	1	18																	0	
3	2	5	5	1.0	0	0	Chord	2/2	3	1	1/4		1/4	1	19																		
3	2	6	6	1.0	1/4	1/4	Chord	2/2	3	1	1/4		1/4	1	20																		
3	2	7	7	2.0	1/2	1/2	Chord	2/2	3	1	1/2		1/2	1	21																		
3	2	5	5	0.5	0	0	Chord	2/2	3	2	1/8		1/8	1	22																		
3	2	11/2	11/2	0.5	1/8	1/8	Chord	2/2	3	2	1/8		1/8	1	23												3						
3	2	6	6	0.5	1/4	1/4	Chord	2/2	3	2	1/8		1/8	1	24												3						
3	2	13/2	13/2	0.5	3/8	3/8	Chord	2/2	3	2	1/8		1/8	1	25												3						
3	2	7	7	2.0	1/2	1/2	Chord	2/2	3	2	1/2		1/2	1	26																		
3	2	6	6	1.0	1/4	1/4	Chord	2/2	3	3	1/4		1/4	1	27																		
4	3	9	9	0.0	0	0	Spanner	2/2	2	1	0																						
4	3	9	9	0.0	0	0	Spanner	2/2	2	1	0																				1		
4	3	9	9	1.0	0	0	Chord	2/2	2	1	1/4		1/4	1	28												4				1		
4	3	10	10	0.0	1/4	1/4	Spanner	2/2	2	1	0																4						
4	3	10	10	1.0	1/4	1/4	Chord	2/2	2	1	1/4		1/4	1	29												4						
4	3	11	11	0.0	1/2	1/2	Spanner	2/2	2	1	0																					1	
4	3	11	11	2.0	1/2	1/2	Chord	2/2	2	1	1/2		1/2	1	30				articAccentAbove													1	
4	3	9	9	1.0	0	0	Chord	2/2	3	1	1/4		1/4	1	31																		
4	3	10	10	1.0	1/4	1/4	Chord	2/2	3	1	1/4		1/4	1	32																		
4	3	9	9	0.5	0	0	Chord	2/2	3	2	1/8		1/8	1	33				articAccentBelow								5						
4	3	19/2	19/2	1.0	1/8	1/8	Chord	2/2	3	2	1/4		1/4	1	34																		
4	3	21/2	21/2	0.5	3/8	3/8	Chord	2/2	3	2	1/8		1/8	1	35												6						
4	3	11	11	1.5	1/2	1/2	Chord	2/2	3	2	3/8		1/4	3/2	36												6						
4	3	25/2	25/2	0.5	7/8	7/8	Chord	2/2	3	2	1/8		1/8	1	37																		
5	4	13	13	0.0	0	0	Spanner	2/2	2	1	0																						
5	4	13	13	0.0	0	0	Spanner	2/2	2	1	0																				2		
5	4	13	13	1.0	0	0	Chord	2/2	2	1	1/4		1/4	1	38												7				2		
5	4	14	14	1.0	1/4	1/4	Chord	2/2	2	1	1/4		1/4	1	39												7				2		
5	4	15	15	0.0	1/2	1/2	Spanner	2/2	2	1	0																						
5	4	15	15	0.0	1/2	1/2	Spanner	2/2	2	1	0																					2	
5	4	15	15	2.0	1/2	1/2	Chord	2/2	2	1	1/2		1/2	1	40				articAccentBelow													2	
5	4	13	13	1.0	0	0	Chord	2/2	3	1	1/4		1/4	1	41																		
5	4	14	14	1.0	1/4	1/4	Chord	2/2	3	1	1/4		1/4	1	42																		
5	4	13	13	0.5	0	0	Chord	2/2	3	2	1/8		1/8	1	43												8						
5	4	27/2	27/2	1.0	1/8	1/8	Chord	2/2	3	2	1/4		1/4	1	44																		
5	4	29/2	29/2	0.5	3/8	3/8	Chord	2/2	3	2	1/8		1/8	1	45												9						
5	4	15	15	1.5	1/2	1/2	Chord	2/2	3	2	3/8		1/4	3/2	46												9						
5	4	33/2	33/2	0.5	7/8	7/8	Chord	2/2	3	2	1/8		1/8	1	47																		
6	5	20	20	0.0	3/4	3/4	StaffText	2/2	1	1	0									"Semplice, con calore
Schlicht, aber warm"													
6	5	20	20	1.0	3/4	3/4	Chord	2/2	1	1	1/4		1/4	1	48	Oft	I																
6	5	17	17	0.0	0	0	Spanner	2/2	2	1	0																						
6	5	17	17	1.0	0	0	Chord	2/2	2	1	1/4		1/4	1	49												10						
6	5	18	18	1.0	1/4	1/4	Chord	2/2	2	1	1/4		1/4	1	50												10						
6	5	19	19	1.0	1/2	1/2	Chord	2/2	2	1	1/4		1/4	1	51												10						
6	5	20	20	1.0	3/4	3/4	Chord	2/2	2	1	1/4		1/4	1	52												11						
6	5	18	18	1.0	1/4	1/4	Chord	2/2	3	1	1/4		1/4	1	53																		
6	5	19	19	1.0	1/2	1/2	Chord	2/2	3	1	1/4		1/4	1	54																		
6	5	20	20	1.0	3/4	3/4	Chord	2/2	3	1	1/4		1/4	1	55																		
6	5	17	17	0.5	0	0	Chord	2/2	3	2	1/8		1/8	1	56																		
6	5	35/2	35/2	0.5	1/8	1/8	Chord	2/2	3	2	1/8		1/8	1	57																		
6	5	18	18	0.5	1/4	1/4	Chord	2/2	3	2	1/8		1/8	1	58																		
6	5	37/2	37/2	0.5	3/8	3/8	Chord	2/2	3	2	1/8		1/8	1	59																		
6	5	19	19	0.5	1/2	1/2	Chord	2/2	3	2	1/8		1/8	1	60																		
6	5	39/2	39/2	0.5	5/8	5/8	Chord	2/2	3	2	1/8		1/8	1	61																		
6	5	20	20	0.5	3/4	3/4	Chord	2/2	3	2	1/8		1/8	1	62																		
6	5	41/2	41/2	0.5	7/8	7/8	Chord	2/2	3	2	1/8		1/8	1	63																		
7	6	21	21	2.0	0	0	Chord	2/2	1	1	1/2		1/2	1	64	denk‚Äô	think																
7	6	23	23	2.0	1/2	1/2	Chord	2/2	1	1	1/2		1/2	1	65	ich,	oft‚Äô,																
7	6	21	21	0.0	0	0	Dynamic	2/2	2	1	0							pp									11						
7	6	21	21	1.0	0	0	Chord	2/2	2	1	1/4		1/4	1	66												11						
7	6	22	22	1.0	1/4	1/4	Chord	2/2	2	1	1/4		1/4	1	67												11						
7	6	23	23	2.0	1/2	1/2	Chord	2/2	2	1	1/2		1/2	1	68												11						
7	6	21	21	1.0	0	0	Chord	2/2	3	1	1/4		1/4	1	69																		
7	6	22	22	1.0	1/4	1/4	Chord	2/2	3	1	1/4		1/4	1	70																		
7	6	23	23	2.0	1/2	1/2	Chord	2/2	3	1	1/2		1/2	1	71																		
7	6	21	21	0.5	0	0	Chord	2/2	3	2	1/8		1/8	1	72												12						
7	6	43/2	43/2	1.0	1/8	1/8	Chord	2/2	3	2	1/4		1/4	1	73																		
7	6	45/2	45/2	0.5	3/8	3/8	Chord	2/2	3	2	1/8		1/8	1	74												13						
7	6	23	23	0.5	1/2	1/2	Chord	2/2	3	2	1/8		1/8	1	75												13						
7	6	47/2	47/2	1.0	5/8	5/8	Chord	2/2	3	2	1/4		1/4	1	76																		
7	6	49/2	49/2	0.5	7/8	7/8	Chord	2/2	3	2	1/8		1/8	1	77																		
8	7	26	26	1.0	1/4	1/4	Chord	2/2	1	1	1/4		1/4	1	78	sie	they‚Äôve																
8	7	27	27	1.0	1/2	1/2	Chord	2/2	1	1	1/4		1/4	1	79	sind	on-																
8	7	28	28	1.0	3/4	3/4	Chord	2/2	1	1	1/4		1/4	1	80	nur	-ly																
8	7	25	25	1.0	0	0	Chord	2/2	2	1	1/4		1/4	1	81												11						
8	7	26	26	1.0	1/4	1/4	Chord	2/2	2	1	1/4		1/4	1	82												11						
8	7	27	27	1.0	1/2	1/2	Chord	2/2	2	1	1/4		1/4	1	83												11						
8	7	28	28	1.0	3/4	3/4	Chord	2/2	2	1	1/4		1/4	1	84												11						
8	7	25	25	1.0	0	0	Chord	2/2	3	1	1/4		1/4	1	85																		
8	7	28	28	1.0	3/4	3/4	Chord	2/2	3	1	1/4		1/4	1	86																		
8	7	25	25	0.5	0	0	Chord	2/2	3	2	1/8		1/8	1	87				articStaccatoBelow														
8	7	51/2	51/2	0.5	1/8	1/8	Chord	2/2	3	2	1/8		1/8	1	88												14						
8	7	26	26	0.5	1/4	1/4	Chord	2/2	3	2	1/8		1/8	1	89												14						
8	7	53/2	53/2	0.5	3/8	3/8	Chord	2/2	3	2	1/8		1/8	1	90																		
8	7	27	27	0.5	1/2	1/2	Chord	2/2	3	2	1/8		1/8	1	91																		
8	7	55/2	55/2	0.5	5/8	5/8	Chord	2/2	3	2	1/8		1/8	1	92												15						
8	7	28	28	0.5	3/4	3/4	Chord	2/2	3	2	1/8		1/8	1	93												15						
8	7	57/2	57/2	0.5	7/8	7/8	Chord	2/2	3	2	1/8		1/8	1	94																		
9	8	29	29	1.0	0	0	Chord	3/2	1	1	1/4		1/4	1	95	aus-	gone																
9	8	30	30	1.0	1/4	1/4	Chord	3/2	1	1	1/4		1/4	1	96	-ge-	a																
9	8	31	31	2.0	1/2	1/2	Chord	3/2	1	1	1/2		1/2	1	97	-gan-	jour-																
9	8	33	33	1.0	1	1	Chord	3/2	1	1	1/4		1/4	1	98	-gen!	-ney.																
9	8	29	29	1.0	0	0	Chord	3/2	2	1	1/4		1/4	1	99												11						
9	8	30	30	1.0	1/4	1/4	Chord	3/2	2	1	1/4		1/4	1	100												11						
9	8	31	31	3.0	1/2	1/2	Chord	3/2	2	1	3/4		1/2	3/2	101												11						
9	8	34	34	1.0	5/4	5/4	Chord	3/2	2	1	1/4		1/4	1	102												11						
9	8	29	29	1.0	0	0	Chord	3/2	3	1	1/4		1/4	1	103																		
9	8	30	30	1.0	1/4	1/4	Chord	3/2	3	1	1/4		1/4	1	104																		
9	8	31	31	3.0	1/2	1/2	Chord	3/2	3	1	3/4		1/2	3/2	105																		
9	8	34	34	1.0	5/4	5/4	Chord	3/2	3	1	1/4		1/4	1	106																		
9	8	29	29	0.5	0	0	Chord	3/2	3	2	1/8		1/8	1	107												16						
9	8	59/2	59/2	1.0	1/8	1/8	Chord	3/2	3	2	1/4		1/4	1	108																		
9	8	61/2	61/2	0.5	3/8	3/8	Chord	3/2	3	2	1/8		1/8	1	109																		
9	8	31	31	0.5	1/2	1/2	Chord	3/2	3	2	1/8		1/8	1	110																		
9	8	63/2	63/2	1.0	5/8	5/8	Chord	3/2	3	2	1/4		1/4	1	111																		
9	8	65/2	65/2	0.5	7/8	7/8	Chord	3/2	3	2	1/8		1/8	1	112																		
9	8	33	33	0.5	1	1	Chord	3/2	3	2	1/8		1/8	1	113																		
9	8	67/2	67/2	0.5	9/8	9/8	Chord	3/2	3	2	1/8		1/8	1	114												17						
9	8	34	34	0.5	5/4	5/4	Chord	3/2	3	2	1/8		1/8	1	115												17						
9	8	69/2	69/2	0.5	11/8	11/8	Chord	3/2	3	2	1/8		1/8	1	116																		
10	9	38	38	1.0	3/4	3/4	Chord	2/2	1	1	1/4		1/4	1	117	Bald	and																
10	9	35	35	1.0	0	0	Chord	2/2	2	1	1/4		1/4	1	118												11						
10	9	36	36	1.0	1/4	1/4	Chord	2/2	2	1	1/4		1/4	1	119												11						
10	9	37	37	1.0	1/2	1/2	Chord	2/2	2	1	1/4		1/4	1	120												11						
10	9	38	38	1.0	3/4	3/4	Chord	2/2	2	1	1/4		1/4	1	121												11						
10	9	35	35	0.5	0	0	Chord	2/2	3	1	1/8		1/8	1	122																		
10	9	71/2	71/2	0.5	1/8	1/8	Chord	2/2	3	1	1/8		1/8	1	123												18						
10	9	36	36	0.5	1/4	1/4	Chord	2/2	3	1	1/8		1/8	1	124												18						
10	9	73/2	73/2	0.5	3/8	3/8	Chord	2/2	3	1	1/8		1/8	1	125												18						
10	9	37	37	0.5	1/2	1/2	Chord	2/2	3	1	1/8		1/8	1	126												18						
10	9	75/2	75/2	0.5	5/8	5/8	Chord	2/2	3	1	1/8		1/8	1	127												18						
10	9	38	38	0.5	3/4	3/4	Chord	2/2	3	1	1/8		1/8	1	128												18						
10	9	77/2	77/2	0.5	7/8	7/8	Chord	2/2	3	1	1/8		1/8	1	129												18						
11	10	39	39	2.0	0	0	Chord	2/2	1	1	1/2		1/2	1	130	wer-	soon																
11	10	41	41	0.0	1/2	1/2	Dynamic	2/2	1	1	0							pp															
11	10	41	41	0.0	1/2	1/2	Spanner	2/2	1	1	0																				3		
11	10	41	41	1.0	1/2	1/2	Chord	2/2	1	1	1/4		1/4	1	131	-den	I														3		
11	10	42	42	1.0	3/4	3/4	Chord	2/2	1	1	1/4		1/4	1	132	sie	shall														3		
11	10	39	39	1.0	0	0	Chord	2/2	2	1	1/4		1/4	1	133												11						
11	10	40	40	1.0	1/4	1/4	Chord	2/2	2	1	1/4		1/4	1	134												11						
11	10	41	41	1.0	1/2	1/2	Chord	2/2	2	1	1/4		1/4	1	135												11						
11	10	42	42	1.0	3/4	3/4	Chord	2/2	2	1	1/4		1/4	1	136												11						
11	10	39	39	0.5	0	0	Chord	2/2	3	1	1/8		1/8	1	137												18						
11	10	79/2	79/2	0.5	1/8	1/8	Chord	2/2	3	1	1/8		1/8	1	138												18						
11	10	40	40	0.5	1/4	1/4	Chord	2/2	3	1	1/8		1/8	1	139												18						
11	10	81/2	81/2	0.5	3/8	3/8	Chord	2/2	3	1	1/8		1/8	1	140												18						
11	10	41	41	0.5	1/2	1/2	Chord	2/2	3	1	1/8		1/8	1	141												18						
11	10	83/2	83/2	1.0	5/8	5/8	Chord	2/2	3	1	1/4		1/4	1	142																		
11	10	85/2	85/2	0.5	7/8	7/8	Chord	2/2	3	1	1/8		1/8	1	143																		
12	11	43	43	1.0	0	0	Chord	2/2	1	1	1/4		1/4	1	144	wie-	see										19				3		
12	11	44	44	1.0	1/4	1/4	Chord	2/2	1	1	1/4		1/4	1	145																3		
12	11	45	45	0.0	1/2	1/2	Spanner	2/2	1	1	0																						
12	11	45	45	1.0	1/2	1/2	Chord	2/2	1	1	1/4		1/4	1	146	-der	them																
12	11	46	46	1.0	3/4	3/4	Chord	2/2	1	1	1/4		1/4	1	147	nach	all																
12	11	43	43	1.0	0	0	Chord	2/2	2	1	1/4		1/4	1	148												11						
12	11	44	44	1.0	1/4	1/4	Chord	2/2	2	1	1/4		1/4	1	149												11						
12	11	45	45	1.0	1/2	1/2	Chord	2/2	2	1	1/4		1/4	1	150												11						
12	11	46	46	1.0	3/4	3/4	Chord	2/2	2	1	1/4		1/4	1	151												11						
12	11	43	43	0.5	0	0	Chord	2/2	3	1	1/8		1/8	1	152																		
12	11	87/2	87/2	0.5	1/8	1/8	Chord	2/2	3	1	1/8		1/8	1	153												20						
12	11	44	44	0.5	1/4	1/4	Chord	2/2	3	1	1/8		1/8	1	154												20						
12	11	89/2	89/2	0.5	3/8	3/8	Chord	2/2	3	1	1/8		1/8	1	155												20						
12	11	45	45	2.0	1/2	1/2	Chord	2/2	3	1	1/2		1/2	1	156																		
13	12	47	47	1.0	0	0	Chord	2/2	1	1	1/4		1/4	1	157	Hau-	home-										21						
13	12	48	48	1.0	1/4	1/4	Chord	2/2	1	1	1/4		1/4	1	158																		
13	12	49	49	1.0	1/2	1/2	Chord	2/2	1	1	1/4		1/4	1	159	-se	-ward																
13	12	50	50	1.0	3/4	3/4	Chord	2/2	1	1	1/4		1/4	1	160	ge-	re-																
13	12	47	47	2.0	0	0	Chord	2/2	2	1	1/2		1/2	1	161												11						
13	12	49	49	2.0	1/2	1/2	Chord	2/2	2	1	1/2		1/2	1	162																		
13	12	47	47	4.0	0	0	Chord	2/2	2	2	1		1	1	163																		
13	12	47	47	2.0	0	0	Chord	2/2	3	1	1/2		1/2	1	164												22						
13	12	49	49	1.0	1/2	1/2	Chord	2/2	3	1	1/4		1/4	1	165												22						
13	12	50	50	1.0	3/4	3/4	Chord	2/2	3	1	1/4		1/4	1	166																		
13	12	47	47	4.0	0	0	Chord	2/2	3	2	1		1	1	167																		
14	13	51	51	0.0	0	0	Spanner	2/2	1	1	0																					3	
14	13	51	51	2.0	0	0	Chord	2/2	1	1	1/2		1/2	1	168	-lan-	-turn-															3	
14	13	53	53	0.0	1/2	1/2	Dynamic	2/2	1	1	0							pp															
14	13	53	53	0.0	1/2	1/2	Spanner	2/2	1	1	0																						
14	13	53	53	1.0	1/2	1/2	Chord	2/2	1	1	1/4		1/4	1	169	-gen!	-ing!																
14	13	51	51	0.0	0	0	Spanner	2/2	2	1	0																				4		
14	13	51	51	1.0	0	0	Chord	2/2	2	1	1/4		1/4	1	170												23				4		
14	13	52	52	0.0	1/4	1/4	Spanner	2/2	2	1	0																23						
14	13	52	52	1.0	1/4	1/4	Chord	2/2	2	1	1/4		1/4	1	171												23						
14	13	53	53	2.0	1/2	1/2	Chord	2/2	2	1	1/2		1/2	1	172																		
14	13	51	51	0.5	0	0	Chord	2/2	3	1	1/8		1/8	1	173												24						
14	13	103/2	103/2	1.0	1/8	1/8	Chord	2/2	3	1	1/4		1/4	1	174																		
14	13	105/2	105/2	0.5	3/8	3/8	Chord	2/2	3	1	1/8		1/8	1	175												25						
14	13	53	53	0.5	1/2	1/2	Chord	2/2	3	1	1/8		1/8	1	176				articAccentAbove								25						
14	13	107/2	107/2	1.0	5/8	5/8	Chord	2/2	3	1	1/4		1/4	1	177																		
14	13	109/2	109/2	0.5	7/8	7/8	Chord	2/2	3	1	1/8		1/8	1	178												26						
15	14	60	60	0.0	5/4	5/4	StaffText	3/2	1	1	0									zart													
15	14	60	60	0.0	5/4	5/4	StaffText	3/2	1	1	0									dolce													
15	14	60	60	1.0	5/4	5/4	Chord	3/2	1	1	1/4		1/4	1	179	Der	The																
15	14	55	55	1.0	0	0	Chord	3/2	2	1	1/4		1/4	1	180																		
15	14	56	56	1.0	1/4	1/4	Chord	3/2	2	1	1/4		1/4	1	181																		
15	14	57	57	0.0	1/2	1/2	Dynamic	3/2	2	1	0							pp															
15	14	57	57	4.0	1/2	1/2	Chord	3/2	2	1	1		1	1	182				articAccentAbove														
15	14	55	55	0.5	0	0	Chord	3/2	3	1	1/8		1/8	1	183												26						
15	14	111/2	111/2	1.0	1/8	1/8	Chord	3/2	3	1	1/4		1/4	1	184																		
15	14	113/2	113/2	0.5	3/8	3/8	Chord	3/2	3	1	1/8		1/8	1	185												27						
15	14	57	57	1.0	1/2	1/2	Chord	3/2	3	1	1/4		1/4	1	186																		
15	14	58	58	0.5	3/4	3/4	Chord	3/2	3	1	1/8		1/8	1	187												28						
15	14	117/2	117/2	0.5	7/8	7/8	Chord	3/2	3	1	1/8		1/8	1	188												28						
15	14	59	59	0.5	1	1	Chord	3/2	3	1	1/8		1/8	1	189												28						
15	14	119/2	119/2	0.5	9/8	9/8	Chord	3/2	3	1	1/8		1/8	1	190												28						
15	14	60	60	0.5	5/4	5/4	Chord	3/2	3	1	1/8		1/8	1	191												28						
15	14	121/2	121/2	0.5	11/8	11/8	Chord	3/2	3	1	1/8		1/8	1	192																		
16	15	61	61	0.0	0	0	Dynamic	2/2	1	1	0							pp															
16	15	61	61	2.0	0	0	Chord	2/2	1	1	1/2		1/2	1	193	Tag	day										29						
16	15	63	63	1.0	1/2	1/2	Chord	2/2	1	1	1/4		1/4	1	194																		
16	15	64	64	1.0	3/4	3/4	Chord	2/2	1	1	1/4		1/4	1	195	ist	is																
16	15	61	61	2.0	0	0	Chord	2/2	2	1	1/2		1/2	1	196												30						
16	15	63	63	1.0	1/2	1/2	Chord	2/2	2	1	1/4		1/4	1	197												30						
16	15	64	64	1.0	3/4	3/4	Chord	2/2	2	1	1/4		1/4	1	198												30						
16	15	61	61	0.0	0	0	Dynamic	2/2	3	1	0							pp															
16	15	61	61	4.0	0	0	Chord	2/2	3	1	1		1	1	199																		
17	16	65	65	2.0	0	0	Chord	2/2	1	1	1/2		1/2	1	200	sch√∂n!	bright!										31						
17	16	67	67	2.0	1/2	1/2	Chord	2/2	1	1	1/2		1/2	1	201																		
17	16	65	65	2.0	0	0	Chord	2/2	2	1	1/2		1/2	1	202												30						
17	16	67	67	2.0	1/2	1/2	Chord	2/2	2	1	1/2		1/2	1	203																		
17	16	65	65	4.0	0	0	Chord	2/2	3	1	1		1	1	204																		
18	17	69	69	1.0	0	0	Chord	2/2	1	1	1/4		1/4	1	205	O,	O,										32						
18	17	70	70	1.0	1/4	1/4	Chord	2/2	1	1	1/4		1/4	1	206																		
18	17	71	71	1.0	1/2	1/2	Chord	2/2	1	1	1/4		1/4	1	207	sei	ne‚Äôer																
18	17	72	72	1.0	3/4	3/4	Chord	2/2	1	1	1/4		1/4	1	208	nicht	dis-																
18	17	69	69	4.0	0	0	Chord	2/2	2	1	1		1	1	209												33						
18	17	69	69	2.0	0	0	Chord	2/2	2	2	1/2		1/2	1	210												34						
18	17	71	71	1.0	1/2	1/2	Chord	2/2	2	2	1/4		1/4	1	211												34						
18	17	72	72	1.0	3/4	3/4	Chord	2/2	2	2	1/4		1/4	1	212												34						
18	17	69	69	4.0	0	0	Chord	2/2	3	1	1		1	1	213																		
19	18	73	73	1.0	0	0	Chord	2/2	1	1	1/4		1/4	1	214	bang!	-may!										35						
19	18	74	74	1.0	1/4	1/4	Chord	2/2	1	1	1/4		1/4	1	215												35						
19	18	75	75	1.0	1/2	1/2	Chord	2/2	1	1	1/4		1/4	1	216																		
19	18	76	76	1.0	3/4	3/4	Chord	2/2	1	1	1/4		1/4	1	217	Sie	They																
19	18	73	73	4.0	0	0	Chord	2/2	2	1	1		1	1	218																		
19	18	73	73	2.0	0	0	Chord	2/2	2	2	1/2		1/2	1	219												34						
19	18	75	75	1.0	1/2	1/2	Chord	2/2	2	2	1/4		1/4	1	220												34						
19	18	76	76	1.0	3/4	3/4	Chord	2/2	2	2	1/4		1/4	1	221																		
19	18	73	73	4.0	0	0	Chord	2/2	3	1	1		1	1	222																		
20	19	77	77	0.0	0	0	StaffText	2/2	1	1	0									warm													
20	19	77	77	0.0	0	0	StaffText	2/2	1	1	0									caloroso													
20	19	77	77	2.0	0	0	Chord	2/2	1	1	1/2		1/2	1	223	ma-	on-																
20	19	79	79	0.0	1/2	1/2	Spanner	2/2	1	1	0																				5		
20	19	79	79	1.0	1/2	1/2	Chord	2/2	1	1	1/4		1/4	1	224	-chen	-ly														5		
20	19	80	80	1.0	3/4	3/4	Chord	2/2	1	1	1/4		1/4	1	225	nur	have														5		
20	19	77	77	2.0	0	0	Chord	2/2	2	1	1/2		1/2	1	226												36						
20	19	79	79	1.0	1/2	1/2	Chord	2/2	2	1	1/4		1/4	1	227												36						
20	19	80	80	1.0	3/4	3/4	Chord	2/2	2	1	1/4		1/4	1	228												36						
20	19	77	77	0.0	0	0	Dynamic	2/2	3	1	0							p															
20	19	77	77	0.5	0	0	Chord	2/2	3	1	1/8		1/8	1	229												37						
20	19	155/2	155/2	1.0	1/8	1/8	Chord	2/2	3	1	1/4		1/4	1	230																		
20	19	157/2	157/2	0.5	3/8	3/8	Chord	2/2	3	1	1/8		1/8	1	231												38						
20	19	79	79	0.0	1/2	1/2	StaffText	2/2	3	1	0									espr.							38						
20	19	79	79	0.5	1/2	1/2	Chord	2/2	3	1	1/8		1/8	1	232												38						
20	19	159/2	159/2	1.0	5/8	5/8	Chord	2/2	3	1	1/4		1/4	1	233																		
20	19	161/2	161/2	0.5	7/8	7/8	Chord	2/2	3	1	1/8		1/8	1	234																		
21	20	81	81	1.0	0	0	Chord	2/2	1	1	1/4		1/4	1	235	ei-	gone														5		
21	20	82	82	0.0	1/4	1/4	Spanner	2/2	1	1	0																						
21	20	82	82	1.0	1/4	1/4	Chord	2/2	1	1	1/4		1/4	1	236	-nen	a																
21	20	83	83	1.0	1/2	1/2	Chord	2/2	1	1	1/4		1/4	1	237	wei-	long,		articAccentAbove														
21	20	84	84	1.0	3/4	3/4	Chord	2/2	1	1	1/4		1/4	1	238	-ten	long																
21	20	81	81	1.0	0	0	Chord	2/2	2	1	1/4		1/4	1	239												36						
21	20	82	82	1.0	1/4	1/4	Chord	2/2	2	1	1/4		1/4	1	240												36						
21	20	83	83	1.0	1/2	1/2	Chord	2/2	2	1	1/4		1/4	1	241												36						
21	20	84	84	1.0	3/4	3/4	Chord	2/2	2	1	1/4		1/4	1	242																		
21	20	81	81	0.5	0	0	Chord	2/2	3	1	1/8		1/8	1	243																		
21	20	163/2	163/2	0.5	1/8	1/8	Chord	2/2	3	1	1/8		1/8	1	244												39						
21	20	82	82	0.5	1/4	1/4	Chord	2/2	3	1	1/8		1/8	1	245												39						
21	20	165/2	165/2	0.5	3/8	3/8	Chord	2/2	3	1	1/8		1/8	1	246												39						
21	20	83	83	2.0	1/2	1/2	Chord	2/2	3	1	1/2		1/2	1	247																		
22	21	85	85	1.0	0	0	Chord	2/2	1	1	1/4		1/4	1	248	Gang!	way!										40						
22	21	86	86	1.0	1/4	1/4	Chord	2/2	1	1	1/4		1/4	1	249												40						
22	21	87	87	1.0	1/2	1/2	Chord	2/2	1	1	1/4		1/4	1	250																		
22	21	85	85	0.0	0	0	StaffText	2/2	2	1	0									(den Gesang fortsetzend)													
22	21	85	85	0.0	0	0	StaffText	2/2	2	1	0									(continuare il canto)													
22	21	85	85	3.0	0	0	Chord	2/2	2	1	3/4		1/2	3/2	251												41						
22	21	88	88	0.0	3/4	3/4	Spanner	2/2	2	1	0																41			0			
22	21	88	88	1.0	3/4	3/4	Chord	2/2	2	1	1/4		1/4	1	252												41			0			
22	21	85	85	4.0	0	0	Chord	2/2	2	2	1		1	1	253															0			
22	21	85	85	4.0	0	0	Chord	2/2	3	1	1		1	1	254																		
22	21	85	85	4.0	0	0	Chord	2/2	3	2	1		1	1	255																		
23	22	89	89	0.0	0	0	Spanner	2/2	2	1	0																41						
23	22	89	89	0.0	0	0	Spanner	2/2	2	1	0																41					4	
23	22	89	89	1.0	0	0	Chord	2/2	2	1	1/4		1/4	1	256												41					4	
23	22	90	90	1.0	1/4	1/4	Chord	2/2	2	1	1/4		1/4	1	257												41					4	
23	22	91	91	0.0	1/2	1/2	Spanner	2/2	2	1	0																						
23	22	91	91	1.0	1/2	1/2	Chord	2/2	2	1	1/4		1/4	1	258																		
23	22	92	92	0.0	3/4	3/4	Spanner	2/2	2	1	0																				6		
23	22	92	92	1.0	3/4	3/4	Chord	2/2	2	1	1/4		1/4	1	259												42				6		
23	22	89	89	4.0	0	0	Chord	2/2	2	2	1		1	1	260																6		
23	22	89	89	2.0	0	0	Chord	2/2	3	1	1/2		1/2	1	261												43						
23	22	91	91	1.0	1/2	1/2	Chord	2/2	3	1	1/4		1/4	1	262												43						
23	22	92	92	1.0	3/4	3/4	Chord	2/2	3	1	1/4		1/4	1	263												43						
23	22	89	89	4.0	0	0	Chord	2/2	3	2	1		1	1	264																		
24	23	96	96	0.0	3/4	3/4	Dynamic	2/2	1	1	0							p															
24	23	96	96	1.0	3/4	3/4	Chord	2/2	1	1	1/4		1/4	1	265	Ja-	They‚Äôve																
24	23	93	93	0.0	0	0	Dynamic	2/2	2	1	0							f									42						
24	23	93	93	0.0	0	0	StaffText	2/2	2	1	0									rit.							42						
24	23	93	93	0.0	0	0	Spanner	2/2	2	1	0																42						
24	23	93	93	1.0	0	0	Chord	2/2	2	1	1/4		1/4	1	266				articAccentAbove								42						
24	23	94	94	1.0	1/4	1/4	Chord	2/2	2	1	1/4		1/4	1	267																		
24	23	95	95	0.0	1/2	1/2	Spanner	2/2	2	1	0																					5	
24	23	95	95	1.0	1/2	1/2	Chord	2/2	2	1	1/4		1/4	1	268				articAccentAbove													5	
24	23	96	96	1.0	3/4	3/4	Chord	2/2	2	1	1/4		1/4	1	269				articAccentAbove													5	
24	23	93	93	2.0	0	0	Chord	2/2	2	2	1/2		1/2	1	270																	5	
24	23	95	95	1.0	1/2	1/2	Chord	2/2	2	2	1/4		1/4	1	271																	5	
24	23	96	96	1.0	3/4	3/4	Chord	2/2	2	2	1/4		1/4	1	272																	5	
24	23	93	93	1.0	0	0	Chord	2/2	3	1	1/4		1/4	1	273												43						
24	23	94	94	1.0	1/4	1/4	Chord	2/2	3	1	1/4		1/4	1	274												43						
24	23	95	95	1.0	1/2	1/2	Chord	2/2	3	1	1/4		1/4	1	275												43						
24	23	96	96	1.0	3/4	3/4	Chord	2/2	3	1	1/4		1/4	1	276																		
24	23	93	93	4.0	0	0	Chord	2/2	3	2	1		1	1	277																		
25	24	97	97	0.0	0	0	StaffText	2/2	1	1	0									a tempo													
25	24	97	97	4.0	0	0	Chord	2/2	1	1	1		1	1	278	-wohl,	gone!																
25	24	97	97	0.0	0	0	Spanner	2/2	2	1	0																						
25	24	98	98	1.0	1/4	1/4	Chord	2/2	2	1	1/4		1/4	1	279												44						
25	24	99	99	1.0	1/2	1/2	Chord	2/2	2	1	1/4		1/4	1	280												44						
25	24	100	100	1.0	3/4	3/4	Chord	2/2	2	1	1/4		1/4	1	281												44						
25	24	97	97	0.0	0	0	Dynamic	2/2	3	1	0							pp															
25	24	97	97	0.0	0	0	StaffText	2/2	3	1	0									a tempo													
25	24	97	97	1.0	0	0	Chord	2/2	3	1	1/4		1/4	1	282												45						
25	24	98	98	2.0	1/4	1/4	Chord	2/2	3	1	1/2		1/2	1	283																		
25	24	100	100	1.0	3/4	3/4	Chord	2/2	3	1	1/4		1/4	1	284												46						
26	25	102	102	0.0	1/4	1/4	Dynamic	2/2	1	1	0							p															
26	25	102	102	1.0	1/4	1/4	Chord	2/2	1	1	1/4		1/4	1	285	sie	they‚Äôve																
26	25	103	103	1.0	1/2	1/2	Chord	2/2	1	1	1/4		1/4	1	286	sind	on-																
26	25	104	104	1.0	3/4	3/4	Chord	2/2	1	1	1/4		1/4	1	287	nur	-ly																
26	25	101	101	1.0	0	0	Chord	2/2	2	1	1/4		1/4	1	288												44						
26	25	102	102	1.0	1/4	1/4	Chord	2/2	2	1	1/4		1/4	1	289												44						
26	25	103	103	0.0	1/2	1/2	Chord	2/2	2	1	0	acciaccatura	1/8	1	290												44						
26	25	103	103	1.0	1/2	1/2	Chord	2/2	2	1	1/4		1/4	1	291												44						
26	25	104	104	1.0	3/4	3/4	Chord	2/2	2	1	1/4		1/4	1	292												44						
26	25	101	101	1.0	0	0	Chord	2/2	3	1	1/4		1/4	1	293												46						
26	25	102	102	1.0	1/4	1/4	Chord	2/2	3	1	1/4		1/4	1	294												46						
26	25	103	103	2.0	1/2	1/2	Chord	2/2	3	1	1/2		1/2	1	295																		
27	26	105	105	1.0	0	0	Chord	3/2	1	1	1/4		1/4	1	296	aus-	gone																
27	26	106	106	1.0	1/4	1/4	Chord	3/2	1	1	1/4		1/4	1	297	-ge-	a																
27	26	107	107	2.0	1/2	1/2	Chord	3/2	1	1	1/2		1/2	1	298	-gan-	jour-																
27	26	109	109	1.0	1	1	Chord	3/2	1	1	1/4		1/4	1	299	-gen	-ney,																
27	26	105	105	1.0	0	0	Chord	3/2	2	1	1/4		1/4	1	300												44						
27	26	106	106	1.0	1/4	1/4	Chord	3/2	2	1	1/4		1/4	1	301												44						
27	26	107	107	3.0	1/2	1/2	Chord	3/2	2	1	3/4		1/2	3/2	302												44						
27	26	110	110	1.0	5/4	5/4	Chord	3/2	2	1	1/4		1/4	1	303												44						
27	26	105	105	6.0	0	0	Chord	3/2	3	1	3/2		1	3/2	304																		
28	27	114	114	1.0	3/4	3/4	Chord	2/2	1	1	1/4		1/4	1	305	und	and																
28	27	111	111	1.0	0	0	Chord	2/2	2	1	1/4		1/4	1	306												44						
28	27	112	112	1.0	1/4	1/4	Chord	2/2	2	1	1/4		1/4	1	307												44						
28	27	113	113	1.0	1/2	1/2	Chord	2/2	2	1	1/4		1/4	1	308												44						
28	27	114	114	1.0	3/4	3/4	Chord	2/2	2	1	1/4		1/4	1	309																		
28	27	111	111	2.0	0	0	Chord	2/2	3	1	1/2		1/2	1	310												47						
28	27	113	113	1.0	1/2	1/2	Chord	2/2	3	1	1/4		1/4	1	311												47						
28	27	114	114	1.0	3/4	3/4	Chord	2/2	3	1	1/4		1/4	1	312																		
28	27	111	111	4.0	0	0	Chord	2/2	3	2	1		1	1	313																		
29	28	115	115	2.0	0	0	Chord	2/2	1	1	1/2		1/2	1	314	wer-	they																
29	28	117	117	2.0	1/2	1/2	Chord	2/2	1	1	1/2		1/2	1	315	-den	will																
29	28	115	115	2.0	0	0	Chord	2/2	2	1	1/2		1/2	1	316												48						
29	28	117	117	1.0	1/2	1/2	Chord	2/2	2	1	1/4		1/4	1	317												48						
29	28	118	118	1.0	3/4	3/4	Chord	2/2	2	1	1/4		1/4	1	318												48						
29	28	115	115	1.0	0	0	Chord	2/2	3	1	1/4		1/4	1	319												49						
29	28	116	116	2.0	1/4	1/4	Chord	2/2	3	1	1/2		1/2	1	320																		
29	28	118	118	1.0	3/4	3/4	Chord	2/2	3	1	1/4		1/4	1	321												50						
30	29	119	119	1.0	0	0	Chord	2/2	1	1	1/4		1/4	1	322	jetzt	now										51						
30	29	120	120	1.0	1/4	1/4	Chord	2/2	1	1	1/4		1/4	1	323																		
30	29	121	121	1.0	1/2	1/2	Chord	2/2	1	1	1/4		1/4	1	324	nach	be										52						
30	29	122	122	1.0	3/4	3/4	Chord	2/2	1	1	1/4		1/4	1	325																		
30	29	119	119	1.0	0	0	Chord	2/2	2	1	1/4		1/4	1	326												48						
30	29	120	120	1.0	1/4	1/4	Chord	2/2	2	1	1/4		1/4	1	327												48						
30	29	121	121	1.0	1/2	1/2	Chord	2/2	2	1	1/4		1/4	1	328												48						
30	29	122	122	1.0	3/4	3/4	Chord	2/2	2	1	1/4		1/4	1	329												48						
30	29	119	119	2.0	0	0	Chord	2/2	3	1	1/2		1/2	1	330												50						
30	29	121	121	2.0	1/2	1/2	Chord	2/2	3	1	1/2		1/2	1	331																		
31	30	123	123	1.0	0	0	Chord	2/2	1	1	1/4		1/4	1	332	Hau-	home-										53						
31	30	124	124	1.0	1/4	1/4	Chord	2/2	1	1	1/4		1/4	1	333																		
31	30	125	125	1.0	1/2	1/2	Chord	2/2	1	1	1/4		1/4	1	334	-se	-ward																
31	30	126	126	1.0	3/4	3/4	Chord	2/2	1	1	1/4		1/4	1	335	ge-	re-																
31	30	123	123	1.0	0	0	Chord	2/2	2	1	1/4		1/4	1	336												48						
31	30	124	124	1.0	1/4	1/4	Chord	2/2	2	1	1/4		1/4	1	337												48						
31	30	125	125	1.0	1/2	1/2	Chord	2/2	2	1	1/4		1/4	1	338												48						
31	30	126	126	1.0	3/4	3/4	Chord	2/2	2	1	1/4		1/4	1	339																		
31	30	123	123	4.0	0	0	Chord	2/2	3	1	1		1	1	340																		
32	31	127	127	2.0	0	0	Chord	2/2	1	1	1/2		1/2	1	341	-lan-	-turn-																
32	31	129	129	1.0	1/2	1/2	Chord	2/2	1	1	1/4		1/4	1	342	-gen!	-ing!																
32	31	127	127	0.0	0	0	StaffText	2/2	2	1	0									espr.													
32	31	127	127	2.0	0	0	Chord	2/2	2	1	1/2		1/2	1	343												54						
32	31	129	129	1.0	1/2	1/2	Chord	2/2	2	1	1/4		1/4	1	344												54						
32	31	130	130	0.0	3/4	3/4	Dynamic	2/2	2	1	0							p									54						
32	31	130	130	0.0	3/4	3/4	Spanner	2/2	2	1	0																54				7		
32	31	130	130	1.0	3/4	3/4	Chord	2/2	2	1	1/4		1/4	1	345												54				7		
32	31	127	127	0.5	0	0	Chord	2/2	3	1	1/8		1/8	1	346												55						
32	31	255/2	255/2	1.0	1/8	1/8	Chord	2/2	3	1	1/4		1/4	1	347																		
32	31	257/2	257/2	0.5	3/8	3/8	Chord	2/2	3	1	1/8		1/8	1	348												56						
32	31	129	129	0.5	1/2	1/2	Chord	2/2	3	1	1/8		1/8	1	349												56						
32	31	259/2	259/2	1.0	5/8	5/8	Chord	2/2	3	1	1/4		1/4	1	350																		
32	31	261/2	261/2	0.5	7/8	7/8	Chord	2/2	3	1	1/8		1/8	1	351																		
33	32	131	131	1.0	0	0	Chord	2/2	2	1	1/4		1/4	1	352												54				7		
33	32	132	132	0.0	1/4	1/4	Spanner	2/2	2	1	0																54						
33	32	132	132	1.0	1/4	1/4	Chord	2/2	2	1	1/4		1/4	1	353												54						
33	32	133	133	0.0	1/2	1/2	Spanner	2/2	2	1	0																54					6	
33	32	133	133	0.0	1/2	1/2	Chord	2/2	2	1	0	acciaccatura	1/8	1	354												54					6	
33	32	133	133	1.0	1/2	1/2	Chord	2/2	2	1	1/4		1/4	1	355												54					6	
33	32	134	134	1.0	3/4	3/4	Chord	2/2	2	1	1/4		1/4	1	356																	6	
33	32	131	131	0.5	0	0	Chord	2/2	3	1	1/8		1/8	1	357																		
33	32	263/2	263/2	0.5	1/8	1/8	Chord	2/2	3	1	1/8		1/8	1	358												57						
33	32	132	132	0.5	1/4	1/4	Chord	2/2	3	1	1/8		1/8	1	359												57						
33	32	265/2	265/2	0.5	3/8	3/8	Chord	2/2	3	1	1/8		1/8	1	360												57						
33	32	133	133	2.0	1/2	1/2	Chord	2/2	3	1	1/2		1/2	1	361																		
34	33	135	135	0.0	0	0	Spanner	2/2	2	1	0																						
34	33	135	135	1.0	0	0	Chord	2/2	2	1	1/4		1/4	1	362												58						
34	33	136	136	1.0	1/4	1/4	Chord	2/2	2	1	1/4		1/4	1	363												58						
34	33	137	137	2.0	1/2	1/2	Chord	2/2	2	1	1/2		1/2	1	364				articAccentAbove														
34	33	135	135	0.0	0	0	Dynamic	2/2	3	1	0							p															
34	33	135	135	0.0	0	0	Spanner	2/2	3	1	0																				8		
34	33	135	135	1.0	0	0	Chord	2/2	3	1	1/4		1/4	1	365																8		
34	33	136	136	1.0	1/4	1/4	Chord	2/2	3	1	1/4		1/4	1	366																8		
34	33	273/2	273/2	0.0	3/8	3/8	Spanner	2/2	3	1	0																						
34	33	135	135	0.5	0	0	Chord	2/2	3	2	1/8		1/8	1	367												59						
34	33	271/2	271/2	1.0	1/8	1/8	Chord	2/2	3	2	1/4		1/4	1	368																		
34	33	273/2	273/2	0.5	3/8	3/8	Chord	2/2	3	2	1/8		1/8	1	369												60						
34	33	137	137	1.5	1/2	1/2	Chord	2/2	3	2	3/8		1/4	3/2	370												60						
34	33	277/2	277/2	0.5	7/8	7/8	Chord	2/2	3	2	1/8		1/8	1	371																		
35	34	139	139	1.0	0	0	Chord	2/2	2	1	1/4		1/4	1	372												61						
35	34	140	140	1.0	1/4	1/4	Chord	2/2	2	1	1/4		1/4	1	373												61						
35	34	141	141	2.0	1/2	1/2	Chord	2/2	2	1	1/2		1/2	1	374				articAccentAbove														
35	34	139	139	0.0	0	0	Spanner	2/2	3	1	0																				9		
35	34	139	139	1.0	0	0	Chord	2/2	3	1	1/4		1/4	1	375																9		
35	34	140	140	1.0	1/4	1/4	Chord	2/2	3	1	1/4		1/4	1	376																9		
35	34	281/2	281/2	0.0	3/8	3/8	Spanner	2/2	3	1	0																						
35	34	139	139	0.5	0	0	Chord	2/2	3	2	1/8		1/8	1	377												62						
35	34	279/2	279/2	1.0	1/8	1/8	Chord	2/2	3	2	1/4		1/4	1	378																		
35	34	281/2	281/2	0.5	3/8	3/8	Chord	2/2	3	2	1/8		1/8	1	379												63						
35	34	141	141	1.5	1/2	1/2	Chord	2/2	3	2	3/8		1/4	3/2	380												63						
35	34	285/2	285/2	0.5	7/8	7/8	Chord	2/2	3	2	1/8		1/8	1	381																		
36	35	143	143	0.0	0	0	Spanner	3/2	2	1	0																				10		
36	35	143	143	1.0	0	0	Chord	3/2	2	1	1/4		1/4	1	382												64				10		
36	35	144	144	1.0	1/4	1/4	Chord	3/2	2	1	1/4		1/4	1	383												64				10		
36	35	145	145	0.0	1/2	1/2	Dynamic	3/2	2	1	0							f															
36	35	145	145	0.0	1/2	1/2	Spanner	3/2	2	1	0																						
36	35	145	145	4.0	1/2	1/2	Chord	3/2	2	1	1		1	1	384																		
36	35	146	146	0.0	3/4	3/4	Spanner	3/2	2	1	0																					7	
36	35	148	148	0.0	5/4	5/4	Spanner	3/2	2	1	0																						
36	35	143	143	6.0	0	0	Chord	3/2	2	2	3/2		1	3/2	385																		
36	35	143	143	0.0	0	0	Dynamic	3/2	3	1	0							pp															
36	35	143	143	0.5	0	0	Chord	3/2	3	1	1/8		1/8	1	386												65						
36	35	287/2	287/2	0.5	1/8	1/8	Chord	3/2	3	1	1/8		1/8	1	387												65						
36	35	144	144	0.5	1/4	1/4	Chord	3/2	3	1	1/8		1/8	1	388												65						
36	35	289/2	289/2	0.5	3/8	3/8	Chord	3/2	3	1	1/8		1/8	1	389												65						
36	35	145	145	1.0	1/2	1/2	Chord	3/2	3	1	1/4		1/4	1	390																		
36	35	146	146	0.5	3/4	3/4	Chord	3/2	3	1	1/8		1/8	1	391												66						
36	35	293/2	293/2	0.5	7/8	7/8	Chord	3/2	3	1	1/8		1/8	1	392												66						
36	35	147	147	0.5	1	1	Chord	3/2	3	1	1/8		1/8	1	393												66						
36	35	295/2	295/2	0.5	9/8	9/8	Chord	3/2	3	1	1/8		1/8	1	394												66						
36	35	148	148	1.0	5/4	5/4	Chord	3/2	3	1	1/4		1/4	1	395																		
37	36	149	149	0.0	0	0	StaffText	2/2	1	1	0									zart													
37	36	149	149	0.0	0	0	StaffText	2/2	1	1	0									dolce													
37	36	149	149	2.0	0	0	Chord	2/2	1	1	1/2		1/2	1	396	O,	O,																
37	36	151	151	1.0	1/2	1/2	Chord	2/2	1	1	1/4		1/4	1	397	sei	ne‚Äôer																
37	36	152	152	1.0	3/4	3/4	Chord	2/2	1	1	1/4		1/4	1	398	nicht	dis-																
37	36	149	149	0.0	0	0	Dynamic	2/2	2	1	0							pp															
37	36	149	149	3.0	0	0	Chord	2/2	2	1	3/4		1/2	3/2	399												67						
37	36	152	152	1.0	3/4	3/4	Chord	2/2	2	1	1/4		1/4	1	400												67						
37	36	149	149	4.0	0	0	Chord	2/2	2	2	1		1	1	401																		
37	36	149	149	4.0	0	0	Chord	2/2	3	1	1		1	1	402																		
38	37	153	153	2.0	0	0	Chord	2/2	1	1	1/2		1/2	1	403	bang,	-may.										68						
38	37	155	155	1.0	1/2	1/2	Chord	2/2	1	1	1/4		1/4	1	404																		
38	37	156	156	1.0	3/4	3/4	Chord	2/2	1	1	1/4		1/4	1	405	der	the																
38	37	153	153	2.0	0	0	Chord	2/2	2	1	1/2		1/2	1	406												67						
38	37	155	155	1.0	1/2	1/2	Chord	2/2	2	1	1/4		1/4	1	407																		
38	37	156	156	1.0	3/4	3/4	Chord	2/2	2	1	1/4		1/4	1	408				articAccentAbove								69						
38	37	153	153	4.0	0	0	Chord	2/2	3	1	1		1	1	409																		
39	38	157	157	1.0	0	0	Chord	2/2	1	1	1/4		1/4	1	410	Tag	day										70						
39	38	158	158	1.0	1/4	1/4	Chord	2/2	1	1	1/4		1/4	1	411												70						
39	38	159	159	1.0	1/2	1/2	Chord	2/2	1	1	1/4		1/4	1	412																		
39	38	160	160	1.0	3/4	3/4	Chord	2/2	1	1	1/4		1/4	1	413	ist	is																
39	38	157	157	0.0	0	0	StaffText	2/2	2	1	0									espr.							69						
39	38	157	157	0.0	0	0	Spanner	2/2	2	1	0																69					8	
39	38	157	157	1.0	0	0	Chord	2/2	2	1	1/4		1/4	1	414												69					8	
39	38	158	158	1.0	1/4	1/4	Chord	2/2	2	1	1/4		1/4	1	415												69					8	
39	38	159	159	0.0	1/2	1/2	Spanner	2/2	2	1	0																69						
39	38	159	159	1.0	1/2	1/2	Chord	2/2	2	1	1/4		1/4	1	416												69						
39	38	160	160	1.0	3/4	3/4	Chord	2/2	2	1	1/4		1/4	1	417												69						
39	38	157	157	4.0	0	0	Chord	2/2	3	1	1		1	1	418																		
40	39	161	161	1.0	0	0	Chord	2/2	1	1	1/4		1/4	1	419	sch√∂n!	bright!										71						
40	39	162	162	1.0	1/4	1/4	Chord	2/2	1	1	1/4		1/4	1	420												71						
40	39	163	163	1.0	1/2	1/2	Chord	2/2	1	1	1/4		1/4	1	421																		
40	39	164	164	0.0	3/4	3/4	StaffText	2/2	1	1	0									warm, nicht eilen													
40	39	164	164	0.0	3/4	3/4	StaffText	2/2	1	1	0									con calore, senza fretta													
40	39	164	164	1.0	3/4	3/4	Chord	2/2	1	1	1/4		1/4	1	422	Sie	They‚Äôre																
40	39	161	161	1.0	0	0	Chord	2/2	2	1	1/4		1/4	1	423												69						
40	39	162	162	0.0	1/4	1/4	Spanner	2/2	2	1	0																69				11		
40	39	162	162	1.0	1/4	1/4	Chord	2/2	2	1	1/4		1/4	1	424												69				11		
40	39	163	163	1.0	1/2	1/2	Chord	2/2	2	1	1/4		1/4	1	425												69				11		
40	39	164	164	0.0	3/4	3/4	Spanner	2/2	2	1	0																						
40	39	164	164	1.0	3/4	3/4	Chord	2/2	2	1	1/4		1/4	1	426																		
40	39	161	161	4.0	0	0	Chord	2/2	3	1	1		1	1	427																		
41	40	165	165	2.0	0	0	Chord	2/2	1	1	1/2		1/2	1	428	ma-	on-										72						
41	40	167	167	1.0	1/2	1/2	Chord	2/2	1	1	1/4		1/4	1	429																		
41	40	168	168	1.0	3/4	3/4	Chord	2/2	1	1	1/4		1/4	1	430	-chen	-ly																
41	40	165	165	0.0	0	0	Dynamic	2/2	2	1	0							pp															
41	40	165	165	2.0	0	0	Chord	2/2	2	1	1/2		1/2	1	431												73						
41	40	167	167	1.0	1/2	1/2	Chord	2/2	2	1	1/4		1/4	1	432												73						
41	40	168	168	1.0	3/4	3/4	Chord	2/2	2	1	1/4		1/4	1	433												73						
41	40	165	165	1.0	0	0	Chord	2/2	3	1	1/4		1/4	1	434												74						
41	40	166	166	1.0	1/4	1/4	Chord	2/2	3	1	1/4		1/4	1	435												74						
41	40	167	167	1.0	1/2	1/2	Chord	2/2	3	1	1/4		1/4	1	436												74						
41	40	168	168	1.0	3/4	3/4	Chord	2/2	3	1	1/4		1/4	1	437												74						
42	41	169	169	0.0	0	0	Spanner	2/2	1	1	0																				12		
42	41	169	169	1.0	0	0	Chord	2/2	1	1	1/4		1/4	1	438	nur	on														12		
42	41	170	170	1.0	1/4	1/4	Chord	2/2	1	1	1/4		1/4	1	439	den	their														12		
42	41	171	171	0.0	1/2	1/2	Spanner	2/2	1	1	0																						
42	41	171	171	1.0	1/2	1/2	Chord	2/2	1	1	1/4		1/4	1	440	Gang	way																
42	41	172	172	1.0	3/4	3/4	Chord	2/2	1	1	1/4		1/4	1	441	zu	to																
42	41	169	169	0.0	0	0	Dynamic	2/2	2	1	0							pp									73						
42	41	169	169	0.0	0	0	Spanner	2/2	2	1	0																73				13		
42	41	169	169	1.0	0	0	Chord	2/2	2	1	1/4		1/4	1	442												73				13		
42	41	170	170	1.0	1/4	1/4	Chord	2/2	2	1	1/4		1/4	1	443												73				13		
42	41	171	171	0.0	1/2	1/2	Spanner	2/2	2	1	0																73						
42	41	171	171	0.0	1/2	1/2	Spanner	2/2	2	1	0																73					9	
42	41	171	171	1.0	1/2	1/2	Chord	2/2	2	1	1/4		1/4	1	444												73					9	
42	41	172	172	1.0	3/4	3/4	Chord	2/2	2	1	1/4		1/4	1	445																	9	
42	41	169	169	1.0	0	0	Chord	2/2	3	1	1/4		1/4	1	446												74						
42	41	170	170	1.0	1/4	1/4	Chord	2/2	3	1	1/4		1/4	1	447												74						
42	41	171	171	2.0	1/2	1/2	Chord	2/2	3	1	1/2		1/2	1	448																		
43	42	173	173	0.0	0	0	Spanner	2/2	1	1	0																					10	
43	42	173	173	1.0	0	0	Chord	2/2	1	1	1/4		1/4	1	449	je-	yon-		articAccentAbove								75					10	
43	42	174	174	1.0	1/4	1/4	Chord	2/2	1	1	1/4		1/4	1	450												75					10	
43	42	175	175	0.0	1/2	1/2	Spanner	2/2	1	1	0																						
43	42	175	175	1.0	1/2	1/2	Chord	2/2	1	1	1/4		1/4	1	451																		
43	42	176	176	0.0	3/4	3/4	Spanner	2/2	1	1	0																				14		
43	42	176	176	1.0	3/4	3/4	Chord	2/2	1	1	1/4		1/4	1	452	-nen	-der														14		
43	42	173	173	0.0	0	0	Spanner	2/2	2	1	0																						
43	42	173	173	3.0	0	0	Chord	2/2	2	1	3/4		1/2	3/2	453												76						
43	42	176	176	1.0	3/4	3/4	Chord	2/2	2	1	1/4		1/4	1	454																		
43	42	173	173	4.0	0	0	Chord	2/2	2	2	1		1	1	455																		
43	42	173	173	4.0	0	0	Chord	2/2	3	1	1		1	1	456																		
44	43	177	177	0.0	0	0	Spanner	2/2	1	1	0																						
44	43	177	177	0.0	0	0	Spanner	2/2	1	1	0																					11	
44	43	177	177	1.0	0	0	Chord	2/2	1	1	1/4		1/4	1	457	H√∂h‚Äôn!	height!		articAccentAbove								77					11	
44	43	178	178	1.0	1/4	1/4	Chord	2/2	1	1	1/4		1/4	1	458												77					11	
44	43	179	179	0.0	1/2	1/2	Dynamic	2/2	1	1	0							pp															
44	43	179	179	0.0	1/2	1/2	Spanner	2/2	1	1	0																						
44	43	179	179	1.0	1/2	1/2	Chord	2/2	1	1	1/4		1/4	1	459																		
44	43	177	177	3.0	0	0	Chord	2/2	2	1	3/4		1/2	3/2	460												78						
44	43	180	180	0.0	3/4	3/4	StaffText	2/2	2	1	0									"den Gesang fortsetzend
continuare il canto"													
44	43	180	180	1.0	3/4	3/4	Chord	2/2	2	1	1/4		1/4	1	461												79						
44	43	177	177	4.0	0	0	Chord	2/2	2	2	1		1	1	462																		
44	43	177	177	0.0	0	0	Spanner	2/2	3	1	0																				15		
44	43	177	177	2.0	0	0	Chord	2/2	3	1	1/2		1/2	1	463												80				15		
44	43	179	179	2.0	1/2	1/2	Chord	2/2	3	1	1/2		1/2	1	464												80				15		
44	43	177	177	4.0	0	0	Chord	2/2	3	2	1		1	1	465																15		
45	44	181	181	1.0	0	0	Chord	2/2	2	1	1/4		1/4	1	466				articAccentAbove								79						
45	44	182	182	1.0	1/4	1/4	Chord	2/2	2	1	1/4		1/4	1	467												79						
45	44	183	183	1.0	1/2	1/2	Chord	2/2	2	1	1/4		1/4	1	468												79						
45	44	184	184	1.0	3/4	3/4	Chord	2/2	2	1	1/4		1/4	1	469												79						
45	44	181	181	2.0	0	0	Chord	2/2	2	2	1/2		1/2	1	470																		
45	44	183	183	2.0	1/2	1/2	Chord	2/2	2	2	1/2		1/2	1	471																		
45	44	181	181	0.0	0	0	Dynamic	2/2	3	1	0							f									80						
45	44	181	181	0.0	0	0	Spanner	2/2	3	1	0																80						
45	44	181	181	2.0	0	0	Chord	2/2	3	1	1/2		1/2	1	472												80						
45	44	183	183	1.0	1/2	1/2	Chord	2/2	3	1	1/4		1/4	1	473												80						
45	44	184	184	1.0	3/4	3/4	Chord	2/2	3	1	1/4		1/4	1	474												80						
45	44	181	181	4.0	0	0	Chord	2/2	3	2	1		1	1	475				articAccentBelow														
46	45	185	185	1.0	0	0	Chord	2/2	2	1	1/4		1/4	1	476												79						
46	45	186	186	0.0	1/4	1/4	Spanner	2/2	2	1	0																79	0	0				
46	45	186	186	1.0	1/4	1/4	Chord	2/2	2	1	1/4		1/4	1	477												79	0	0				
46	45	187	187	1.0	1/2	1/2	Chord	2/2	2	1	1/4		1/4	1	478												79	0	0				
46	45	188	188	1.0	3/4	3/4	Chord	2/2	2	1	1/4		1/4	1	479												79	0	0				
46	45	185	185	2.0	0	0	Chord	2/2	2	2	1/2		1/2	1	480													0	0				
46	45	187	187	2.0	1/2	1/2	Chord	2/2	2	2	1/2		1/2	1	481													0	0				
46	45	185	185	0.0	0	0	Spanner	2/2	3	1	0																80					12	
46	45	185	185	3.0	0	0	Chord	2/2	3	1	3/4		1/2	3/2	482												80					12	
46	45	188	188	1.0	3/4	3/4	Chord	2/2	3	1	1/4		1/4	1	483																	12	
46	45	185	185	4.0	0	0	Chord	2/2	3	2	1		1	1	484																	12	
47	46	189	189	0.0	0	0	StaffText	2/2	1	1	0									a tempo, nicht eilen													
47	46	189	189	0.0	0	0	StaffText	2/2	1	1	0									senza fretta													
47	46	192	192	0.0	3/4	3/4	StaffText	2/2	1	1	0									semplice													
47	46	192	192	0.0	3/4	3/4	StaffText	2/2	1	1	0									schlicht													
47	46	192	192	1.0	3/4	3/4	Chord	2/2	1	1	1/4		1/4	1	485	Sie	They‚Äôve																
47	46	189	189	0.0	0	0	StaffText	2/2	2	1	0									a tempo, nicht eilen!													
47	46	189	189	0.0	0	0	Dynamic	2/2	2	1	0							pp															
47	46	189	189	0.0	0	0	Spanner	2/2	2	1	0																						
47	46	189	189	1.0	0	0	Chord	2/2	2	1	1/4		1/4	1	486				articStaccatoAbove														
47	46	190	190	0.0	1/4	1/4	StaffText	2/2	2	1	0									senza fretta!													
47	46	190	190	0.5	1/4	1/4	Chord	2/2	2	1	1/8		1/8	1	487												81						
47	46	381/2	381/2	0.5	3/8	3/8	Chord	2/2	2	1	1/8		1/8	1	488												81						
47	46	191	191	1.0	1/2	1/2	Chord	2/2	2	1	1/4		1/4	1	489				articStaccatoAbove														
47	46	192	192	0.5	3/4	3/4	Chord	2/2	2	1	1/8		1/8	1	490												82						
47	46	385/2	385/2	0.5	7/8	7/8	Chord	2/2	2	1	1/8		1/8	1	491												82						
47	46	189	189	0.0	0	0	Spanner	2/2	3	1	0																						
47	46	189	189	0.5	0	0	Chord	2/2	3	1	1/8		1/8	1	492												83						
47	46	379/2	379/2	0.5	1/8	1/8	Chord	2/2	3	1	1/8		1/8	1	493												83						
47	46	190	190	0.5	1/4	1/4	Chord	2/2	3	1	1/8		1/8	1	494												83						
47	46	381/2	381/2	0.5	3/8	3/8	Chord	2/2	3	1	1/8		1/8	1	495												83						
47	46	191	191	0.5	1/2	1/2	Chord	2/2	3	1	1/8		1/8	1	496												83						
47	46	383/2	383/2	0.5	5/8	5/8	Chord	2/2	3	1	1/8		1/8	1	497												83						
47	46	192	192	0.5	3/4	3/4	Chord	2/2	3	1	1/8		1/8	1	498												83						
47	46	385/2	385/2	0.5	7/8	7/8	Chord	2/2	3	1	1/8		1/8	1	499												83						
48	47	193	193	1.0	0	0	Chord	2/2	1	1	1/4		1/4	1	500	sind	on-																
48	47	194	194	1.0	1/4	1/4	Chord	2/2	1	1	1/4		1/4	1	501	uns	-ly																
48	47	195	195	1.0	1/2	1/2	Chord	2/2	1	1	1/4		1/4	1	502	nur	gone																
48	47	196	196	1.0	3/4	3/4	Chord	2/2	1	1	1/4		1/4	1	503	vor-	a																
48	47	193	193	1.0	0	0	Chord	2/2	2	1	1/4		1/4	1	504				articStaccatoAbove														
48	47	194	194	0.5	1/4	1/4	Chord	2/2	2	1	1/8		1/8	1	505												84						
48	47	389/2	389/2	0.5	3/8	3/8	Chord	2/2	2	1	1/8		1/8	1	506												84						
48	47	195	195	1.0	1/2	1/2	Chord	2/2	2	1	1/4		1/4	1	507				articStaccatoAbove														
48	47	196	196	0.5	3/4	3/4	Chord	2/2	2	1	1/8		1/8	1	508												85						
48	47	393/2	393/2	0.5	7/8	7/8	Chord	2/2	2	1	1/8		1/8	1	509												85						
48	47	193	193	0.5	0	0	Chord	2/2	3	1	1/8		1/8	1	510												83						
48	47	387/2	387/2	0.5	1/8	1/8	Chord	2/2	3	1	1/8		1/8	1	511												83						
48	47	194	194	0.5	1/4	1/4	Chord	2/2	3	1	1/8		1/8	1	512												83						
48	47	389/2	389/2	0.5	3/8	3/8	Chord	2/2	3	1	1/8		1/8	1	513												83						
48	47	195	195	0.5	1/2	1/2	Chord	2/2	3	1	1/8		1/8	1	514												83						
48	47	391/2	391/2	0.5	5/8	5/8	Chord	2/2	3	1	1/8		1/8	1	515												83						
48	47	196	196	0.5	3/4	3/4	Chord	2/2	3	1	1/8		1/8	1	516												83						
48	47	393/2	393/2	0.5	7/8	7/8	Chord	2/2	3	1	1/8		1/8	1	517												83						
49	48	197	197	1.0	0	0	Chord	2/2	1	1	1/4		1/4	1	518	-aus-	space																
49	48	198	198	1.0	1/4	1/4	Chord	2/2	1	1	1/4		1/4	1	519	-ge-	be-																
49	48	199	199	2.0	1/2	1/2	Chord	2/2	1	1	1/2		1/2	1	520	-gan-	-fore																
49	48	197	197	1.0	0	0	Chord	2/2	2	1	1/4		1/4	1	521												85						
49	48	198	198	1.0	1/4	1/4	Chord	2/2	2	1	1/4		1/4	1	522												85						
49	48	199	199	2.0	1/2	1/2	Chord	2/2	2	1	1/2		1/2	1	523												85						
49	48	197	197	0.5	0	0	Chord	2/2	3	1	1/8		1/8	1	524												83						
49	48	395/2	395/2	1.0	1/8	1/8	Chord	2/2	3	1	1/4		1/4	1	525																		
49	48	397/2	397/2	0.5	3/8	3/8	Chord	2/2	3	1	1/8		1/8	1	526												86						
49	48	199	199	1.5	1/2	1/2	Chord	2/2	3	1	3/8		1/4	3/2	527																		
49	48	401/2	401/2	0.5	7/8	7/8	Chord	2/2	3	1	1/8		1/8	1	528																		
50	49	201	201	2.0	0	0	Chord	2/2	1	1	1/2		1/2	1	529																		
50	49	203	203	1.0	1/2	1/2	Chord	2/2	1	1	1/4		1/4	1	530	-gen	us,																
50	49	201	201	1.0	0	0	Chord	2/2	2	1	1/4		1/4	1	531												85						
50	49	202	202	1.0	1/4	1/4	Chord	2/2	2	1	1/4		1/4	1	532												85						
50	49	203	203	2.0	1/2	1/2	Chord	2/2	2	1	1/2		1/2	1	533																		
50	49	201	201	0.5	0	0	Chord	2/2	3	1	1/8		1/8	1	534																		
50	49	403/2	403/2	1.0	1/8	1/8	Chord	2/2	3	1	1/4		1/4	1	535																		
50	49	405/2	405/2	0.5	3/8	3/8	Chord	2/2	3	1	1/8		1/8	1	536												87						
50	49	203	203	1.5	1/2	1/2	Chord	2/2	3	1	3/8		1/4	3/2	537												87						
50	49	409/2	409/2	0.5	7/8	7/8	Chord	2/2	3	1	1/8		1/8	1	538																		
51	50	208	208	1.0	3/4	3/4	Chord	2/2	1	1	1/4		1/4	1	539	und	and																
51	50	205	205	1.0	0	0	Chord	2/2	2	1	1/4		1/4	1	540																		
51	50	206	206	0.0	1/4	1/4	Dynamic	2/2	2	1	0							pp															
51	50	206	206	0.5	1/4	1/4	Chord	2/2	2	1	1/8		1/8	1	541												88						
51	50	413/2	413/2	0.5	3/8	3/8	Chord	2/2	2	1	1/8		1/8	1	542												88						
51	50	207	207	1.0	1/2	1/2	Chord	2/2	2	1	1/4		1/4	1	543																		
51	50	208	208	0.5	3/4	3/4	Chord	2/2	2	1	1/8		1/8	1	544												89						
51	50	417/2	417/2	0.5	7/8	7/8	Chord	2/2	2	1	1/8		1/8	1	545												89						
51	50	205	205	0.5	0	0	Chord	2/2	3	1	1/8		1/8	1	546																		
51	50	411/2	411/2	0.5	1/8	1/8	Chord	2/2	3	1	1/8		1/8	1	547												90						
51	50	206	206	0.5	1/4	1/4	Chord	2/2	3	1	1/8		1/8	1	548												90						
51	50	413/2	413/2	0.5	3/8	3/8	Chord	2/2	3	1	1/8		1/8	1	549												90						
51	50	207	207	0.5	1/2	1/2	Chord	2/2	3	1	1/8		1/8	1	550												90						
51	50	415/2	415/2	0.5	5/8	5/8	Chord	2/2	3	1	1/8		1/8	1	551												90						
51	50	208	208	0.5	3/4	3/4	Chord	2/2	3	1	1/8		1/8	1	552												90						
51	50	417/2	417/2	0.5	7/8	7/8	Chord	2/2	3	1	1/8		1/8	1	553												90						
52	51	209	209	2.0	0	0	Chord	2/2	1	1	1/2		1/2	1	554	wer-	now																
52	51	211	211	1.0	1/2	1/2	Chord	2/2	1	1	1/4		1/4	1	555	-den	but																
52	51	212	212	1.0	3/4	3/4	Chord	2/2	1	1	1/4		1/4	1	556	nicht	to																
52	51	209	209	1.0	0	0	Chord	2/2	2	1	1/4		1/4	1	557																		
52	51	210	210	0.5	1/4	1/4	Chord	2/2	2	1	1/8		1/8	1	558												91						
52	51	421/2	421/2	0.5	3/8	3/8	Chord	2/2	2	1	1/8		1/8	1	559												91						
52	51	211	211	1.0	1/2	1/2	Chord	2/2	2	1	1/4		1/4	1	560																		
52	51	212	212	0.5	3/4	3/4	Chord	2/2	2	1	1/8		1/8	1	561												92						
52	51	425/2	425/2	0.5	7/8	7/8	Chord	2/2	2	1	1/8		1/8	1	562												92						
52	51	209	209	0.5	0	0	Chord	2/2	3	1	1/8		1/8	1	563												90						
52	51	419/2	419/2	0.5	1/8	1/8	Chord	2/2	3	1	1/8		1/8	1	564												90						
52	51	210	210	0.5	1/4	1/4	Chord	2/2	3	1	1/8		1/8	1	565												90						
52	51	421/2	421/2	0.5	3/8	3/8	Chord	2/2	3	1	1/8		1/8	1	566												90						
52	51	211	211	0.5	1/2	1/2	Chord	2/2	3	1	1/8		1/8	1	567												90						
52	51	423/2	423/2	0.5	5/8	5/8	Chord	2/2	3	1	1/8		1/8	1	568												90						
52	51	212	212	0.5	3/4	3/4	Chord	2/2	3	1	1/8		1/8	1	569												90						
52	51	425/2	425/2	0.5	7/8	7/8	Chord	2/2	3	1	1/8		1/8	1	570												90						
53	52	213	213	1.0	0	0	Chord	2/2	1	1	1/4		1/4	1	571	wie-	fol-										93						
53	52	214	214	1.0	1/4	1/4	Chord	2/2	1	1	1/4		1/4	1	572																		
53	52	215	215	1.0	1/2	1/2	Chord	2/2	1	1	1/4		1/4	1	573	-der	-low																
53	52	216	216	1.0	3/4	3/4	Chord	2/2	1	1	1/4		1/4	1	574	nach	their																
53	52	213	213	1.0	0	0	Chord	2/2	2	1	1/4		1/4	1	575																		
53	52	214	214	0.5	1/4	1/4	Chord	2/2	2	1	1/8		1/8	1	576												94						
53	52	429/2	429/2	0.5	3/8	3/8	Chord	2/2	2	1	1/8		1/8	1	577												94						
53	52	215	215	1.0	1/2	1/2	Chord	2/2	2	1	1/4		1/4	1	578																		
53	52	216	216	0.5	3/4	3/4	Chord	2/2	2	1	1/8		1/8	1	579												95						
53	52	433/2	433/2	0.5	7/8	7/8	Chord	2/2	2	1	1/8		1/8	1	580												95						
53	52	213	213	0.5	0	0	Chord	2/2	3	1	1/8		1/8	1	581												90						
53	52	427/2	427/2	0.5	1/8	1/8	Chord	2/2	3	1	1/8		1/8	1	582												90						
53	52	214	214	0.5	1/4	1/4	Chord	2/2	3	1	1/8		1/8	1	583												90						
53	52	429/2	429/2	0.5	3/8	3/8	Chord	2/2	3	1	1/8		1/8	1	584												90						
53	52	215	215	2.0	1/2	1/2	Chord	2/2	3	1	1/2		1/2	1	585																		
54	53	217	217	1.0	0	0	Chord	3/2	1	1	1/4		1/4	1	586	Haus	prayers										96						
54	53	218	218	1.0	1/4	1/4	Chord	3/2	1	1	1/4		1/4	1	587												96						
54	53	219	219	3.0	1/2	1/2	Chord	3/2	1	1	3/4		1/2	3/2	588																		
54	53	222	222	1.0	5/4	5/4	Chord	3/2	1	1	1/4		1/4	1	589	ver-	im-																
54	53	217	217	1.0	0	0	Chord	3/2	2	1	1/4		1/4	1	590				articAccentAbove								97						
54	53	218	218	1.0	1/4	1/4	Chord	3/2	2	1	1/4		1/4	1	591												97						
54	53	219	219	2.0	1/2	1/2	Chord	3/2	2	1	1/2		1/2	1	592												97						
54	53	221	221	0.5	1	1	Chord	3/2	2	1	1/8		1/8	1	593												97						
54	53	443/2	443/2	0.5	9/8	9/8	Chord	3/2	2	1	1/8		1/8	1	594												97						
54	53	222	222	0.5	5/4	5/4	Chord	3/2	2	1	1/8		1/8	1	595												97						
54	53	445/2	445/2	0.5	11/8	11/8	Chord	3/2	2	1	1/8		1/8	1	596																		
54	53	217	217	1.0	0	0	Chord	3/2	2	2	1/4		1/4	1	597																		
54	53	218	218	1.0	1/4	1/4	Chord	3/2	2	2	1/4		1/4	1	598																		
54	53	219	219	3.0	1/2	1/2	Chord	3/2	2	2	3/4		1/2	3/2	599																		
54	53	222	222	1.0	5/4	5/4	Chord	3/2	2	2	1/4		1/4	1	600																		
54	53	217	217	0.5	0	0	Chord	3/2	3	1	1/8		1/8	1	601												98						
54	53	435/2	435/2	0.5	1/8	1/8	Chord	3/2	3	1	1/8		1/8	1	602												98						
54	53	218	218	0.5	1/4	1/4	Chord	3/2	3	1	1/8		1/8	1	603												98						
54	53	437/2	437/2	0.5	3/8	3/8	Chord	3/2	3	1	1/8		1/8	1	604												98						
54	53	219	219	0.5	1/2	1/2	Chord	3/2	3	1	1/8		1/8	1	605												98						
54	53	439/2	439/2	0.5	5/8	5/8	Chord	3/2	3	1	1/8		1/8	1	606												98						
54	53	220	220	0.5	3/4	3/4	Chord	3/2	3	1	1/8		1/8	1	607												98						
54	53	441/2	441/2	0.5	7/8	7/8	Chord	3/2	3	1	1/8		1/8	1	608												98						
54	53	221	221	1.0	1	1	Chord	3/2	3	1	1/4		1/4	1	609												98						
54	53	222	222	1.0	5/4	5/4	Chord	3/2	3	1	1/4		1/4	1	610																		
55	54	223	223	2.0	0	0	Chord	2/2	1	1	1/2		1/2	1	611	-lan-	-plore																
55	54	225	225	1.0	1/2	1/2	Chord	2/2	1	1	1/4		1/4	1	612	-gen!	us!																
55	54	223	223	1.0	0	0	Chord	2/2	2	1	1/4		1/4	1	613												99						
55	54	224	224	1.0	1/4	1/4	Chord	2/2	2	1	1/4		1/4	1	614												99						
55	54	225	225	1.0	1/2	1/2	Chord	2/2	2	1	1/4		1/4	1	615												99						
55	54	226	226	1.0	3/4	3/4	Chord	2/2	2	1	1/4		1/4	1	616																		
55	54	223	223	0.0	0	0	Dynamic	2/2	3	1	0							other-dynamics															
55	54	223	223	0.5	0	0	Chord	2/2	3	1	1/8		1/8	1	617												100						
55	54	447/2	447/2	1.0	1/8	1/8	Chord	2/2	3	1	1/4		1/4	1	618																		
55	54	449/2	449/2	0.5	3/8	3/8	Chord	2/2	3	1	1/8		1/8	1	619												101						
55	54	225	225	0.5	1/2	1/2	Chord	2/2	3	1	1/8		1/8	1	620												101						
55	54	451/2	451/2	1.0	5/8	5/8	Chord	2/2	3	1	1/4		1/4	1	621																		
55	54	453/2	453/2	0.5	7/8	7/8	Chord	2/2	3	1	1/8		1/8	1	622												102						
56	55	227	227	0.0	0	0	Spanner	2/2	2	1	0																				16		
56	55	227	227	1.0	0	0	Chord	2/2	2	1	1/4		1/4	1	623												103				16		
56	55	228	228	1.0	1/4	1/4	Chord	2/2	2	1	1/4		1/4	1	624												103				16		
56	55	229	229	0.0	1/2	1/2	Spanner	2/2	2	1	0																103					13	
56	55	229	229	0.0	1/2	1/2	Spanner	2/2	2	1	0																103					13	
56	55	229	229	0.0	1/2	1/2	Chord	2/2	2	1	0	acciaccatura	1/8	1	625												103					13	
56	55	229	229	1.0	1/2	1/2	Chord	2/2	2	1	1/4		1/4	1	626				articAccentBelow								103					13	
56	55	230	230	1.0	3/4	3/4	Chord	2/2	2	1	1/4		1/4	1	627																	13	
56	55	227	227	0.5	0	0	Chord	2/2	3	1	1/8		1/8	1	628												102						
56	55	455/2	455/2	1.0	1/8	1/8	Chord	2/2	3	1	1/4		1/4	1	629																		
56	55	457/2	457/2	0.5	3/8	3/8	Chord	2/2	3	1	1/8		1/8	1	630												104						
56	55	229	229	2.0	1/2	1/2	Chord	2/2	3	1	1/2		1/2	1	631																		
57	56	231	231	0.0	0	0	Spanner	2/2	2	1	0																						
57	56	231	231	0.0	0	0	Spanner	2/2	2	1	0																				17		
57	56	231	231	1.0	0	0	Chord	2/2	2	1	1/4		1/4	1	632												105				17		
57	56	232	232	1.0	1/4	1/4	Chord	2/2	2	1	1/4		1/4	1	633												105				17		
57	56	233	233	0.0	1/2	1/2	Spanner	2/2	2	1	0																						
57	56	233	233	0.0	1/2	1/2	Spanner	2/2	2	1	0																					14	
57	56	233	233	2.0	1/2	1/2	Chord	2/2	2	1	1/2		1/2	1	634				articAccentAbove													14	
57	56	231	231	0.5	0	0	Chord	2/2	3	1	1/8		1/8	1	635												106						
57	56	463/2	463/2	1.0	1/8	1/8	Chord	2/2	3	1	1/4		1/4	1	636																		
57	56	465/2	465/2	0.5	3/8	3/8	Chord	2/2	3	1	1/8		1/8	1	637												107						
57	56	233	233	1.5	1/2	1/2	Chord	2/2	3	1	3/8		1/4	3/2	638												107						
57	56	469/2	469/2	0.5	7/8	7/8	Chord	2/2	3	1	1/8		1/8	1	639																		
58	57	235	235	0.0	0	0	Spanner	2/2	2	1	0																						
58	57	235	235	0.0	0	0	Spanner	2/2	2	1	0																				18		
58	57	235	235	1.0	0	0	Chord	2/2	2	1	1/4		1/4	1	640												108				18		
58	57	236	236	1.0	1/4	1/4	Chord	2/2	2	1	1/4		1/4	1	641												108				18		
58	57	237	237	0.0	1/2	1/2	Spanner	2/2	2	1	0																						
58	57	237	237	0.0	1/2	1/2	Spanner	2/2	2	1	0																					15	
58	57	237	237	2.0	1/2	1/2	Chord	2/2	2	1	1/2		1/2	1	642				articAccentAbove													15	
58	57	235	235	0.5	0	0	Chord	2/2	3	1	1/8		1/8	1	643												109						
58	57	471/2	471/2	1.0	1/8	1/8	Chord	2/2	3	1	1/4		1/4	1	644																		
58	57	473/2	473/2	0.5	3/8	3/8	Chord	2/2	3	1	1/8		1/8	1	645												110						
58	57	237	237	1.5	1/2	1/2	Chord	2/2	3	1	3/8		1/4	3/2	646												110						
58	57	477/2	477/2	0.5	7/8	7/8	Chord	2/2	3	1	1/8		1/8	1	647																		
59	58	243	243	0.0	1	1	StaffText	3/2	1	1	0									sehr zart													
59	58	243	243	0.0	1	1	StaffText	3/2	1	1	0									con molto tenerezza													
59	58	244	244	1.0	5/4	5/4	Chord	3/2	1	1	1/4		1/4	1	648	Wir	We‚Äôll																
59	58	239	239	0.0	0	0	StaffText	3/2	2	1	0									poco rit.													
59	58	239	239	0.0	0	0	Dynamic	3/2	2	1	0							pp															
59	58	239	239	0.0	0	0	Spanner	3/2	2	1	0																						
59	58	239	239	0.0	0	0	Spanner	3/2	2	1	0																				19		
59	58	239	239	1.0	0	0	Chord	3/2	2	1	1/4		1/4	1	649												111				19		
59	58	240	240	1.0	1/4	1/4	Chord	3/2	2	1	1/4		1/4	1	650												111				19		
59	58	241	241	0.0	1/2	1/2	Spanner	3/2	2	1	0																						
59	58	241	241	0.0	1/2	1/2	Spanner	3/2	2	1	0																					16	
59	58	241	241	4.0	1/2	1/2	Chord	3/2	2	1	1		1	1	651				articAccentAbove													16	
59	58	243	243	0.0	1	1	Spanner	3/2	2	1	0																						
59	58	241	241	2.0	1/2	1/2	Chord	3/2	2	2	1/2		1/2	1	652																		
59	58	239	239	0.5	0	0	Chord	3/2	3	1	1/8		1/8	1	653												112						
59	58	479/2	479/2	0.5	1/8	1/8	Chord	3/2	3	1	1/8		1/8	1	654												112						
59	58	240	240	0.5	1/4	1/4	Chord	3/2	3	1	1/8		1/8	1	655												112						
59	58	481/2	481/2	0.5	3/8	3/8	Chord	3/2	3	1	1/8		1/8	1	656												112						
59	58	483/2	483/2	0.5	5/8	5/8	Chord	3/2	3	1	1/8		1/8	1	657												112						
59	58	242	242	0.5	3/4	3/4	Chord	3/2	3	1	1/8		1/8	1	658												112						
59	58	485/2	485/2	0.5	7/8	7/8	Chord	3/2	3	1	1/8		1/8	1	659												112						
59	58	243	243	0.5	1	1	Chord	3/2	3	1	1/8		1/8	1	660												112						
59	58	487/2	487/2	0.5	9/8	9/8	Chord	3/2	3	1	1/8		1/8	1	661												112						
59	58	244	244	1.0	5/4	5/4	Chord	3/2	3	1	1/4		1/4	1	662																		
60	59	245	245	0.0	0	0	StaffText	2/2	1	1	0									a tempo													
60	59	245	245	2.0	0	0	Chord	2/2	1	1	1/2		1/2	1	663	ho-	fol-																
60	59	247	247	1.0	1/2	1/2	Chord	2/2	1	1	1/4		1/4	1	664	-len	-low																
60	59	248	248	1.0	3/4	3/4	Chord	2/2	1	1	1/4		1/4	1	665	sie	their																
60	59	245	245	0.0	0	0	Dynamic	2/2	2	1	0							other-dynamics															
60	59	245	245	2.0	0	0	Chord	2/2	2	1	1/2		1/2	1	666												113						
60	59	247	247	1.0	1/2	1/2	Chord	2/2	2	1	1/4		1/4	1	667												113						
60	59	248	248	1.0	3/4	3/4	Chord	2/2	2	1	1/4		1/4	1	668												113						
60	59	245	245	4.0	0	0	Chord	2/2	3	1	1		1	1	669																		
61	60	249	249	2.0	0	0	Chord	2/2	1	1	1/2		1/2	1	670	ein	flight										114						
61	60	251	251	2.0	1/2	1/2	Chord	2/2	1	1	1/2		1/2	1	671																		
61	60	249	249	2.0	0	0	Chord	2/2	2	1	1/2		1/2	1	672												113						
61	60	251	251	2.0	1/2	1/2	Chord	2/2	2	1	1/2		1/2	1	673																		
61	60	249	249	4.0	0	0	Chord	2/2	3	1	1		1	1	674																		
62	61	253	253	1.0	0	0	Chord	2/2	1	1	1/4		1/4	1	675	auf	to										115						
62	61	254	254	1.0	1/4	1/4	Chord	2/2	1	1	1/4		1/4	1	676																		
62	61	255	255	1.0	1/2	1/2	Chord	2/2	1	1	1/4		1/4	1	677	je-	yon-																
62	61	256	256	1.0	3/4	3/4	Chord	2/2	1	1	1/4		1/4	1	678	-nen	-der																
62	61	253	253	0.0	0	0	StaffText	2/2	2	1	0									espr.													
62	61	253	253	1.0	0	0	Chord	2/2	2	1	1/4		1/4	1	679												116						
62	61	254	254	0.0	1/4	1/4	Spanner	2/2	2	1	0																116					17	
62	61	254	254	1.0	1/4	1/4	Chord	2/2	2	1	1/4		1/4	1	680												116					17	
62	61	255	255	1.0	1/2	1/2	Chord	2/2	2	1	1/4		1/4	1	681												116					17	
62	61	256	256	1.0	3/4	3/4	Chord	2/2	2	1	1/4		1/4	1	682												116					17	
62	61	253	253	4.0	0	0	Chord	2/2	3	1	1		1	1	683												117						
63	62	257	257	1.0	0	0	Chord	2/2	1	1	1/4		1/4	1	684	H√∂h‚Äôn!	height!										118						
63	62	258	258	1.0	1/4	1/4	Chord	2/2	1	1	1/4		1/4	1	685												118						
63	62	259	259	1.0	1/2	1/2	Chord	2/2	1	1	1/4		1/4	1	686																		
63	62	260	260	0.0	3/4	3/4	StaffText	2/2	1	1	0									  warm													
63	62	260	260	0.0	3/4	3/4	StaffText	2/2	1	1	0									caloroso													
63	62	260	260	1.0	3/4	3/4	Chord	2/2	1	1	1/4		1/4	1	687	Im	To																
63	62	257	257	0.0	0	0	Spanner	2/2	2	1	0																116						
63	62	257	257	0.0	0	0	Spanner	2/2	2	1	0																116				20		
63	62	257	257	1.0	0	0	Chord	2/2	2	1	1/4		1/4	1	688												116				20		
63	62	258	258	1.0	1/4	1/4	Chord	2/2	2	1	1/4		1/4	1	689												116				20		
63	62	259	259	1.0	1/2	1/2	Chord	2/2	2	1	1/4		1/4	1	690												116				20		
63	62	260	260	0.0	3/4	3/4	Spanner	2/2	2	1	0																						
63	62	260	260	1.0	3/4	3/4	Chord	2/2	2	1	1/4		1/4	1	691																		
63	62	257	257	0.0	0	0	Spanner	2/2	3	1	0																117				21		
63	62	257	257	2.0	0	0	Chord	2/2	3	1	1/2		1/2	1	692												117				21		
63	62	259	259	2.0	1/2	1/2	Chord	2/2	3	1	1/2		1/2	1	693																21		
63	62	257	257	4.0	0	0	Chord	2/2	3	2	1		1	1	694																21		
64	63	261	261	0.0	0	0	StaffText	2/2	1	1	0									nicht schleppen													
64	63	261	261	0.0	0	0	StaffText	2/2	1	1	0									non trainando													
64	63	261	261	2.0	0	0	Chord	2/2	1	1	1/2		1/2	1	695	Son-	realms										119						
64	63	263	263	1.0	1/2	1/2	Chord	2/2	1	1	1/4		1/4	1	696												119						
64	63	264	264	1.0	3/4	3/4	Chord	2/2	1	1	1/4		1/4	1	697												119						
64	63	261	261	0.0	0	0	StaffText	2/2	2	1	0									zart													
64	63	261	261	0.0	0	0	Dynamic	2/2	2	1	0							p															
64	63	261	261	2.0	0	0	Chord	2/2	2	1	1/2		1/2	1	698												120						
64	63	263	263	1.0	1/2	1/2	Chord	2/2	2	1	1/4		1/4	1	699												120						
64	63	264	264	1.0	3/4	3/4	Chord	2/2	2	1	1/4		1/4	1	700												120						
64	63	261	261	0.0	0	0	Spanner	2/2	3	1	0																						
64	63	261	261	1.0	0	0	Chord	2/2	3	1	1/4		1/4	1	701												121						
64	63	262	262	1.0	1/4	1/4	Chord	2/2	3	1	1/4		1/4	1	702												121						
64	63	263	263	1.0	1/2	1/2	Chord	2/2	3	1	1/4		1/4	1	703												121						
64	63	264	264	1.0	3/4	3/4	Chord	2/2	3	1	1/4		1/4	1	704												121						
65	64	265	265	0.0	0	0	Spanner	2/2	1	1	0																119				22		
65	64	265	265	1.0	0	0	Chord	2/2	1	1	1/4		1/4	1	705												119				22		
65	64	266	266	1.0	1/4	1/4	Chord	2/2	1	1	1/4		1/4	1	706												119				22		
65	64	267	267	0.0	1/2	1/2	Spanner	2/2	1	1	0																						
65	64	267	267	1.0	1/2	1/2	Chord	2/2	1	1	1/4		1/4	1	707				articAccentAbove														
65	64	268	268	1.0	3/4	3/4	Chord	2/2	1	1	1/4		1/4	1	708	-nen-	of																
65	64	265	265	1.0	0	0	Chord	2/2	2	1	1/4		1/4	1	709												120						
65	64	266	266	1.0	1/4	1/4	Chord	2/2	2	1	1/4		1/4	1	710												120						
65	64	267	267	1.0	1/2	1/2	Chord	2/2	2	1	1/4		1/4	1	711												120						
65	64	268	268	1.0	3/4	3/4	Chord	2/2	2	1	1/4		1/4	1	712																		
65	64	265	265	1.0	0	0	Chord	2/2	3	1	1/4		1/4	1	713												121						
65	64	266	266	1.0	1/4	1/4	Chord	2/2	3	1	1/4		1/4	1	714												121						
65	64	267	267	2.0	1/2	1/2	Chord	2/2	3	1	1/2		1/2	1	715																		
66	65	269	269	1.0	0	0	Chord	2/2	1	1	1/4		1/4	1	716	-schein!	light!		articAccentAbove								122						
66	65	270	270	1.0	1/4	1/4	Chord	2/2	1	1	1/4		1/4	1	717												122						
66	65	271	271	1.0	1/2	1/2	Chord	2/2	1	1	1/4		1/4	1	718																		
66	65	272	272	1.0	3/4	3/4	Chord	2/2	1	1	1/4		1/4	1	719	Der	The																
66	65	269	269	0.0	0	0	Spanner	2/2	2	1	0																			1			
66	65	269	269	1.0	0	0	Chord	2/2	2	1	1/4		1/4	1	720												123			1			
66	65	270	270	0.0	1/4	1/4	Spanner	2/2	2	1	0																123						
66	65	270	270	1.0	1/4	1/4	Chord	2/2	2	1	1/4		1/4	1	721												123						
66	65	271	271	1.0	1/2	1/2	Chord	2/2	2	1	1/4		1/4	1	722				articAccentAbove								123						
66	65	272	272	1.0	3/4	3/4	Chord	2/2	2	1	1/4		1/4	1	723																		
66	65	269	269	4.0	0	0	Chord	2/2	2	2	1		1	1	724																		
66	65	269	269	4.0	0	0	Chord	2/2	3	1	1		1	1	725												124						
66	65	269	269	4.0	0	0	Chord	2/2	3	2	1		1	1	726																		
67	66	273	273	0.0	0	0	StaffText	2/2	1	1	0									steigernd													
67	66	273	273	0.0	0	0	StaffText	2/2	1	1	0									con accrescimento													
67	66	273	273	1.0	0	0	Chord	2/2	1	1	1/4		1/4	1	727	Tag	day										125						
67	66	274	274	1.0	1/4	1/4	Chord	2/2	1	1	1/4		1/4	1	728												125						
67	66	275	275	1.0	1/2	1/2	Chord	2/2	1	1	1/4		1/4	1	729																		
67	66	276	276	0.0	3/4	3/4	Spanner	2/2	1	1	0																				23		
67	66	276	276	1.0	3/4	3/4	Chord	2/2	1	1	1/4		1/4	1	730	ist	is														23		
67	66	273	273	1.0	0	0	Chord	2/2	2	1	1/4		1/4	1	731												126						
67	66	274	274	1.0	1/4	1/4	Chord	2/2	2	1	1/4		1/4	1	732												126						
67	66	275	275	1.0	1/2	1/2	Chord	2/2	2	1	1/4		1/4	1	733												126						
67	66	276	276	1.0	3/4	3/4	Chord	2/2	2	1	1/4		1/4	1	734																		
67	66	273	273	4.0	0	0	Chord	2/2	2	2	1		1	1	735																		
67	66	273	273	2.0	0	0	Chord	2/2	3	1	1/2		1/2	1	736												124						
67	66	275	275	2.0	1/2	1/2	Chord	2/2	3	1	1/2		1/2	1	737																		
67	66	273	273	4.0	0	0	Chord	2/2	3	2	1		1	1	738																		
68	67	277	277	1.0	0	0	Chord	2/2	1	1	1/4		1/4	1	739	sch√∂n	bright		articAccentAbove								127				23		
68	67	278	278	1.0	1/4	1/4	Chord	2/2	1	1	1/4		1/4	1	740												127				23		
68	67	279	279	1.0	1/2	1/2	Chord	2/2	1	1	1/4		1/4	1	741																23		
68	67	280	280	0.0	3/4	3/4	Spanner	2/2	1	1	0																						
68	67	280	280	1.0	3/4	3/4	Chord	2/2	1	1	1/4		1/4	1	742	auf	on																
68	67	277	277	1.0	0	0	Chord	2/2	2	1	1/4		1/4	1	743												128						
68	67	278	278	1.0	1/4	1/4	Chord	2/2	2	1	1/4		1/4	1	744												128						
68	67	279	279	1.0	1/2	1/2	Chord	2/2	2	1	1/4		1/4	1	745												128						
68	67	280	280	1.0	3/4	3/4	Chord	2/2	2	1	1/4		1/4	1	746																		
68	67	277	277	4.0	0	0	Chord	2/2	2	2	1		1	1	747																		
68	67	277	277	2.0	0	0	Chord	2/2	3	1	1/2		1/2	1	748												129						
68	67	279	279	1.0	1/2	1/2	Chord	2/2	3	1	1/4		1/4	1	749												129						
68	67	280	280	1.0	3/4	3/4	Chord	2/2	3	1	1/4		1/4	1	750												129						
68	67	277	277	4.0	0	0	Chord	2/2	3	2	1		1	1	751																		
69	68	281	281	0.0	0	0	StaffText	2/2	1	1	0									rit.													
69	68	281	281	0.0	0	0	Dynamic	2/2	1	1	0							ff															
69	68	281	281	1.0	0	0	Chord	2/2	1	1	1/4		1/4	1	752	je-	yon-		articAccentAbove								130						
69	68	282	282	1.0	1/4	1/4	Chord	2/2	1	1	1/4		1/4	1	753				articAccentAbove								130						
69	68	283	283	1.0	1/2	1/2	Chord	2/2	1	1	1/4		1/4	1	754				articAccentAbove														
69	68	284	284	1.0	3/4	3/4	Chord	2/2	1	1	1/4		1/4	1	755	-nen	-der																
69	68	281	281	0.0	0	0	StaffText	2/2	2	1	0									rit.													
69	68	281	281	0.0	0	0	Spanner	2/2	2	1	0																				24		
69	68	281	281	0.0	0	0	Spanner	2/2	2	1	0																				24		0
69	68	281	281	1.0	0	0	Chord	2/2	2	1	1/4		1/4	1	756												131				24		0
69	68	282	282	1.0	1/4	1/4	Chord	2/2	2	1	1/4		1/4	1	757												131				24		0
69	68	283	283	1.0	1/2	1/2	Chord	2/2	2	1	1/4		1/4	1	758												131				24		0
69	68	284	284	0.0	3/4	3/4	Spanner	2/2	2	1	0																						0
69	68	284	284	1.0	3/4	3/4	Chord	2/2	2	1	1/4		1/4	1	759																		0
69	68	281	281	4.0	0	0	Chord	2/2	2	2	1		1	1	760																		0
69	68	281	281	1.0	0	0	Chord	2/2	3	1	1/4		1/4	1	761												129						
69	68	282	282	1.0	1/4	1/4	Chord	2/2	3	1	1/4		1/4	1	762												129						
69	68	283	283	1.0	1/2	1/2	Chord	2/2	3	1	1/4		1/4	1	763												129						
69	68	284	284	1.0	3/4	3/4	Chord	2/2	3	1	1/4		1/4	1	764																		
69	68	281	281	4.0	0	0	Chord	2/2	3	2	1		1	1	765																		
70	69	285	285	4.0	0	0	Chord	2/2	1	1	1		1	1	766	H√∂h‚Äôn!	height!																
70	69	285	285	0.0	0	0	Spanner	2/2	2	1	0																						
70	69	285	285	2.0	0	0	Chord	2/2	2	1	1/2		1/2	1	767												132						
70	69	287	287	1.0	1/2	1/2	Chord	2/2	2	1	1/4		1/4	1	768												132						
70	69	288	288	1.0	3/4	3/4	Chord	2/2	2	1	1/4		1/4	1	769												132						
70	69	285	285	0.0	0	0	Dynamic	2/2	3	1	0							other-dynamics															
70	69	285	285	0.5	0	0	Chord	2/2	3	1	1/8		1/8	1	770												133						
70	69	571/2	571/2	1.0	1/8	1/8	Chord	2/2	3	1	1/4		1/4	1	771																		
70	69	573/2	573/2	0.5	3/8	3/8	Chord	2/2	3	1	1/8		1/8	1	772												134						
70	69	287	287	0.5	1/2	1/2	Chord	2/2	3	1	1/8		1/8	1	773												134						
70	69	575/2	575/2	1.0	5/8	5/8	Chord	2/2	3	1	1/4		1/4	1	774																		
70	69	577/2	577/2	0.5	7/8	7/8	Chord	2/2	3	1	1/8		1/8	1	775												135						
71	70	289	289	0.0	0	0	StaffText	2/2	2	1	0									z√∂gernd							132						
71	70	289	289	0.0	0	0	StaffText	2/2	2	1	0									ritard.							132						
71	70	289	289	0.0	0	0	Spanner	2/2	2	1	0																132				25		
71	70	289	289	1.0	0	0	Chord	2/2	2	1	1/4		1/4	1	776												132				25		
71	70	290	290	0.0	1/4	1/4	Spanner	2/2	2	1	0																132						
71	70	290	290	1.0	1/4	1/4	Chord	2/2	2	1	1/4		1/4	1	777												132						
71	70	291	291	0.0	1/2	1/2	Spanner	2/2	2	1	0																132					18	
71	70	291	291	2.0	1/2	1/2	Chord	2/2	2	1	1/2		1/2	1	778												132					18	
71	70	289	289	0.5	0	0	Chord	2/2	3	1	1/8		1/8	1	779												135						
71	70	579/2	579/2	1.0	1/8	1/8	Chord	2/2	3	1	1/4		1/4	1	780																		
71	70	581/2	581/2	0.5	3/8	3/8	Chord	2/2	3	1	1/8		1/8	1	781												136						
71	70	291	291	2.0	1/2	1/2	Chord	2/2	3	1	1/2		1/2	1	782				articAccentAbove														
72	71	293	293	0.0	0	0	Spanner	2/2	2	1	0																132						
72	71	293	293	2.0	0	0	Chord	2/2	2	1	1/2		1/2	1	783												132						
72	71	295	295	0.0	1/2	1/2	Dynamic	2/2	2	1	0							pp															
72	71	295	295	2.0	1/2	1/2	Chord	2/2	2	1	1/2		1/2	1	784																		
72	71	293	293	1.0	0	0	Chord	2/2	3	1	1/4		1/4	1	785												137						
72	71	294	294	1.0	1/4	1/4	Chord	2/2	3	1	1/4		1/4	1	786												137						
72	71	295	295	2.0	1/2	1/2	Chord	2/2	3	1	1/2		1/2	1	787																		
