mc	mn	quarterbeats	quarterbeats_all_endings	duration_qb	mc_onset	mn_onset	event	timesig	staff	voice	duration	nominal_duration	scalar	chord_id	lyrics_1	lyrics_2	dynamics	articulation	staff_text	system_text	tempo	qpm	metronome_base	metronome_number	tempo_visible	slur	pedal	Pedal_<sym>keyboardPedalPed</sym>	decrescendo_hairpin	crescendo_hairpin
1	1	0	0	0.0	0	0	SystemText	4/4	1	1	0									Ruhig, nicht schleppend										
1	1	0	0	0.0	0	0	Tempo	4/4	1	1	0										ùÖü=56	56.0	ùÖü	56.0	0.0					
1	1	0	0	0.0	0	0	StaffText	4/4	1	1	0								Tranquillo, ma non strascinando											
1	1	0	0	0.0	0	0	Dynamic	4/4	2	1	0						p													
1	1	1	1	0.0	1/4	1/4	Spanner	4/4	2	1	0																			0
1	1	1	1	1.0	1/4	1/4	Chord	4/4	2	1	1/4	1/4	1	0												0				0
1	1	2	2	1.0	1/2	1/2	Chord	4/4	2	1	1/4	1/4	1	1												0				0
1	1	3	3	1.0	3/4	3/4	Chord	4/4	2	1	1/4	1/4	1	2																0
2	2	4	4	0.0	0	0	Spanner	4/4	2	1	0																			
2	2	4	4	0.0	0	0	Spanner	4/4	2	1	0																		0	
2	2	4	4	2.0	0	0	Chord	4/4	2	1	1/2	1/2	1	3				articAccentBelow								1			0	
2	2	6	6	0.0	1/2	1/2	Spanner	4/4	2	1	0																			
2	2	6	6	2.0	1/2	1/2	Chord	4/4	2	1	1/2	1/2	1	4																
2	2	4	4	4.0	0	0	Chord	4/4	3	1	1	1	1	5																
3	3	8	8	0.0	0	0	StaffText	4/4	2	1	0								"non riten.
nicht zur√ºckhaltend"											
3	3	17/2	17/2	0.0	1/8	1/8	Spanner	4/4	2	1	0																			1
3	3	17/2	17/2	0.5	1/8	1/8	Chord	4/4	2	1	1/8	1/8	1	6												2				1
3	3	9	9	0.5	1/4	1/4	Chord	4/4	2	1	1/8	1/8	1	7												2				1
3	3	19/2	19/2	0.5	3/8	3/8	Chord	4/4	2	1	1/8	1/8	1	8																1
3	3	10	10	0.0	1/2	1/2	Dynamic	4/4	2	1	0						sf													
3	3	10	10	0.0	1/2	1/2	Spanner	4/4	2	1	0																			
3	3	10	10	2.0	1/2	1/2	Chord	4/4	2	1	1/2	1/2	1	9																
3	3	10	10	2.0	1/2	1/2	Chord	4/4	3	1	1/2	1/2	1	10																
4	4	12	12	0.0	0	0	Spanner	4/4	2	1	0																		1	
4	4	12	12	2.0	0	0	Chord	4/4	2	1	1/2	1/2	1	11												3			1	
4	4	14	14	0.0	1/2	1/2	Dynamic	4/4	2	1	0						p													
4	4	14	14	0.0	1/2	1/2	Spanner	4/4	2	1	0																			
4	4	14	14	2.0	1/2	1/2	Chord	4/4	2	1	1/2	1/2	1	12																
4	4	12	12	4.0	0	0	Chord	4/4	2	2	1	1	1	13																
4	4	12	12	4.0	0	0	Chord	4/4	3	1	1	1	1	14																
5	5	17	17	0.0	1/4	1/4	Dynamic	4/4	1	1	0						pp													
5	5	17	17	1.0	1/4	1/4	Chord	4/4	1	1	1/4	1/4	1	15	Nun	Ah,										4				
5	5	18	18	1.0	1/2	1/2	Chord	4/4	1	1	1/4	1/4	1	16	seh‚Äô	now										4				
5	5	19	19	1.0	3/4	3/4	Chord	4/4	1	1	1/4	1/4	1	17	ich	I										4				
5	5	16	16	1.0	0	0	Chord	4/4	2	1	1/4	1/4	1	18												5				
5	5	17	17	0.0	1/4	1/4	Dynamic	4/4	2	1	0						pp									5				
5	5	17	17	1.0	1/4	1/4	Chord	4/4	2	1	1/4	1/4	1	19												5				
5	5	18	18	1.0	1/2	1/2	Chord	4/4	2	1	1/4	1/4	1	20												5				
5	5	19	19	1.0	3/4	3/4	Chord	4/4	2	1	1/4	1/4	1	21																
5	5	16	16	1.0	0	0	Chord	4/4	2	2	1/4	1/4	1	22																
5	5	16	16	1.0	0	0	Chord	4/4	3	1	1/4	1/4	1	23																
6	6	20	20	3.0	0	0	Chord	4/4	1	1	3/4	1/2	3/2	24	wohl,	know										4				
6	6	23	23	1.0	3/4	3/4	Chord	4/4	1	1	1/4	1/4	1	25	war-	why										4				
6	6	20	20	0.0	0	0	Dynamic	4/4	2	1	0						pp													
6	6	20	20	4.0	0	0	Chord	4/4	2	1	1	1	1	26																
6	6	20	20	0.5	0	0	Chord	4/4	3	1	1/8	1/8	1	27												6				
6	6	41/2	41/2	0.5	1/8	1/8	Chord	4/4	3	1	1/8	1/8	1	28												6				
6	6	21	21	0.5	1/4	1/4	Chord	4/4	3	1	1/8	1/8	1	29												6				
6	6	43/2	43/2	0.5	3/8	3/8	Chord	4/4	3	1	1/8	1/8	1	30												6				
6	6	22	22	1.0	1/2	1/2	Chord	4/4	3	1	1/4	1/4	1	31																
7	7	24	24	1.0	0	0	Chord	4/4	1	1	1/4	1/4	1	32	-um	oft										4				
7	7	25	25	1.0	1/4	1/4	Chord	4/4	1	1	1/4	1/4	1	33	so	I										4				
7	7	26	26	1.0	1/2	1/2	Chord	4/4	1	1	1/4	1/4	1	34	dunk-	caught										4				
7	7	27	27	1.0	3/4	3/4	Chord	4/4	1	1	1/4	1/4	1	35	-le	you										4				
7	7	24	24	2.0	0	0	Chord	4/4	2	1	1/2	1/2	1	36																
7	7	26	26	2.0	1/2	1/2	Chord	4/4	2	1	1/2	1/2	1	37																
7	7	49/2	49/2	0.5	1/8	1/8	Chord	4/4	3	1	1/8	1/8	1	38												7				
7	7	25	25	0.5	1/4	1/4	Chord	4/4	3	1	1/8	1/8	1	39												7				
7	7	51/2	51/2	0.5	3/8	3/8	Chord	4/4	3	1	1/8	1/8	1	40												7				
7	7	26	26	2.0	1/2	1/2	Chord	4/4	3	1	1/2	1/2	1	41																
8	8	28	28	1.0	0	0	Chord	4/4	1	1	1/4	1/4	1	42	Flam-	gaz-										4				
8	8	29	29	1.0	1/4	1/4	Chord	4/4	1	1	1/4	1/4	1	43	-men	-ing,														
8	8	31	31	1.0	3/4	3/4	Chord	4/4	1	1	1/4	1/4	1	44	ihr	pure														
8	8	28	28	4.0	0	0	Chord	4/4	2	1	1	1	1	45																
8	8	28	28	0.5	0	0	Chord	4/4	3	1	1/8	1/8	1	46																
8	8	57/2	57/2	0.5	1/8	1/8	Chord	4/4	3	1	1/8	1/8	1	47												8				
8	8	29	29	0.5	1/4	1/4	Chord	4/4	3	1	1/8	1/8	1	48												8				
8	8	59/2	59/2	0.5	3/8	3/8	Chord	4/4	3	1	1/8	1/8	1	49												8				
8	8	30	30	1.0	1/2	1/2	Chord	4/4	3	1	1/4	1/4	1	50																
9	9	32	32	0.5	0	0	Chord	4/4	1	1	1/8	1/8	1	51	spr√ºh-	child-														
9	9	65/2	65/2	0.5	1/8	1/8	Chord	4/4	1	1	1/8	1/8	1	52	-tet	-like														
9	9	33	33	0.5	1/4	1/4	Chord	4/4	1	1	1/8	1/8	1	53	mir	love														
9	9	67/2	67/2	0.5	3/8	3/8	Chord	4/4	1	1	1/8	1/8	1	54	in	with														
9	9	34	34	0.5	1/2	1/2	Chord	4/4	1	1	1/8	1/8	1	55	man-	sweet-														
9	9	69/2	69/2	0.5	5/8	5/8	Chord	4/4	1	1	1/8	1/8	1	56	-chen	-est														
9	9	35	35	0.5	3/4	3/4	Chord	4/4	1	1	1/8	1/8	1	57	Au-	sad-														
9	9	71/2	71/2	0.5	7/8	7/8	Chord	4/4	1	1	1/8	1/8	1	58	-gen-	-ness														
9	9	32	32	0.5	0	0	Chord	4/4	2	1	1/8	1/8	1	59												9				
9	9	65/2	65/2	0.0	1/8	1/8	Spanner	4/4	2	1	0															9				2
9	9	65/2	65/2	0.5	1/8	1/8	Chord	4/4	2	1	1/8	1/8	1	60												9				2
9	9	33	33	0.5	1/4	1/4	Chord	4/4	2	1	1/8	1/8	1	61												9				2
9	9	67/2	67/2	0.0	3/8	3/8	Spanner	4/4	2	1	0															9				
9	9	67/2	67/2	0.5	3/8	3/8	Chord	4/4	2	1	1/8	1/8	1	62												9				
9	9	34	34	0.0	1/2	1/2	Spanner	4/4	2	1	0															9			2	
9	9	34	34	0.5	1/2	1/2	Chord	4/4	2	1	1/8	1/8	1	63												9			2	
9	9	69/2	69/2	0.5	5/8	5/8	Chord	4/4	2	1	1/8	1/8	1	64												9			2	
9	9	35	35	0.5	3/4	3/4	Chord	4/4	2	1	1/8	1/8	1	65												9			2	
9	9	71/2	71/2	0.0	7/8	7/8	Spanner	4/4	2	1	0																			
9	9	71/2	71/2	0.5	7/8	7/8	Chord	4/4	2	1	1/8	1/8	1	66																
9	9	32	32	2.0	0	0	Chord	4/4	2	2	1/2	1/2	1	67																
9	9	34	34	1.0	1/2	1/2	Chord	4/4	2	2	1/4	1/4	1	68																
9	9	35	35	1.0	3/4	3/4	Chord	4/4	2	2	1/4	1/4	1	69																
9	9	32	32	2.0	0	0	Chord	4/4	3	1	1/2	1/2	1	70																
9	9	34	34	1.0	1/2	1/2	Chord	4/4	3	1	1/4	1/4	1	71												10				
9	9	35	35	1.0	3/4	3/4	Chord	4/4	3	1	1/4	1/4	1	72																
10	10	36	36	1.0	0	0	Chord	4/4	1	1	1/4	1/4	1	73	-blik-	mingl-														
10	10	37	37	1.0	1/4	1/4	Chord	4/4	1	1	1/4	1/4	1	74	-ke,	-ing,														
10	10	79/2	79/2	0.0	7/8	7/8	Spanner	4/4	1	1	0																			3
10	10	79/2	79/2	0.5	7/8	7/8	Chord	4/4	1	1	1/8	1/8	1	75	o	ye														3
10	10	36	36	1.0	0	0	Chord	4/4	2	1	1/4	1/4	1	76												11				
10	10	37	37	1.0	1/4	1/4	Chord	4/4	2	1	1/4	1/4	1	77																
10	10	77/2	77/2	0.0	5/8	5/8	Spanner	4/4	2	1	0																			4
10	10	77/2	77/2	0.5	5/8	5/8	Chord	4/4	2	1	1/8	1/8	1	78												12				4
10	10	39	39	0.5	3/4	3/4	Chord	4/4	2	1	1/8	1/8	1	79												12				4
10	10	79/2	79/2	0.0	7/8	7/8	Spanner	4/4	2	1	0																			
10	10	79/2	79/2	0.5	7/8	7/8	Chord	4/4	2	1	1/8	1/8	1	80																
10	10	36	36	2.0	0	0	Chord	4/4	2	2	1/2	1/2	1	81																
10	10	36	36	0.5	0	0	Chord	4/4	3	1	1/8	1/8	1	82												13				
10	10	73/2	73/2	0.5	1/8	1/8	Chord	4/4	3	1	1/8	1/8	1	83												13				
10	10	37	37	0.5	1/4	1/4	Chord	4/4	3	1	1/8	1/8	1	84												13				
10	10	75/2	75/2	0.5	3/8	3/8	Chord	4/4	3	1	1/8	1/8	1	85												13				
10	10	38	38	1.0	1/2	1/2	Chord	4/4	3	1	1/4	1/4	1	86																
10	10	39	39	1.0	3/4	3/4	Chord	4/4	3	1	1/4	1/4	1	87												14				
11	11	40	40	2.0	0	0	Chord	4/4	1	1	1/2	1/2	1	88	Au-	bright		articAccentAbove												3
11	11	41	41	0.0	1/4	1/4	Spanner	4/4	1	1	0																			
11	11	41	41	0.0	1/4	1/4	Spanner	4/4	1	1	0																		3	
11	11	42	42	2.0	1/2	1/2	Chord	4/4	1	1	1/2	1/2	1	89	-gen!	eyes!													3	
11	11	43	43	0.0	3/4	3/4	Spanner	4/4	1	1	0																			
11	11	40	40	0.0	0	0	Dynamic	4/4	2	1	0						sf													
11	11	40	40	2.0	0	0	Chord	4/4	2	1	1/2	1/2	1	90												15				
11	11	42	42	0.0	1/2	1/2	Spanner	4/4	2	1	0																		4	
11	11	42	42	2.0	1/2	1/2	Chord	4/4	2	1	1/2	1/2	1	91															4	
11	11	40	40	4.0	0	0	Chord	4/4	2	2	1	1	1	92															4	
11	11	40	40	4.0	0	0	Chord	4/4	3	1	1	1	1	93																
12	12	47	47	0.0	3/4	3/4	Spanner	4/4	1	1	0																			5
12	12	47	47	1.0	3/4	3/4	Chord	4/4	1	1	1/4	1/4	1	94	O	Ye														5
12	12	44	44	0.0	0	0	Spanner	4/4	2	1	0																			
12	12	45	45	0.0	1/4	1/4	Spanner	4/4	2	1	0																			6
12	12	45	45	1.0	1/4	1/4	Chord	4/4	2	1	1/4	1/4	1	95												16				6
12	12	46	46	1.0	1/2	1/2	Chord	4/4	2	1	1/4	1/4	1	96												16				6
12	12	47	47	1.0	3/4	3/4	Chord	4/4	2	1	1/4	1/4	1	97																6
12	12	44	44	2.0	0	0	Chord	4/4	2	2	1/2	1/2	1	98																6
12	12	46	46	2.0	1/2	1/2	Chord	4/4	2	2	1/2	1/2	1	99																6
12	12	44	44	4.0	0	0	Chord	4/4	3	1	1	1	1	100																
12	12	44	44	2.0	0	0	Chord	4/4	3	2	1/2	1/2	1	101												17				
12	12	46	46	2.0	1/2	1/2	Chord	4/4	3	2	1/2	1/2	1	102																
13	13	48	48	0.0	0	0	Dynamic	4/4	1	1	0						pp													
13	13	48	48	0.0	0	0	Spanner	4/4	1	1	0																			
13	13	48	48	2.0	0	0	Chord	4/4	1	1	1/2	1/2	1	103	Au-	bright										18				
13	13	50	50	2.0	1/2	1/2	Chord	4/4	1	1	1/2	1/2	1	104	-gen!	eyes!														
13	13	48	48	0.0	0	0	Dynamic	4/4	2	1	0						pp													
13	13	48	48	0.0	0	0	Spanner	4/4	2	1	0																			
13	13	48	48	2.0	0	0	Chord	4/4	2	1	1/2	1/2	1	105												19				
13	13	50	50	2.0	1/2	1/2	Chord	4/4	2	1	1/2	1/2	1	106																
13	13	48	48	4.0	0	0	Chord	4/4	2	2	1	1	1	107																
13	13	48	48	4.0	0	0	Chord	4/4	3	1	1	1	1	108																
14	14	53	53	0.0	1/4	1/4	Dynamic	4/4	2	1	0						pp													
14	14	53	53	1.0	1/4	1/4	Chord	4/4	2	1	1/4	1/4	1	109												20				
14	14	54	54	1.0	1/2	1/2	Chord	4/4	2	1	1/4	1/4	1	110												20				
14	14	55	55	1.0	3/4	3/4	Chord	4/4	2	1	1/4	1/4	1	111																
14	14	52	52	4.0	0	0	Chord	4/4	3	1	1	1	1	112																
15	15	56	56	0.0	0	0	StaffText	4/4	1	1	0								"
zart"											
15	15	56	56	0.0	0	0	Dynamic	4/4	1	1	0						p													
15	15	56	56	0.0	0	0	StaffText	4/4	1	1	0								dolce											
15	15	56	56	2.0	0	0	Chord	4/4	1	1	1/2	1/2	1	113	Gleich-	Twin										21				
15	15	58	58	1.0	1/2	1/2	Chord	4/4	1	1	1/4	1/4	1	114	-sam,	stars										21				
15	15	59	59	1.0	3/4	3/4	Chord	4/4	1	1	1/4	1/4	1	115	um	in										21				
15	15	56	56	2.0	0	0	Chord	4/4	2	1	1/2	1/2	1	116												22				
15	15	58	58	2.0	1/2	1/2	Chord	4/4	2	1	1/2	1/2	1	117																
15	15	56	56	4.0	0	0	Chord	4/4	2	2	1	1	1	118																
15	15	56	56	0.0	0	0	Dynamic	4/4	3	1	0						p													
15	15	56	56	0.5	0	0	Chord	4/4	3	1	1/8	1/8	1	119												23				
15	15	113/2	113/2	0.5	1/8	1/8	Chord	4/4	3	1	1/8	1/8	1	120												23				
15	15	57	57	0.5	1/4	1/4	Chord	4/4	3	1	1/8	1/8	1	121												23				
15	15	115/2	115/2	0.5	3/8	3/8	Chord	4/4	3	1	1/8	1/8	1	122												23				
15	15	58	58	1.0	1/2	1/2	Chord	4/4	3	1	1/4	1/4	1	123																
16	16	60	60	1.0	0	0	Chord	4/4	1	1	1/4	1/4	1	124	voll	a-										21				
16	16	61	61	1.0	1/4	1/4	Chord	4/4	1	1	1/4	1/4	1	125	in	-zure										21				
16	16	62	62	1.0	1/2	1/2	Chord	4/4	1	1	1/4	1/4	1	126	ei-	splen-		articAccentAbove								21				
16	16	63	63	1.0	3/4	3/4	Chord	4/4	1	1	1/4	1/4	1	127	-nem	-dour										21				
16	16	60	60	2.0	0	0	Chord	4/4	2	1	1/2	1/2	1	128												24				
16	16	62	62	2.0	1/2	1/2	Chord	4/4	2	1	1/2	1/2	1	129																
16	16	60	60	4.0	0	0	Chord	4/4	2	2	1	1	1	130																
16	16	60	60	0.5	0	0	Chord	4/4	3	1	1/8	1/8	1	131												25				
16	16	121/2	121/2	0.5	1/8	1/8	Chord	4/4	3	1	1/8	1/8	1	132												25				
16	16	61	61	0.5	1/4	1/4	Chord	4/4	3	1	1/8	1/8	1	133												25				
16	16	123/2	123/2	0.5	3/8	3/8	Chord	4/4	3	1	1/8	1/8	1	134												25				
16	16	62	62	1.0	1/2	1/2	Chord	4/4	3	1	1/4	1/4	1	135																
17	17	64	64	1.0	0	0	Chord	4/4	1	1	1/4	1/4	1	136	Bli-	blaz-										21				
17	17	65	65	1.0	1/4	1/4	Chord	4/4	1	1	1/4	1/4	1	137	-cke	-ing,														
17	17	67	67	1.0	3/4	3/4	Chord	4/4	1	1	1/4	1/4	1	138	zu	each														
17	17	64	64	1.0	0	0	Chord	4/4	2	1	1/4	1/4	1	139												26				
17	17	65	65	1.0	1/4	1/4	Chord	4/4	2	1	1/4	1/4	1	140																
17	17	133/2	133/2	0.0	5/8	5/8	Spanner	4/4	2	1	0																			7
17	17	133/2	133/2	0.5	5/8	5/8	Chord	4/4	2	1	1/8	1/8	1	141												27				7
17	17	67	67	0.5	3/4	3/4	Chord	4/4	2	1	1/8	1/8	1	142												27				7
17	17	135/2	135/2	0.5	7/8	7/8	Chord	4/4	2	1	1/8	1/8	1	143																7
17	17	64	64	2.0	0	0	Chord	4/4	2	2	1/2	1/2	1	144																7
17	17	64	64	0.5	0	0	Chord	4/4	3	1	1/8	1/8	1	145												28				
17	17	129/2	129/2	0.5	1/8	1/8	Chord	4/4	3	1	1/8	1/8	1	146												28				
17	17	65	65	0.5	1/4	1/4	Chord	4/4	3	1	1/8	1/8	1	147												28				
17	17	131/2	131/2	0.5	3/8	3/8	Chord	4/4	3	1	1/8	1/8	1	148												28				
17	17	66	66	1.0	1/2	1/2	Chord	4/4	3	1	1/4	1/4	1	149																
18	18	68	68	0.5	0	0	Chord	4/4	1	1	1/8	1/8	1	150	dr√§n-	look														
18	18	137/2	137/2	0.5	1/8	1/8	Chord	4/4	1	1	1/8	1/8	1	151	-gen	love‚Äôs														
18	18	69	69	0.5	1/4	1/4	Chord	4/4	1	1	1/8	1/8	1	152	eu-	flames														
18	18	139/2	139/2	0.5	3/8	3/8	Chord	4/4	1	1	1/8	1/8	1	153	-re	with-														
18	18	70	70	0.5	1/2	1/2	Chord	4/4	1	1	1/8	1/8	1	154	gan-	-in														
18	18	141/2	141/2	0.5	5/8	5/8	Chord	4/4	1	1	1/8	1/8	1	155	-ze	my														
18	18	71	71	0.5	3/4	3/4	Chord	4/4	1	1	1/8	1/8	1	156	Macht	bo-														
18	18	143/2	143/2	0.5	7/8	7/8	Chord	4/4	1	1	1/8	1/8	1	157	zu-	-som														
18	18	68	68	0.0	0	0	Dynamic	4/4	2	1	0						sf													
18	18	68	68	0.0	0	0	Spanner	4/4	2	1	0																			
18	18	68	68	2.0	0	0	Chord	4/4	2	1	1/2	1/2	1	158												29				
18	18	137/2	137/2	0.0	1/8	1/8	Spanner	4/4	2	1	0															29			5	
18	18	70	70	2.0	1/2	1/2	Chord	4/4	2	1	1/2	1/2	1	159															5	
18	18	141/2	141/2	0.0	5/8	5/8	Spanner	4/4	2	1	0																			
18	18	68	68	4.0	0	0	Chord	4/4	3	1	1	1	1	160																
18	18	70	70	1.0	1/2	1/2	Chord	4/4	3	2	1/4	1/4	1	161																
19	19	72	72	1.0	0	0	Chord	4/4	1	1	1/4	1/4	1	162	-sam-	kindl-														
19	19	73	73	1.0	1/4	1/4	Chord	4/4	1	1	1/4	1/4	1	163	-men.	-ling.														
19	19	72	72	0.0	0	0	Dynamic	4/4	2	1	0						sf													
19	19	149/2	149/2	0.0	5/8	5/8	Spanner	4/4	2	1	0																			8
19	19	149/2	149/2	0.5	5/8	5/8	Chord	4/4	2	1	1/8	1/8	1	164												30				8
19	19	75	75	0.5	3/4	3/4	Chord	4/4	2	1	1/8	1/8	1	165												30				8
19	19	151/2	151/2	0.0	7/8	7/8	Spanner	4/4	2	1	0																			
19	19	151/2	151/2	0.5	7/8	7/8	Chord	4/4	2	1	1/8	1/8	1	166																
19	19	72	72	4.0	0	0	Chord	4/4	3	1	1	1	1	167																
19	19	72	72	0.5	0	0	Chord	4/4	3	2	1/8	1/8	1	168												31				
19	19	145/2	145/2	0.5	1/8	1/8	Chord	4/4	3	2	1/8	1/8	1	169												31				
19	19	73	73	0.5	1/4	1/4	Chord	4/4	3	2	1/8	1/8	1	170												31				
19	19	147/2	147/2	0.5	3/8	3/8	Chord	4/4	3	2	1/8	1/8	1	171												31				
19	19	74	74	1.0	1/2	1/2	Chord	4/4	3	2	1/4	1/4	1	172																
20	20	76	76	0.0	0	0	Dynamic	4/4	2	1	0						p													
20	20	76	76	4.0	0	0	Chord	4/4	2	1	1	1	1	173												32				
20	20	76	76	4.0	0	0	Chord	4/4	3	1	1	1	1	174																
21	21	83	83	0.0	3/4	3/4	Dynamic	4/4	1	1	0						p													
21	21	83	83	1.0	3/4	3/4	Chord	4/4	1	1	1/4	1/4	1	175	Doch	I										33				
21	21	80	80	0.0	0	0	Spanner	4/4	2	1	0																		6	
21	21	80	80	4.0	0	0	Chord	4/4	2	1	1	1	1	176				articAccentAbove											6	
21	21	80	80	4.0	0	0	Chord	4/4	3	1	1	1	1	177																
22	22	84	84	3.0	0	0	Chord	4/4	1	1	3/4	1/2	3/2	178	ahnt‚Äô	knew										33				
22	22	87	87	1.0	3/4	3/4	Chord	4/4	1	1	1/4	1/4	1	179	ich	not										33				
22	22	84	84	0.0	0	0	Dynamic	4/4	2	1	0						p													
22	22	84	84	0.0	0	0	Spanner	4/4	2	1	0																			
22	22	84	84	3.0	0	0	Chord	4/4	2	1	3/4	1/2	3/2	180												34				
22	22	87	87	1.0	3/4	3/4	Chord	4/4	2	1	1/4	1/4	1	181																
22	22	84	84	2.0	0	0	Chord	4/4	2	2	1/2	1/2	1	182																
22	22	84	84	0.5	0	0	Chord	4/4	3	1	1/8	1/8	1	183												35				
22	22	169/2	169/2	0.5	1/8	1/8	Chord	4/4	3	1	1/8	1/8	1	184												35				
22	22	85	85	0.5	1/4	1/4	Chord	4/4	3	1	1/8	1/8	1	185												35				
22	22	171/2	171/2	0.5	3/8	3/8	Chord	4/4	3	1	1/8	1/8	1	186												35				
22	22	86	86	1.0	1/2	1/2	Chord	4/4	3	1	1/4	1/4	1	187																
23	23	88	88	2.0	0	0	Chord	4/4	1	1	1/2	1/2	1	188	nicht,	then,														
23	23	90	90	0.0	1/2	1/2	StaffText	4/4	1	1	0								steigernd											
23	23	90	90	0.0	1/2	1/2	StaffText	4/4	1	1	0								animando											
23	23	91	91	0.0	3/4	3/4	Spanner	4/4	1	1	0																			9
23	23	91	91	1.0	3/4	3/4	Chord	4/4	1	1	1/4	1/4	1	189	weil	dark														9
23	23	88	88	4.0	0	0	Chord	4/4	2	1	1	1	1	190																
23	23	88	88	0.5	0	0	Chord	4/4	3	1	1/8	1/8	1	191												36				
23	23	177/2	177/2	0.5	1/8	1/8	Chord	4/4	3	1	1/8	1/8	1	192												36				
23	23	89	89	0.0	1/4	1/4	Spanner	4/4	3	1	0															36				10
23	23	89	89	0.5	1/4	1/4	Chord	4/4	3	1	1/8	1/8	1	193												36				10
23	23	179/2	179/2	0.5	3/8	3/8	Chord	4/4	3	1	1/8	1/8	1	194												36				10
23	23	90	90	1.0	1/2	1/2	Chord	4/4	3	1	1/4	1/4	1	195																10
23	23	91	91	0.0	3/4	3/4	Spanner	4/4	3	1	0																			
24	24	92	92	0.0	0	0	Spanner	4/4	1	1	0																			
24	24	92	92	1.5	0	0	Chord	4/4	1	1	3/8	1/4	3/2	196	Ne-	mists														
24	24	187/2	187/2	0.5	3/8	3/8	Chord	4/4	1	1	1/8	1/8	1	197	-bel	my														
24	24	94	94	1.0	1/2	1/2	Chord	4/4	1	1	1/4	1/4	1	198	mich	sight														
24	24	95	95	1.0	3/4	3/4	Chord	4/4	1	1	1/4	1/4	1	199	um-	en-														
24	24	92	92	0.0	0	0	Spanner	4/4	2	1	0																		7	
24	24	92	92	3.0	0	0	Chord	4/4	2	1	3/4	1/2	3/2	200												37			7	
24	24	95	95	0.0	3/4	3/4	Spanner	4/4	2	1	0																			
24	24	95	95	1.0	3/4	3/4	Chord	4/4	2	1	1/4	1/4	1	201																
24	24	92	92	0.5	0	0	Chord	4/4	3	1	1/8	1/8	1	202												38				
24	24	185/2	185/2	0.5	1/8	1/8	Chord	4/4	3	1	1/8	1/8	1	203												38				
24	24	93	93	0.5	1/4	1/4	Chord	4/4	3	1	1/8	1/8	1	204												38				
24	24	187/2	187/2	0.5	3/8	3/8	Chord	4/4	3	1	1/8	1/8	1	205												38				
24	24	94	94	1.0	1/2	1/2	Chord	4/4	3	1	1/4	1/4	1	206																
25	25	96	96	0.0	0	0	Spanner	4/4	1	1	0																		8	
25	25	96	96	1.0	0	0	Chord	4/4	1	1	1/4	1/4	1	207	-schwam-	-veil-													8	
25	25	97	97	1.0	1/4	1/4	Chord	4/4	1	1	1/4	1/4	1	208	-men,	-ing,													8	
25	25	98	98	0.0	1/2	1/2	Spanner	4/4	1	1	0																			
25	25	99	99	1.0	3/4	3/4	Chord	4/4	1	1	1/4	1/4	1	209	ge-	one														
25	25	96	96	1.0	0	0	Chord	4/4	2	1	1/4	1/4	1	210												39				
25	25	97	97	1.0	1/4	1/4	Chord	4/4	2	1	1/4	1/4	1	211																
25	25	99	99	0.0	3/4	3/4	Spanner	4/4	2	1	0																			11
25	25	99	99	1.0	3/4	3/4	Chord	4/4	2	1	1/4	1/4	1	212												40				11
25	25	96	96	0.5	0	0	Chord	4/4	3	1	1/8	1/8	1	213												41				
25	25	193/2	193/2	0.5	1/8	1/8	Chord	4/4	3	1	1/8	1/8	1	214												41				
25	25	97	97	0.5	1/4	1/4	Chord	4/4	3	1	1/8	1/8	1	215												41				
25	25	195/2	195/2	0.5	3/8	3/8	Chord	4/4	3	1	1/8	1/8	1	216												41				
25	25	98	98	1.0	1/2	1/2	Chord	4/4	3	1	1/4	1/4	1	217																
26	26	100	100	0.0	0	0	StaffText	4/4	1	1	0								fliessend											
26	26	100	100	0.0	0	0	StaffText	4/4	1	1	0								scorrevole											
26	26	100	100	1.5	0	0	Chord	4/4	1	1	3/8	1/4	3/2	218	-wo-	beam														
26	26	203/2	203/2	0.5	3/8	3/8	Chord	4/4	1	1	1/8	1/8	1	219	-ben	from														
26	26	102	102	1.0	1/2	1/2	Chord	4/4	1	1	1/4	1/4	1	220	vom	you,														
26	26	103	103	1.0	3/4	3/4	Chord	4/4	1	1	1/4	1/4	1	221	ver-	my														
26	26	100	100	0.0	0	0	StaffText	4/4	2	1	0								"scorrevole
fliessend"											
26	26	100	100	0.0	0	0	Spanner	4/4	2	1	0																			
26	26	100	100	1.0	0	0	Chord	4/4	2	1	1/4	1/4	1	222				articAccentAbove												
26	26	101	101	1.0	1/4	1/4	Chord	4/4	2	1	1/4	1/4	1	223				articAccentAbove												
26	26	102	102	1.0	1/2	1/2	Chord	4/4	2	1	1/4	1/4	1	224				articAccentAbove												
26	26	103	103	1.0	3/4	3/4	Chord	4/4	2	1	1/4	1/4	1	225				articAccentAbove												
26	26	100	100	4.0	0	0	Chord	4/4	2	2	1	1	1	226																
26	26	100	100	4.0	0	0	Chord	4/4	3	1	1	1	1	227																
27	27	104	104	1.5	0	0	Chord	4/4	1	1	3/8	1/4	3/2	228	-blen-	tear-														
27	27	211/2	211/2	0.5	3/8	3/8	Chord	4/4	1	1	1/8	1/8	1	229	-den-	-ful,														
27	27	106	106	1.0	1/2	1/2	Chord	4/4	1	1	1/4	1/4	1	230	-den	fond														
27	27	107	107	1.0	3/4	3/4	Chord	4/4	1	1	1/4	1/4	1	231	Ge-	eyes														
27	27	104	104	1.0	0	0	Chord	4/4	2	1	1/4	1/4	1	232												42				
27	27	105	105	0.0	1/4	1/4	Spanner	4/4	2	1	0															42			9	
27	27	105	105	1.0	1/4	1/4	Chord	4/4	2	1	1/4	1/4	1	233												42			9	
27	27	106	106	1.0	1/2	1/2	Chord	4/4	2	1	1/4	1/4	1	234												42			9	
27	27	107	107	1.0	3/4	3/4	Chord	4/4	2	1	1/4	1/4	1	235												42			9	
27	27	104	104	4.0	0	0	Chord	4/4	2	2	1	1	1	236															9	
27	27	104	104	4.0	0	0	Chord	4/4	3	1	1	1	1	237												43				
28	28	108	108	1.0	0	0	Chord	4/4	1	1	1/4	1/4	1	238	-schik-	daz-														
28	28	109	109	1.0	1/4	1/4	Chord	4/4	1	1	1/4	1/4	1	239	-ke,	-ing,														
28	28	221/2	221/2	0.0	5/8	5/8	StaffText	4/4	1	1	0								rit.											
28	28	221/2	221/2	0.0	5/8	5/8	Spanner	4/4	1	1	0																			12
28	28	221/2	221/2	0.5	5/8	5/8	Chord	4/4	1	1	1/8	1/8	1	240	dass	that														12
28	28	111	111	0.5	3/4	3/4	Chord	4/4	1	1	1/8	1/8	1	241	sich	ye														12
28	28	223/2	223/2	0.5	7/8	7/8	Chord	4/4	1	1	1/8	1/8	1	242	der	so														12
28	28	108	108	0.0	0	0	Dynamic	4/4	2	1	0						p													
28	28	108	108	0.0	0	0	Spanner	4/4	2	1	0																			
28	28	108	108	2.0	0	0	Chord	4/4	2	1	1/2	1/2	1	243																
28	28	110	110	0.0	1/2	1/2	Dynamic	4/4	2	1	0						sf													
28	28	221/2	221/2	0.0	5/8	5/8	StaffText	4/4	2	1	0								rit.											
28	28	221/2	221/2	0.0	5/8	5/8	Spanner	4/4	2	1	0																			13
28	28	221/2	221/2	0.5	5/8	5/8	Chord	4/4	2	1	1/8	1/8	1	244												44				13
28	28	111	111	0.5	3/4	3/4	Chord	4/4	2	1	1/8	1/8	1	245												44				13
28	28	223/2	223/2	0.5	7/8	7/8	Chord	4/4	2	1	1/8	1/8	1	246																13
28	28	108	108	2.0	0	0	Chord	4/4	3	1	1/2	1/2	1	247																
28	28	110	110	2.0	1/2	1/2	Chord	4/4	3	1	1/2	1/2	1	248																
28	28	110	110	2.0	1/2	1/2	Chord	4/4	3	2	1/2	1/2	1	249																
29	29	112	112	0.0	0	0	Dynamic	4/4	1	1	0						sf													
29	29	112	112	0.0	0	0	SystemText	4/4	1	1	0									Etwas bewegter										
29	29	112	112	0.0	0	0	Tempo	4/4	1	1	0										ùÖü=65	65.0	ùÖü	65.0	0.0					
29	29	112	112	0.0	0	0	StaffText	4/4	1	1	0								Poco pi√π moto											
29	29	112	112	0.0	0	0	Spanner	4/4	1	1	0																			
29	29	112	112	1.5	0	0	Chord	4/4	1	1	3/8	1/4	3/2	250	Strahl	soon														
29	29	113	113	0.0	1/4	1/4	Spanner	4/4	1	1	0																			14
29	29	227/2	227/2	0.5	3/8	3/8	Chord	4/4	1	1	1/8	1/8	1	251	be-	your														14
29	29	114	114	0.5	1/2	1/2	Chord	4/4	1	1	1/8	1/8	1	252	-reits	flight														14
29	29	229/2	229/2	0.5	5/8	5/8	Chord	4/4	1	1	1/8	1/8	1	253	zur	were														14
29	29	115	115	0.5	3/4	3/4	Chord	4/4	1	1	1/8	1/8	1	254	Heim-	home-														14
29	29	231/2	231/2	0.0	7/8	7/8	Spanner	4/4	1	1	0																			
29	29	231/2	231/2	0.5	7/8	7/8	Chord	4/4	1	1	1/8	1/8	1	255	-kehr	-ward														
29	29	112	112	0.0	0	0	Dynamic	4/4	2	1	0						sf													
29	29	112	112	0.0	0	0	Spanner	4/4	2	1	0																			
29	29	112	112	0.0	0	0	Spanner	4/4	2	1	0																		10	
29	29	112	112	1.0	0	0	Chord	4/4	2	1	1/4	1/4	1	256												45			10	
29	29	113	113	0.0	1/4	1/4	Spanner	4/4	2	1	0															45				
29	29	113	113	2.0	1/4	1/4	Chord	4/4	2	1	1/2	1/2	1	257												45				
29	29	115	115	0.0	3/4	3/4	Spanner	4/4	2	1	0															45				15
29	29	115	115	0.5	3/4	3/4	Chord	4/4	2	1	1/8	1/8	1	258												45				15
29	29	231/2	231/2	0.5	7/8	7/8	Chord	4/4	2	1	1/8	1/8	1	259																15
29	29	112	112	4.0	0	0	Chord	4/4	2	2	1	1	1	260																15
29	29	112	112	0.2	0	0	Chord	4/4	3	1	1/20	1/16	4/5	261												46				
29	29	561/5	561/5	0.2	1/20	1/20	Chord	4/4	3	1	1/20	1/16	4/5	262												46				
29	29	562/5	562/5	0.2	1/10	1/10	Chord	4/4	3	1	1/20	1/16	4/5	263												46				
29	29	563/5	563/5	0.2	3/20	3/20	Chord	4/4	3	1	1/20	1/16	4/5	264												46				
29	29	564/5	564/5	0.2	1/5	1/5	Chord	4/4	3	1	1/20	1/16	4/5	265																
30	30	116	116	0.0	0	0	Spanner	4/4	1	1	0																		11	
30	30	116	116	1.0	0	0	Chord	4/4	1	1	1/4	1/4	1	266	schi-	wing-		articAccentAbove											11	
30	30	117	117	1.0	1/4	1/4	Chord	4/4	1	1	1/4	1/4	1	267	-cke,	-ing,													11	
30	30	118	118	0.0	1/2	1/2	Spanner	4/4	1	1	0																			
30	30	119	119	0.0	3/4	3/4	Spanner	4/4	1	1	0																			16
30	30	119	119	1.0	3/4	3/4	Chord	4/4	1	1	1/4	1/4	1	268	dort-	to														16
30	30	116	116	0.0	0	0	Spanner	4/4	2	1	0																			
30	30	116	116	0.0	0	0	Spanner	4/4	2	1	0																			17
30	30	116	116	3.0	0	0	Chord	4/4	2	1	3/4	1/2	3/2	269												47				17
30	30	119	119	0.0	3/4	3/4	Spanner	4/4	2	1	0																			
30	30	119	119	1.0	3/4	3/4	Chord	4/4	2	1	1/4	1/4	1	270																
30	30	116	116	3.0	0	0	Chord	4/4	3	1	3/4	1/2	3/2	271																
31	31	120	120	0.0	0	0	Spanner	4/4	1	1	0																			
31	31	120	120	0.0	0	0	Spanner	4/4	1	1	0																		12	
31	31	120	120	2.0	0	0	Chord	4/4	1	1	1/2	1/2	1	272	-hin,	realms		articAccentAbove											12	
31	31	122	122	0.0	1/2	1/2	Spanner	4/4	1	1	0																			
31	31	123	123	0.0	3/4	3/4	Spanner	4/4	1	1	0																			18
31	31	123	123	1.0	3/4	3/4	Chord	4/4	1	1	1/4	1/4	1	273	dort-	a-														18
31	31	120	120	0.0	0	0	Spanner	4/4	2	1	0																		13	
31	31	120	120	1.0	0	0	Chord	4/4	2	1	1/4	1/4	1	274				articAccentBelow								48			13	
31	31	121	121	2.0	1/4	1/4	Chord	4/4	2	1	1/2	1/2	1	275												48			13	
31	31	123	123	0.0	3/4	3/4	Spanner	4/4	2	1	0																			
31	31	123	123	1.0	3/4	3/4	Chord	4/4	2	1	1/4	1/4	1	276																
31	31	120	120	0.25	0	0	Chord	4/4	3	1	1/16	1/16	1	277												49				
31	31	481/4	481/4	0.25	1/16	1/16	Chord	4/4	3	1	1/16	1/16	1	278												49				
31	31	241/2	241/2	0.25	1/8	1/8	Chord	4/4	3	1	1/16	1/16	1	279												49				
31	31	483/4	483/4	0.25	3/16	3/16	Chord	4/4	3	1	1/16	1/16	1	280																
31	31	123	123	1.0	3/4	3/4	Chord	4/4	3	1	1/4	1/4	1	281																
32	32	124	124	0.0	0	0	Spanner	4/4	1	1	0																			
32	32	124	124	0.0	0	0	Spanner	4/4	1	1	0																		14	
32	32	124	124	2.0	0	0	Chord	4/4	1	1	1/2	1/2	1	282	-hin,	-bove,		articAccentAbove											14	
32	32	126	126	0.0	1/2	1/2	Spanner	4/4	1	1	0																			
32	32	127	127	1.0	3/4	3/4	Chord	4/4	1	1	1/4	1/4	1	283	von	the										50				
32	32	124	124	0.0	0	0	Spanner	4/4	2	1	0																		15	
32	32	124	124	1.0	0	0	Chord	4/4	2	1	1/4	1/4	1	284				articAccentAbove								51			15	
32	32	125	125	2.0	1/4	1/4	Chord	4/4	2	1	1/2	1/2	1	285												51			15	
32	32	127	127	0.0	3/4	3/4	Spanner	4/4	2	1	0																			
32	32	127	127	1.0	3/4	3/4	Chord	4/4	2	1	1/4	1/4	1	286																
32	32	124	124	0.25	0	0	Chord	4/4	3	1	1/16	1/16	1	287				articAccentAbove								52				
32	32	497/4	497/4	0.25	1/16	1/16	Chord	4/4	3	1	1/16	1/16	1	288												52				
32	32	249/2	249/2	0.25	1/8	1/8	Chord	4/4	3	1	1/16	1/16	1	289												52				
32	32	499/4	499/4	0.25	3/16	3/16	Chord	4/4	3	1	1/16	1/16	1	290																
32	32	127	127	1.0	3/4	3/4	Chord	4/4	3	1	1/4	1/4	1	291																
33	33	128	128	1.5	0	0	Chord	4/4	1	1	3/8	1/4	3/2	292	wan-	source										50				
33	33	259/2	259/2	0.5	3/8	3/8	Chord	4/4	1	1	1/8	1/8	1	293	-nen	of										50				
33	33	130	130	1.0	1/2	1/2	Chord	4/4	1	1	1/4	1/4	1	294	al-	light,										50				
33	33	131	131	1.0	3/4	3/4	Chord	4/4	1	1	1/4	1/4	1	295	-le	your										50				
33	33	128	128	1.5	0	0	Chord	4/4	2	1	3/8	1/4	3/2	296																
33	33	259/2	259/2	0.0	3/8	3/8	Spanner	4/4	2	1	0																			19
33	33	259/2	259/2	0.5	3/8	3/8	Chord	4/4	2	1	1/8	1/8	1	297																19
33	33	130	130	1.0	1/2	1/2	Chord	4/4	2	1	1/4	1/4	1	298																19
33	33	131	131	0.0	3/4	3/4	Spanner	4/4	2	1	0																			
33	33	131	131	1.0	3/4	3/4	Chord	4/4	2	1	1/4	1/4	1	299																
33	33	128	128	3.0	0	0	Chord	4/4	2	2	3/4	1/2	3/2	300																
33	33	131	131	1.0	3/4	3/4	Chord	4/4	2	2	1/4	1/4	1	301																
33	33	128	128	3.0	0	0	Chord	4/4	3	1	3/4	1/2	3/2	302																
33	33	131	131	1.0	3/4	3/4	Chord	4/4	3	1	1/4	1/4	1	303																
34	34	132	132	0.0	0	0	Dynamic	4/4	1	1	0						p									50				
34	34	132	132	0.0	0	0	Spanner	4/4	1	1	0															50				20
34	34	132	132	3.0	0	0	Chord	4/4	1	1	3/4	1/2	3/2	304	Strah-	glances										50				20
34	34	135	135	0.0	3/4	3/4	Spanner	4/4	1	1	0															50				
34	34	135	135	1.0	3/4	3/4	Chord	4/4	1	1	1/4	1/4	1	305	-len											50				
34	34	132	132	1.5	0	0	Chord	4/4	2	1	3/8	1/4	3/2	306				articAccentAbove												
34	34	267/2	267/2	0.0	3/8	3/8	Spanner	4/4	2	1	0																		16	
34	34	267/2	267/2	0.5	3/8	3/8	Chord	4/4	2	1	1/8	1/8	1	307				articAccentAbove											16	
34	34	134	134	1.0	1/2	1/2	Chord	4/4	2	1	1/4	1/4	1	308				articAccentAbove											16	
34	34	135	135	0.0	3/4	3/4	Spanner	4/4	2	1	0																			
34	34	135	135	1.0	3/4	3/4	Chord	4/4	2	1	1/4	1/4	1	309				articAccentAbove												
34	34	132	132	4.0	0	0	Chord	4/4	2	2	1	1	1	310																
34	34	132	132	4.0	0	0	Chord	4/4	3	1	1	1	1	311																
35	35	136	136	0.0	0	0	Spanner	4/4	1	1	0															50			17	
35	35	136	136	3.0	0	0	Chord	4/4	1	1	3/4	1/2	3/2	312	stam-	rais-		articAccentAbove								50, 53			17	
35	35	139	139	0.0	3/4	3/4	Spanner	4/4	1	1	0															50				
35	35	139	139	1.0	3/4	3/4	Chord	4/4	1	1	1/4	1/4	1	313												50				
35	35	136	136	2.0	0	0	Chord	4/4	2	1	1/2	1/2	1	314																
35	35	277/2	277/2	0.0	5/8	5/8	Dynamic	4/4	2	1	0						p													
35	35	277/2	277/2	0.0	5/8	5/8	Spanner	4/4	2	1	0																			21
35	35	277/2	277/2	0.5	5/8	5/8	Chord	4/4	2	1	1/8	1/8	1	315												54				21
35	35	139	139	0.5	3/4	3/4	Chord	4/4	2	1	1/8	1/8	1	316												54				21
35	35	279/2	279/2	0.0	7/8	7/8	Spanner	4/4	2	1	0																			
35	35	279/2	279/2	0.5	7/8	7/8	Chord	4/4	2	1	1/8	1/8	1	317																
35	35	136	136	2.0	0	0	Chord	4/4	3	1	1/2	1/2	1	318																
36	36	140	140	1.0	0	0	Chord	4/4	1	1	1/4	1/4	1	319	-men.	-ing.														
36	36	140	140	0.0	0	0	Dynamic	4/4	2	1	0						sf													
36	36	140	140	2.0	0	0	Chord	4/4	2	1	1/2	1/2	1	320												55				
36	36	142	142	2.0	1/2	1/2	Chord	4/4	2	1	1/2	1/2	1	321																
36	36	140	140	4.0	0	0	Chord	4/4	2	2	1	1	1	322																
36	36	140	140	4.0	0	0	Chord	4/4	3	1	1	1	1	323																
37	37	289/2	289/2	0.0	1/8	1/8	Spanner	3/2	2	1	0																			22
37	37	289/2	289/2	0.5	1/8	1/8	Chord	3/2	2	1	1/8	1/8	1	324												56				22
37	37	145	145	0.5	1/4	1/4	Chord	3/2	2	1	1/8	1/8	1	325												56				22
37	37	291/2	291/2	0.5	3/8	3/8	Chord	3/2	2	1	1/8	1/8	1	326																22
37	37	146	146	0.0	1/2	1/2	Dynamic	3/2	2	1	0						sf													
37	37	146	146	0.0	1/2	1/2	Spanner	3/2	2	1	0																			
37	37	146	146	2.0	1/2	1/2	Chord	3/2	2	1	1/2	1/2	1	327												57				
37	37	147	147	0.0	3/4	3/4	Spanner	3/2	2	1	0															57			18	
37	37	148	148	2.0	1	1	Chord	3/2	2	1	1/2	1/2	1	328															18	
37	37	146	146	4.0	1/2	1/2	Chord	3/2	2	2	1	1	1	329															18	
37	37	146	146	4.0	1/2	1/2	Chord	3/2	3	1	1	1	1	330																
38	38	151	151	1.0	1/4	1/4	Chord	4/4	1	1	1/4	1/4	1	331	Ihr	You										58				
38	38	152	152	1.0	1/2	1/2	Chord	4/4	1	1	1/4	1/4	1	332	woll-	fain										58				
38	38	153	153	1.0	3/4	3/4	Chord	4/4	1	1	1/4	1/4	1	333	-tet	would										58				
38	38	150	150	0.0	0	0	Spanner	4/4	2	1	0																			
38	38	151	151	0.0	1/4	1/4	Spanner	4/4	2	1	0																		19	
38	38	151	151	1.0	1/4	1/4	Chord	4/4	2	1	1/4	1/4	1	334												59			19	
38	38	152	152	1.0	1/2	1/2	Chord	4/4	2	1	1/4	1/4	1	335												59			19	
38	38	153	153	0.0	3/4	3/4	Spanner	4/4	2	1	0																			
38	38	153	153	1.0	3/4	3/4	Chord	4/4	2	1	1/4	1/4	1	336																
39	39	154	154	0.0	0	0	StaffText	4/4	1	1	0								riten.							58				
39	39	154	154	2.0	0	0	Chord	4/4	1	1	1/2	1/2	1	337	mir	tell										58				
39	39	156	156	2.0	1/2	1/2	Chord	4/4	1	1	1/2	1/2	1	338	mit	me										58				
39	39	157	157	0.0	3/4	3/4	Spanner	4/4	1	1	0															58			20	
39	39	154	154	0.0	0	0	Dynamic	4/4	2	1	0						pp													
39	39	154	154	2.0	0	0	Chord	4/4	2	1	1/2	1/2	1	339												60				
39	39	156	156	2.0	1/2	1/2	Chord	4/4	2	1	1/2	1/2	1	340												60				
39	39	154	154	4.0	0	0	Chord	4/4	2	2	1	1	1	341																
39	39	155	155	0.0	1/4	1/4	StaffText	4/4	3	1	0								riten.											
39	39	155	155	1.0	1/4	1/4	Chord	4/4	3	1	1/4	1/4	1	342												61				
39	39	156	156	1.0	1/2	1/2	Chord	4/4	3	1	1/4	1/4	1	343												61				
39	39	157	157	1.0	3/4	3/4	Chord	4/4	3	1	1/4	1/4	1	344												61				
39	39	154	154	4.0	0	0	Chord	4/4	3	2	1	1	1	345																
40	40	158	158	2.0	0	0	Chord	4/4	1	1	1/2	1/2	1	346	eu-	by										58			20	
40	40	160	160	2.0	1/2	1/2	Chord	4/4	1	1	1/2	1/2	1	347	-rem	your										58			20	
40	40	158	158	2.0	0	0	Chord	4/4	2	1	1/2	1/2	1	348												60				
40	40	160	160	2.0	1/2	1/2	Chord	4/4	2	1	1/2	1/2	1	349																
40	40	158	158	4.0	0	0	Chord	4/4	2	2	1	1	1	350																
40	40	158	158	2.0	0	0	Chord	4/4	2	3	1/2	1/2	1	351																
40	40	158	158	4.0	0	0	Chord	4/4	3	1	1	1	1	352																
41	41	162	162	0.0	0	0	Dynamic	4/4	1	1	0						pp									58				
41	41	162	162	0.0	0	0	SystemText	4/4	1	1	0									Tempo I						58				
41	41	162	162	0.0	0	0	Tempo	4/4	1	1	0										ùÖü=56	56.0	ùÖü	56.0	0.0	58				
41	41	162	162	0.0	0	0	Spanner	4/4	1	1	0															58				
41	41	162	162	3.0	0	0	Chord	4/4	1	1	3/4	1/2	3/2	353	Leuch-	star-										58				
41	41	325/2	325/2	0.0	1/8	1/8	Spanner	4/4	1	1	0															58				23
41	41	164	164	0.0	1/2	1/2	Spanner	4/4	1	1	0															58				
41	41	164	164	0.0	1/2	1/2	Spanner	4/4	1	1	0															58			21	
41	41	165	165	0.0	3/4	3/4	Spanner	4/4	1	1	0															58				
41	41	165	165	1.0	3/4	3/4	Chord	4/4	1	1	1/4	1/4	1	354	-ten	-like										58				
41	41	162	162	0.0	0	0	Dynamic	4/4	2	1	0						pp													
41	41	162	162	3.0	0	0	Chord	4/4	2	1	3/4	1/2	3/2	355												62				
41	41	165	165	1.0	3/4	3/4	Chord	4/4	2	1	1/4	1/4	1	356																
41	41	162	162	0.25	0	0	Chord	4/4	3	1	1/16	1/16	1	357												63				
41	41	649/4	649/4	0.25	1/16	1/16	Chord	4/4	3	1	1/16	1/16	1	358												63				
41	41	325/2	325/2	0.25	1/8	1/8	Chord	4/4	3	1	1/16	1/16	1	359												63				
41	41	651/4	651/4	0.25	3/16	3/16	Chord	4/4	3	1	1/16	1/16	1	360												63				
41	41	163	163	0.25	1/4	1/4	Chord	4/4	3	1	1/16	1/16	1	361												63				
41	41	653/4	653/4	0.25	5/16	5/16	Chord	4/4	3	1	1/16	1/16	1	362												63				
41	41	327/2	327/2	0.25	3/8	3/8	Chord	4/4	3	1	1/16	1/16	1	363												63				
41	41	655/4	655/4	0.25	7/16	7/16	Chord	4/4	3	1	1/16	1/16	1	364																
41	41	164	164	0.25	1/2	1/2	Chord	4/4	3	1	1/16	1/16	1	365												64				
41	41	657/4	657/4	0.25	9/16	9/16	Chord	4/4	3	1	1/16	1/16	1	366												64				
41	41	329/2	329/2	0.25	5/8	5/8	Chord	4/4	3	1	1/16	1/16	1	367												64				
41	41	659/4	659/4	0.25	11/16	11/16	Chord	4/4	3	1	1/16	1/16	1	368												64				
41	41	165	165	0.25	3/4	3/4	Chord	4/4	3	1	1/16	1/16	1	369												64				
41	41	661/4	661/4	0.25	13/16	13/16	Chord	4/4	3	1	1/16	1/16	1	370												64				
41	41	331/2	331/2	0.25	7/8	7/8	Chord	4/4	3	1	1/16	1/16	1	371												64				
41	41	663/4	663/4	0.25	15/16	15/16	Chord	4/4	3	1	1/16	1/16	1	372																
42	42	166	166	2.0	0	0	Chord	4/4	1	1	1/2	1/2	1	373	sa-	glow-										58				
42	42	168	168	2.0	1/2	1/2	Chord	4/4	1	1	1/2	1/2	1	374	-gen:	-ing.														
42	42	166	166	2.0	0	0	Chord	4/4	2	1	1/2	1/2	1	375												65				
42	42	168	168	2.0	1/2	1/2	Chord	4/4	2	1	1/2	1/2	1	376																
42	42	166	166	4.0	0	0	Chord	4/4	2	2	1	1	1	377																
42	42	166	166	0.5	0	0	Chord	4/4	3	1	1/8	1/8	1	378												66				
42	42	333/2	333/2	0.25	1/8	1/8	Chord	4/4	3	1	1/16	1/16	1	379												66				
42	42	667/4	667/4	0.25	3/16	3/16	Chord	4/4	3	1	1/16	1/16	1	380												66				
42	42	167	167	0.25	1/4	1/4	Chord	4/4	3	1	1/16	1/16	1	381												66				
42	42	669/4	669/4	0.25	5/16	5/16	Chord	4/4	3	1	1/16	1/16	1	382												66				
42	42	335/2	335/2	0.25	3/8	3/8	Chord	4/4	3	1	1/16	1/16	1	383												66				
42	42	671/4	671/4	0.25	7/16	7/16	Chord	4/4	3	1	1/16	1/16	1	384																
42	42	168	168	0.25	1/2	1/2	Chord	4/4	3	1	1/16	1/16	1	385												67				
42	42	673/4	673/4	0.25	9/16	9/16	Chord	4/4	3	1	1/16	1/16	1	386												67				
42	42	337/2	337/2	0.25	5/8	5/8	Chord	4/4	3	1	1/16	1/16	1	387												67				
42	42	675/4	675/4	0.25	11/16	11/16	Chord	4/4	3	1	1/16	1/16	1	388												67				
42	42	169	169	0.25	3/4	3/4	Chord	4/4	3	1	1/16	1/16	1	389												67				
42	42	677/4	677/4	0.25	13/16	13/16	Chord	4/4	3	1	1/16	1/16	1	390												67				
42	42	339/2	339/2	0.25	7/8	7/8	Chord	4/4	3	1	1/16	1/16	1	391																
43	43	171	171	0.0	1/4	1/4	Dynamic	4/4	1	1	0						pp													
43	43	171	171	1.0	1/4	1/4	Chord	4/4	1	1	1/4	1/4	1	392	Wir	We‚Äôd										68				
43	43	172	172	1.0	1/2	1/2	Chord	4/4	1	1	1/4	1/4	1	393	m√∂ch-	glad-										68				
43	43	173	173	1.0	3/4	3/4	Chord	4/4	1	1	1/4	1/4	1	394	-ten	-ly										68				
43	43	170	170	0.5	0	0	Chord	4/4	3	1	1/8	1/8	1	395												69				
43	43	341/2	341/2	0.25	1/8	1/8	Chord	4/4	3	1	1/16	1/16	1	396												69				
43	43	683/4	683/4	0.25	3/16	3/16	Chord	4/4	3	1	1/16	1/16	1	397												69				
43	43	171	171	0.25	1/4	1/4	Chord	4/4	3	1	1/16	1/16	1	398												69				
43	43	685/4	685/4	0.25	5/16	5/16	Chord	4/4	3	1	1/16	1/16	1	399												69				
43	43	343/2	343/2	0.25	3/8	3/8	Chord	4/4	3	1	1/16	1/16	1	400												69				
43	43	687/4	687/4	0.25	7/16	7/16	Chord	4/4	3	1	1/16	1/16	1	401																
43	43	689/4	689/4	0.25	9/16	9/16	Chord	4/4	3	1	1/16	1/16	1	402												70				
43	43	345/2	345/2	0.25	5/8	5/8	Chord	4/4	3	1	1/16	1/16	1	403												70				
43	43	691/4	691/4	0.25	11/16	11/16	Chord	4/4	3	1	1/16	1/16	1	404												70				
43	43	173	173	0.25	3/4	3/4	Chord	4/4	3	1	1/16	1/16	1	405												70				
43	43	693/4	693/4	0.25	13/16	13/16	Chord	4/4	3	1	1/16	1/16	1	406												70				
43	43	347/2	347/2	0.25	7/8	7/8	Chord	4/4	3	1	1/16	1/16	1	407												70				
43	43	695/4	695/4	0.25	15/16	15/16	Chord	4/4	3	1	1/16	1/16	1	408																
44	44	174	174	1.0	0	0	Chord	4/4	1	1	1/4	1/4	1	409	nah	stay										68				
44	44	175	175	0.0	1/4	1/4	Spanner	4/4	1	1	0															68				24
44	44	175	175	1.0	1/4	1/4	Chord	4/4	1	1	1/4	1/4	1	410	dir	with										68				24
44	44	176	176	1.0	1/2	1/2	Chord	4/4	1	1	1/4	1/4	1	411	blei-	thee,										68				24
44	44	177	177	1.0	3/4	3/4	Chord	4/4	1	1	1/4	1/4	1	412	-ben	not										68				24
44	44	174	174	2.0	0	0	Chord	4/4	3	1	1/2	1/2	1	413																
44	44	353/2	353/2	0.0	5/8	5/8	Spanner	4/4	3	1	0																			25
44	44	353/2	353/2	0.5	5/8	5/8	Chord	4/4	3	1	1/8	1/8	1	414												71				25
44	44	177	177	0.5	3/4	3/4	Chord	4/4	3	1	1/8	1/8	1	415												71				25
44	44	355/2	355/2	0.0	7/8	7/8	Spanner	4/4	3	1	0																			
44	44	355/2	355/2	0.5	7/8	7/8	Chord	4/4	3	1	1/8	1/8	1	416																
44	44	174	174	1.0	0	0	Chord	4/4	3	2	1/4	1/4	1	417																
44	44	176	176	1.0	1/2	1/2	Chord	4/4	3	2	1/4	1/4	1	418																
45	45	178	178	0.0	0	0	Dynamic	4/4	1	1	0						sf									68				
45	45	178	178	0.0	0	0	Spanner	4/4	1	1	0															68				
45	45	178	178	0.0	0	0	Spanner	4/4	1	1	0															68			22	
45	45	178	178	2.0	0	0	Chord	4/4	1	1	1/2	1/2	1	419	ger-	grieve										68			22	
45	45	180	180	2.0	1/2	1/2	Chord	4/4	1	1	1/2	1/2	1	420	-ne!	thee!													22	
45	45	178	178	2.0	0	0	Chord	4/4	2	1	1/2	1/2	1	421												72				
45	45	179	179	0.0	1/4	1/4	Spanner	4/4	2	1	0															72			23	
45	45	180	180	2.0	1/2	1/2	Chord	4/4	2	1	1/2	1/2	1	422															23	
45	45	181	181	0.0	3/4	3/4	Spanner	4/4	2	1	0																			
45	45	178	178	0.0	0	0	Dynamic	4/4	3	1	0						sf													
45	45	178	178	4.0	0	0	Chord	4/4	3	1	1	1	1	423																
46	46	182	182	0.0	0	0	Spanner	4/4	1	1	0																			
46	46	365/2	365/2	0.0	1/8	1/8	Spanner	4/4	2	1	0																			26
46	46	365/2	365/2	0.5	1/8	1/8	Chord	4/4	2	1	1/8	1/8	1	424												73				26
46	46	183	183	0.5	1/4	1/4	Chord	4/4	2	1	1/8	1/8	1	425												73				26
46	46	367/2	367/2	0.5	3/8	3/8	Chord	4/4	2	1	1/8	1/8	1	426																26
46	46	184	184	0.0	1/2	1/2	Dynamic	4/4	2	1	0						sf													
46	46	184	184	0.0	1/2	1/2	Spanner	4/4	2	1	0																			
46	46	184	184	2.0	1/2	1/2	Chord	4/4	2	1	1/2	1/2	1	427												74				
46	46	184	184	2.0	1/2	1/2	Chord	4/4	3	1	1/2	1/2	1	428																
47	47	186	186	0.0	0	0	Spanner	4/4	2	1	0																		24	
47	47	186	186	4.0	0	0	Chord	4/4	2	1	1	1	1	429															24	
47	47	186	186	4.0	0	0	Chord	4/4	3	1	1	1	1	430																
48	48	191	191	0.0	1/4	1/4	StaffText	4/4	1	1	0								nicht eilen											
48	48	191	191	0.0	1/4	1/4	StaffText	4/4	1	1	0								non accel.											
48	48	191	191	0.0	1/4	1/4	Spanner	4/4	1	1	0																		25	
48	48	191	191	1.0	1/4	1/4	Chord	4/4	1	1	1/4	1/4	1	431	Doch	A-													25	
48	48	192	192	1.0	1/2	1/2	Chord	4/4	1	1	1/4	1/4	1	432	ist	-las,													25	
48	48	193	193	0.0	3/4	3/4	Spanner	4/4	1	1	0																			
48	48	193	193	1.0	3/4	3/4	Chord	4/4	1	1	1/4	1/4	1	433	uns	‚Äôtis														
48	48	190	190	0.0	0	0	Spanner	4/4	2	1	0																			
48	48	191	191	0.0	1/4	1/4	Spanner	4/4	2	1	0																		26	
48	48	191	191	1.0	1/4	1/4	Chord	4/4	2	1	1/4	1/4	1	434												75			26	
48	48	192	192	1.0	1/2	1/2	Chord	4/4	2	1	1/4	1/4	1	435												75			26	
48	48	193	193	0.0	3/4	3/4	Spanner	4/4	2	1	0																			
48	48	193	193	1.0	3/4	3/4	Chord	4/4	2	1	1/4	1/4	1	436																
49	49	194	194	0.0	0	0	Dynamic	4/4	1	1	0						pp													
49	49	194	194	3.0	0	0	Chord	4/4	1	1	3/4	1/2	3/2	437	das	Fate														
49	49	197	197	1.0	3/4	3/4	Chord	4/4	1	1	1/4	1/4	1	438	vom	de-														
49	49	194	194	0.0	0	0	Dynamic	4/4	2	1	0						pp													
49	49	194	194	3.0	0	0	Chord	4/4	2	1	3/4	1/2	3/2	439												76				
49	49	197	197	1.0	3/4	3/4	Chord	4/4	2	1	1/4	1/4	1	440												76				
49	49	194	194	0.5	0	0	Chord	4/4	3	1	1/8	1/8	1	441												77				
49	49	389/2	389/2	0.5	1/8	1/8	Chord	4/4	3	1	1/8	1/8	1	442												77				
49	49	195	195	0.5	1/4	1/4	Chord	4/4	3	1	1/8	1/8	1	443												77				
49	49	391/2	391/2	0.5	3/8	3/8	Chord	4/4	3	1	1/8	1/8	1	444												77				
49	49	196	196	1.0	1/2	1/2	Chord	4/4	3	1	1/4	1/4	1	445																
50	50	198	198	1.0	0	0	Chord	4/4	1	1	1/4	1/4	1	446	Schick-	-crees,														
50	50	199	199	1.0	1/4	1/4	Chord	4/4	1	1	1/4	1/4	1	447	-sal	and														
50	50	200	200	1.0	1/2	1/2	Chord	4/4	1	1	1/4	1/4	1	448	ab-	we														
50	50	201	201	1.0	3/4	3/4	Chord	4/4	1	1	1/4	1/4	1	449	-ge-	must														
50	50	198	198	1.0	0	0	Chord	4/4	2	1	1/4	1/4	1	450												76				
50	50	199	199	1.0	1/4	1/4	Chord	4/4	2	1	1/4	1/4	1	451												76				
50	50	200	200	1.0	1/2	1/2	Chord	4/4	2	1	1/4	1/4	1	452												76				
50	50	201	201	1.0	3/4	3/4	Chord	4/4	2	1	1/4	1/4	1	453																
50	50	198	198	2.0	0	0	Chord	4/4	2	2	1/2	1/2	1	454																
50	50	200	200	2.0	1/2	1/2	Chord	4/4	2	2	1/2	1/2	1	455																
50	50	198	198	4.0	0	0	Chord	4/4	2	3	1	1	1	456																
50	50	198	198	4.0	0	0	Chord	4/4	3	1	1	1	1	457																
51	51	202	202	1.0	0	0	Chord	4/4	1	1	1/4	1/4	1	458	-schla-	leave														
51	51	203	203	1.0	1/4	1/4	Chord	4/4	1	1	1/4	1/4	1	459	-gen.	thee.														
51	51	202	202	1.0	0	0	Chord	4/4	2	1	1/4	1/4	1	460												78				
51	51	203	203	1.0	1/4	1/4	Chord	4/4	2	1	1/4	1/4	1	461																
51	51	205	205	1.0	3/4	3/4	Chord	4/4	2	1	1/4	1/4	1	462				articAccentAbove								79				
51	51	202	202	4.0	0	0	Chord	4/4	2	2	1	1	1	463																
51	51	202	202	4.0	0	0	Chord	4/4	3	1	1	1	1	464																
51	51	202	202	1.0	0	0	Chord	4/4	3	2	1/4	1/4	1	465																
52	52	206	206	0.0	0	0	Spanner	4/4	2	1	0															79				27
52	52	206	206	0.5	0	0	Chord	4/4	2	1	1/8	1/8	1	466												79				27
52	52	413/2	413/2	0.5	1/8	1/8	Chord	4/4	2	1	1/8	1/8	1	467												79				27
52	52	207	207	0.0	1/4	1/4	Spanner	4/4	2	1	0															79				27, 28
52	52	207	207	0.5	1/4	1/4	Chord	4/4	2	1	1/8	1/8	1	468												79				27, 28
52	52	415/2	415/2	0.5	3/8	3/8	Chord	4/4	2	1	1/8	1/8	1	469												79				27, 28
52	52	208	208	0.0	1/2	1/2	Spanner	4/4	2	1	0															79				28
52	52	208	208	0.5	1/2	1/2	Chord	4/4	2	1	1/8	1/8	1	470				articAccentAbove								79				28
52	52	417/2	417/2	0.5	5/8	5/8	Chord	4/4	2	1	1/8	1/8	1	471				articAccentAbove								79				28
52	52	209	209	0.5	3/4	3/4	Chord	4/4	2	1	1/8	1/8	1	472				articAccentAbove								79				28
52	52	419/2	419/2	0.5	7/8	7/8	Chord	4/4	2	1	1/8	1/8	1	473				articAccentAbove												28
52	52	208	208	1.0	1/2	1/2	Chord	4/4	2	2	1/4	1/4	1	474																28
52	52	209	209	1.0	3/4	3/4	Chord	4/4	2	2	1/4	1/4	1	475																28
52	52	206	206	2.0	0	0	Chord	4/4	3	1	1/2	1/2	1	476																
52	52	208	208	2.0	1/2	1/2	Chord	4/4	3	1	1/2	1/2	1	477																
52	52	206	206	1.0	0	0	Chord	4/4	3	2	1/4	1/4	1	478																
52	52	208	208	1.0	1/2	1/2	Chord	4/4	3	2	1/4	1/4	1	479																
53	53	210	210	0.0	0	0	Spanner	4/4	2	1	0																		27	
53	53	210	210	0.0	0	0	Spanner	4/4	2	1	0																		27	
53	53	210	210	1.0	0	0	Chord	4/4	2	1	1/4	1/4	1	480				articAccentAbove								80			27	
53	53	211	211	3.0	1/4	1/4	Chord	4/4	2	1	3/4	1/2	3/2	481															27	
53	53	210	210	2.0	0	0	Chord	4/4	3	1	1/2	1/2	1	482												81				
53	53	212	212	1.0	1/2	1/2	Chord	4/4	3	1	1/4	1/4	1	483												81				
53	53	213	213	1.0	3/4	3/4	Chord	4/4	3	1	1/4	1/4	1	484																
53	53	210	210	4.0	0	0	Chord	4/4	3	2	1	1	1	485																
53	53	210	210	1.0	0	0	Chord	4/4	3	3	1/4	1/4	1	486																
53	53	211	211	1.0	1/4	1/4	Chord	4/4	3	3	1/4	1/4	1	487																
53	53	212	212	1.0	1/2	1/2	Chord	4/4	3	3	1/4	1/4	1	488																
53	53	213	213	1.0	3/4	3/4	Chord	4/4	3	3	1/4	1/4	1	489																
54	54	214	214	2.0	0	0	Chord	4/4	1	1	1/2	1/2	1	490	Sieh‚Äô	Gaze														
54	54	216	216	1.0	1/2	1/2	Chord	4/4	1	1	1/4	1/4	1	491	uns	on														
54	54	217	217	1.0	3/4	3/4	Chord	4/4	1	1	1/4	1/4	1	492	nur	us														
54	54	214	214	0.0	0	0	Spanner	4/4	2	1	0																			
54	54	214	214	3.0	0	0	Chord	4/4	2	1	3/4	1/2	3/2	493												82				
54	54	217	217	1.0	3/4	3/4	Chord	4/4	2	1	1/4	1/4	1	494												82				
54	54	214	214	0.0	0	0	Dynamic	4/4	3	1	0						pp													
54	54	214	214	4.0	0	0	Chord	4/4	3	1	1	1	1	495																
54	54	214	214	0.5	0	0	Chord	4/4	3	2	1/8	1/8	1	496												83				
54	54	429/2	429/2	0.5	1/8	1/8	Chord	4/4	3	2	1/8	1/8	1	497												83				
54	54	215	215	0.5	1/4	1/4	Chord	4/4	3	2	1/8	1/8	1	498												83				
54	54	431/2	431/2	0.5	3/8	3/8	Chord	4/4	3	2	1/8	1/8	1	499												83				
54	54	216	216	1.0	1/2	1/2	Chord	4/4	3	2	1/4	1/4	1	500																
55	55	218	218	2.0	0	0	Chord	4/4	1	1	1/2	1/2	1	501	an,	now,														
55	55	221	221	1.0	3/4	3/4	Chord	4/4	1	1	1/4	1/4	1	502	denn	for														
55	55	218	218	4.0	0	0	Chord	4/4	2	1	1	1	1	503																
55	55	218	218	0.5	0	0	Chord	4/4	3	1	1/8	1/8	1	504												84				
55	55	437/2	437/2	0.5	1/8	1/8	Chord	4/4	3	1	1/8	1/8	1	505												84				
55	55	219	219	0.5	1/4	1/4	Chord	4/4	3	1	1/8	1/8	1	506												84				
55	55	439/2	439/2	0.5	3/8	3/8	Chord	4/4	3	1	1/8	1/8	1	507												84				
55	55	220	220	1.0	1/2	1/2	Chord	4/4	3	1	1/4	1/4	1	508																
56	56	222	222	1.5	0	0	Chord	4/4	1	1	3/8	1/4	3/2	509	bald	soon		articAccentAbove												
56	56	447/2	447/2	0.5	3/8	3/8	Chord	4/4	1	1	1/8	1/8	1	510	sind	from														
56	56	224	224	1.0	1/2	1/2	Chord	4/4	1	1	1/4	1/4	1	511	wir	hence														
56	56	225	225	1.0	3/4	3/4	Chord	4/4	1	1	1/4	1/4	1	512	dir	we‚Äôre														
56	56	222	222	3.0	0	0	Chord	4/4	2	1	3/4	1/2	3/2	513				articAccentAbove								85				
56	56	225	225	1.0	3/4	3/4	Chord	4/4	2	1	1/4	1/4	1	514																
56	56	222	222	0.5	0	0	Chord	4/4	3	1	1/8	1/8	1	515												86				
56	56	445/2	445/2	0.5	1/8	1/8	Chord	4/4	3	1	1/8	1/8	1	516												86				
56	56	223	223	0.5	1/4	1/4	Chord	4/4	3	1	1/8	1/8	1	517												86				
56	56	447/2	447/2	0.5	3/8	3/8	Chord	4/4	3	1	1/8	1/8	1	518												86				
56	56	224	224	1.0	1/2	1/2	Chord	4/4	3	1	1/4	1/4	1	519																
57	57	226	226	1.0	0	0	Chord	4/4	1	1	1/4	1/4	1	520	fer-	go-														
57	57	227	227	1.0	1/4	1/4	Chord	4/4	1	1	1/4	1/4	1	521	-ne!	-ing!														
57	57	226	226	1.0	0	0	Chord	4/4	2	1	1/4	1/4	1	522												87				
57	57	227	227	1.0	1/4	1/4	Chord	4/4	2	1	1/4	1/4	1	523																
57	57	229	229	1.0	3/4	3/4	Chord	4/4	2	1	1/4	1/4	1	524				articAccentAbove								88				
57	57	226	226	0.5	0	0	Chord	4/4	3	1	1/8	1/8	1	525												89				
57	57	453/2	453/2	0.5	1/8	1/8	Chord	4/4	3	1	1/8	1/8	1	526												89				
57	57	227	227	0.5	1/4	1/4	Chord	4/4	3	1	1/8	1/8	1	527												89				
57	57	455/2	455/2	0.5	3/8	3/8	Chord	4/4	3	1	1/8	1/8	1	528												89				
57	57	228	228	1.0	1/2	1/2	Chord	4/4	3	1	1/4	1/4	1	529																
58	58	230	230	2.0	0	0	Chord	4/4	2	1	1/2	1/2	1	530				articAccentAbove								88				
58	58	232	232	1.0	1/2	1/2	Chord	4/4	2	1	1/4	1/4	1	531				articAccentAbove								88				
58	58	233	233	1.0	3/4	3/4	Chord	4/4	2	1	1/4	1/4	1	532				articAccentAbove												
58	58	230	230	1.0	0	0	Chord	4/4	2	2	1/4	1/4	1	533																
58	58	230	230	0.5	0	0	Chord	4/4	3	1	1/8	1/8	1	534												90				
58	58	461/2	461/2	0.5	1/8	1/8	Chord	4/4	3	1	1/8	1/8	1	535												90				
58	58	231	231	0.5	1/4	1/4	Chord	4/4	3	1	1/8	1/8	1	536												90				
58	58	463/2	463/2	0.5	3/8	3/8	Chord	4/4	3	1	1/8	1/8	1	537												90				
58	58	232	232	1.0	1/2	1/2	Chord	4/4	3	1	1/4	1/4	1	538																
59	59	234	234	1.5	0	0	Chord	4/4	2	1	3/8	1/4	3/2	539				articAccentAbove												
59	59	471/2	471/2	0.5	3/8	3/8	Chord	4/4	2	1	1/8	1/8	1	540				articAccentAbove												
59	59	236	236	1.0	1/2	1/2	Chord	4/4	2	1	1/4	1/4	1	541				articAccentAbove												
59	59	237	237	1.0	3/4	3/4	Chord	4/4	2	1	1/4	1/4	1	542				articAccentAbove												
59	59	234	234	0.5	0	0	Chord	4/4	3	1	1/8	1/8	1	543												91				
59	59	469/2	469/2	0.5	1/8	1/8	Chord	4/4	3	1	1/8	1/8	1	544												91				
59	59	235	235	0.5	1/4	1/4	Chord	4/4	3	1	1/8	1/8	1	545												91				
59	59	471/2	471/2	0.5	3/8	3/8	Chord	4/4	3	1	1/8	1/8	1	546												91				
59	59	236	236	1.0	1/2	1/2	Chord	4/4	3	1	1/4	1/4	1	547																
60	60	481/2	481/2	0.0	5/8	5/8	Dynamic	4/4	1	1	0						p													
60	60	481/2	481/2	0.5	5/8	5/8	Chord	4/4	1	1	1/8	1/8	1	548	Was	What														
60	60	241	241	0.0	3/4	3/4	StaffText	4/4	1	1	0								rit.											
60	60	241	241	0.5	3/4	3/4	Chord	4/4	1	1	1/8	1/8	1	549	dir	now														
60	60	483/2	483/2	0.5	7/8	7/8	Chord	4/4	1	1	1/8	1/8	1	550	nur	are														
60	60	238	238	1.0	0	0	Chord	4/4	2	1	1/4	1/4	1	551				articAccentAbove								92				
60	60	239	239	1.0	1/4	1/4	Chord	4/4	2	1	1/4	1/4	1	552																
60	60	481/2	481/2	0.0	5/8	5/8	Dynamic	4/4	2	1	0						pp													
60	60	481/2	481/2	0.5	5/8	5/8	Chord	4/4	2	1	1/8	1/8	1	553												93				
60	60	241	241	0.0	3/4	3/4	StaffText	4/4	2	1	0								rit.							93				
60	60	241	241	0.5	3/4	3/4	Chord	4/4	2	1	1/8	1/8	1	554												93				
60	60	483/2	483/2	0.5	7/8	7/8	Chord	4/4	2	1	1/8	1/8	1	555																
60	60	238	238	2.0	0	0	Chord	4/4	2	2	1/2	1/2	1	556																
60	60	238	238	0.5	0	0	Chord	4/4	3	1	1/8	1/8	1	557												94				
60	60	477/2	477/2	0.5	1/8	1/8	Chord	4/4	3	1	1/8	1/8	1	558												94				
60	60	239	239	0.5	1/4	1/4	Chord	4/4	3	1	1/8	1/8	1	559												94				
60	60	479/2	479/2	0.5	3/8	3/8	Chord	4/4	3	1	1/8	1/8	1	560												94				
60	60	240	240	1.0	1/2	1/2	Chord	4/4	3	1	1/4	1/4	1	561																
61	61	242	242	1.5	0	0	Chord	4/4	1	1	3/8	1/4	3/2	562	Au-	eyes														
61	61	243	243	0.0	1/4	1/4	Spanner	4/4	1	1	0																			29
61	61	487/2	487/2	0.5	3/8	3/8	Chord	4/4	1	1	1/8	1/8	1	563	-gen	on														29
61	61	244	244	0.5	1/2	1/2	Chord	4/4	1	1	1/8	1/8	1	564	sind	earth,														29
61	61	489/2	489/2	0.5	5/8	5/8	Chord	4/4	1	1	1/8	1/8	1	565	in	up-														29
61	61	245	245	0.5	3/4	3/4	Chord	4/4	1	1	1/8	1/8	1	566	die-	-on														29
61	61	491/2	491/2	0.5	7/8	7/8	Chord	4/4	1	1	1/8	1/8	1	567	-sen	thee														29
61	61	242	242	4.0	0	0	Chord	4/4	2	1	1	1	1	568																
61	61	242	242	2.0	0	0	Chord	4/4	2	2	1/2	1/2	1	569												95				
61	61	244	244	1.0	1/2	1/2	Chord	4/4	2	2	1/4	1/4	1	570												95, 96				
61	61	245	245	1.0	3/4	3/4	Chord	4/4	2	2	1/4	1/4	1	571																
61	61	242	242	0.5	0	0	Chord	4/4	3	1	1/8	1/8	1	572												97				
61	61	485/2	485/2	0.5	1/8	1/8	Chord	4/4	3	1	1/8	1/8	1	573												97				
61	61	243	243	0.5	1/4	1/4	Chord	4/4	3	1	1/8	1/8	1	574												97				
61	61	487/2	487/2	0.5	3/8	3/8	Chord	4/4	3	1	1/8	1/8	1	575																
62	62	246	246	0.0	0	0	Spanner	4/4	1	1	0																			
62	62	246	246	1.0	0	0	Chord	4/4	1	1	1/4	1/4	1	576	Ta-	gaz-		articAccentAbove												
62	62	493/2	493/2	0.0	1/8	1/8	Spanner	4/4	1	1	0																		28	
62	62	247	247	1.0	1/4	1/4	Chord	4/4	1	1	1/4	1/4	1	577	-gen:	-ing													28	
62	62	495/2	495/2	0.0	3/8	3/8	Spanner	4/4	1	1	0																			
62	62	249	249	0.0	3/4	3/4	Tempo	4/4	1	1	0										ùÖü=65	65.0	ùÖü	65.0	0.0					
62	62	249	249	0.0	3/4	3/4	StaffText	4/4	1	1	0								Poco pi√π moto											
62	62	249	249	0.0	3/4	3/4	Spanner	4/4	1	1	0																			30
62	62	249	249	1.0	3/4	3/4	Chord	4/4	1	1	1/4	1/4	1	578	in	will														30
62	62	246	246	3.0	0	0	Chord	4/4	2	1	3/4	1/2	3/2	579																
62	62	249	249	0.0	3/4	3/4	Spanner	4/4	2	1	0																			31
62	62	249	249	1.0	3/4	3/4	Chord	4/4	2	1	1/4	1/4	1	580																31
62	62	246	246	0.5	0	0	Chord	4/4	3	1	1/8	1/8	1	581												98				
62	62	493/2	493/2	0.5	1/8	1/8	Chord	4/4	3	1	1/8	1/8	1	582												98				
62	62	247	247	0.5	1/4	1/4	Chord	4/4	3	1	1/8	1/8	1	583												98				
62	62	495/2	495/2	0.5	3/8	3/8	Chord	4/4	3	1	1/8	1/8	1	584												98				
62	62	248	248	1.0	1/2	1/2	Chord	4/4	3	1	1/4	1/4	1	585																
62	62	249	249	1.0	3/4	3/4	Chord	4/4	3	1	1/4	1/4	1	586																
63	63	250	250	0.0	0	0	StaffText	4/4	1	1	0								Etwas bewegter											
63	63	250	250	0.0	0	0	Spanner	4/4	1	1	0																			
63	63	250	250	1.0	0	0	Chord	4/4	1	1	1/4	1/4	1	587	k√ºnft'-	then		articAccentAbove								99				
63	63	501/2	501/2	0.0	1/8	1/8	Spanner	4/4	1	1	0															99			29	
63	63	251	251	2.0	1/4	1/4	Chord	4/4	1	1	1/2	1/2	1	588															29	
63	63	252	252	0.0	1/2	1/2	Spanner	4/4	1	1	0																			
63	63	253	253	0.0	3/4	3/4	Spanner	4/4	1	1	0																			32
63	63	253	253	1.0	3/4	3/4	Chord	4/4	1	1	1/4	1/4	1	589	-gen	be														32
63	63	250	250	3.0	0	0	Chord	4/4	2	1	3/4	1/2	3/2	590				articAccentAbove								100				31
63	63	501/2	501/2	0.0	1/8	1/8	Spanner	4/4	2	1	0															100				
63	63	251	251	0.0	1/4	1/4	Spanner	4/4	2	1	0															100			30	
63	63	253	253	0.0	3/4	3/4	Spanner	4/4	2	1	0																			
63	63	253	253	1.0	3/4	3/4	Chord	4/4	2	1	1/4	1/4	1	591																
63	63	250	250	0.5	0	0	Chord	4/4	3	1	1/8	1/8	1	592												101				
63	63	501/2	501/2	0.5	1/8	1/8	Chord	4/4	3	1	1/8	1/8	1	593												101				
63	63	251	251	0.5	1/4	1/4	Chord	4/4	3	1	1/8	1/8	1	594												101				
63	63	503/2	503/2	0.5	3/8	3/8	Chord	4/4	3	1	1/8	1/8	1	595												101				
63	63	252	252	1.0	1/2	1/2	Chord	4/4	3	1	1/4	1/4	1	596																
63	63	253	253	1.0	3/4	3/4	Chord	4/4	3	1	1/4	1/4	1	597																
63	63	253	253	1.0	3/4	3/4	Chord	4/4	3	2	1/4	1/4	1	598																
64	64	254	254	0.0	0	0	Spanner	4/4	1	1	0																			
64	64	254	254	1.0	0	0	Chord	4/4	1	1	1/4	1/4	1	599	N√§ch-	stars		articAccentAbove								102				
64	64	509/2	509/2	0.0	1/8	1/8	Spanner	4/4	1	1	0															102			31	
64	64	255	255	2.0	1/4	1/4	Chord	4/4	1	1	1/2	1/2	1	600															31	
64	64	256	256	0.0	1/2	1/2	Spanner	4/4	1	1	0																			
64	64	257	257	1.0	3/4	3/4	Chord	4/4	1	1	1/4	1/4	1	601	-ten	at														
64	64	254	254	0.0	0	0	Spanner	4/4	2	1	0																		32	
64	64	254	254	3.0	0	0	Chord	4/4	2	1	3/4	1/2	3/2	602				articAccentAbove								103			32	
64	64	257	257	0.0	3/4	3/4	Spanner	4/4	2	1	0																			
64	64	257	257	1.0	3/4	3/4	Chord	4/4	2	1	1/4	1/4	1	603																
64	64	254	254	3.0	0	0	Chord	4/4	3	1	3/4	1/2	3/2	604																
64	64	257	257	1.0	3/4	3/4	Chord	4/4	3	1	1/4	1/4	1	605																
64	64	254	254	0.5	0	0	Chord	4/4	3	2	1/8	1/8	1	606												104				
64	64	509/2	509/2	0.5	1/8	1/8	Chord	4/4	3	2	1/8	1/8	1	607												104				
64	64	255	255	0.5	1/4	1/4	Chord	4/4	3	2	1/8	1/8	1	608												104				
64	64	511/2	511/2	0.5	3/8	3/8	Chord	4/4	3	2	1/8	1/8	1	609												104				
64	64	256	256	1.0	1/2	1/2	Chord	4/4	3	2	1/4	1/4	1	610																
64	64	257	257	1.0	3/4	3/4	Chord	4/4	3	2	1/4	1/4	1	611																
65	65	258	258	0.0	0	0	Spanner	4/4	1	1	0																			33
65	65	258	258	1.5	0	0	Chord	4/4	1	1	3/8	1/4	3/2	612	sind	night														33
65	65	519/2	519/2	0.5	3/8	3/8	Chord	4/4	1	1	1/8	1/8	1	613	es	in														33
65	65	260	260	1.0	1/2	1/2	Chord	4/4	1	1	1/4	1/4	1	614	dir	a-														33
65	65	261	261	1.0	3/4	3/4	Chord	4/4	1	1	1/4	1/4	1	615	nur	-zure														33
65	65	258	258	1.5	0	0	Chord	4/4	2	1	3/8	1/4	3/2	616												105				
65	65	519/2	519/2	0.0	3/8	3/8	Spanner	4/4	2	1	0															105				34
65	65	519/2	519/2	0.5	3/8	3/8	Chord	4/4	2	1	1/8	1/8	1	617												105				34
65	65	260	260	1.0	1/2	1/2	Chord	4/4	2	1	1/4	1/4	1	618												105				34
65	65	261	261	0.0	3/4	3/4	Spanner	4/4	2	1	0																			
65	65	261	261	1.0	3/4	3/4	Chord	4/4	2	1	1/4	1/4	1	619																
65	65	258	258	3.0	0	0	Chord	4/4	3	1	3/4	1/2	3/2	620																
65	65	261	261	1.0	3/4	3/4	Chord	4/4	3	1	1/4	1/4	1	621																
65	65	258	258	3.0	0	0	Chord	4/4	3	2	3/4	1/2	3/2	622																
65	65	261	261	1.0	3/4	3/4	Chord	4/4	3	2	1/4	1/4	1	623																
66	66	262	262	0.0	0	0	Dynamic	4/4	1	1	0						other-dynamics													
66	66	262	262	0.0	0	0	Spanner	4/4	1	1	0																			
66	66	262	262	3.0	0	0	Chord	4/4	1	1	3/4	1/2	3/2	624	Ster-	glow-										106				
66	66	265	265	1.0	3/4	3/4	Chord	4/4	1	1	1/4	1/4	1	625																
66	66	262	262	0.0	0	0	Dynamic	4/4	2	1	0						other-dynamics													
66	66	262	262	4.0	0	0	Chord	4/4	2	1	1	1	1	626																
66	66	262	262	4.0	0	0	Chord	4/4	3	1	1	1	1	627																
66	66	262	262	0.5	0	0	Chord	4/4	3	2	1/8	1/8	1	628												107				
66	66	525/2	525/2	0.5	1/8	1/8	Chord	4/4	3	2	1/8	1/8	1	629												107				
66	66	263	263	0.5	1/4	1/4	Chord	4/4	3	2	1/8	1/8	1	630												107				
66	66	527/2	527/2	0.5	3/8	3/8	Chord	4/4	3	2	1/8	1/8	1	631												107				
66	66	264	264	0.5	1/2	1/2	Chord	4/4	3	2	1/8	1/8	1	632												107				
66	66	529/2	529/2	0.5	5/8	5/8	Chord	4/4	3	2	1/8	1/8	1	633												107				
66	66	265	265	0.5	3/4	3/4	Chord	4/4	3	2	1/8	1/8	1	634												107				
66	66	531/2	531/2	0.5	7/8	7/8	Chord	4/4	3	2	1/8	1/8	1	635												107				
67	67	266	266	2.0	0	0	Chord	4/4	1	1	1/2	1/2	1	636	-ne.	-ing.														
67	67	266	266	1.0	0	0	Chord	4/4	2	1	1/4	1/4	1	637																
67	67	267	267	1.0	1/4	1/4	Chord	4/4	2	1	1/4	1/4	1	638				articAccentBelow								108				
67	67	268	268	1.0	1/2	1/2	Chord	4/4	2	1	1/4	1/4	1	639				articAccentBelow								108				
67	67	269	269	1.0	3/4	3/4	Chord	4/4	2	1	1/4	1/4	1	640				articAccentBelow												
67	67	268	268	0.0	1/2	1/2	Dynamic	4/4	3	1	0						p													
67	67	268	268	2.0	1/2	1/2	Chord	4/4	3	1	1/2	1/2	1	641																
68	68	270	270	2.0	0	0	Chord	4/4	2	1	1/2	1/2	1	642				articAccentBelow								109				
68	68	272	272	2.0	1/2	1/2	Chord	4/4	2	1	1/2	1/2	1	643																
68	68	270	270	4.0	0	0	Chord	4/4	3	1	1	1	1	644																
69	69	274	274	0.0	0	0	StaffText	2/4	2	1	0								nicht zur√ºckhaltend											
69	69	274	274	0.0	0	0	StaffText	2/4	2	1	0								non riten.											
69	69	549/2	549/2	0.0	1/8	1/8	Spanner	2/4	2	1	0																			35
69	69	549/2	549/2	0.5	1/8	1/8	Chord	2/4	2	1	1/8	1/8	1	645												110				35
69	69	275	275	0.5	1/4	1/4	Chord	2/4	2	1	1/8	1/8	1	646												110				35
69	69	551/2	551/2	0.0	3/8	3/8	Spanner	2/4	2	1	0																			
69	69	551/2	551/2	0.5	3/8	3/8	Chord	2/4	2	1	1/8	1/8	1	647																
70	70	276	276	0.0	0	0	Dynamic	4/4	2	1	0						pp													
70	70	276	276	2.0	0	0	Chord	4/4	2	1	1/2	1/2	1	648												111				
70	70	278	278	2.0	1/2	1/2	Chord	4/4	2	1	1/2	1/2	1	649																
70	70	276	276	4.0	0	0	Chord	4/4	3	1	1	1	1	650																
71	71	281	281	0.0	1/4	1/4	StaffText	4/4	2	1	0								rit.											
71	71	281	281	0.0	1/4	1/4	Spanner	4/4	2	1	0																		33	
71	71	281	281	1.0	1/4	1/4	Chord	4/4	2	1	1/4	1/4	1	651				articAccentAbove								112			33	
71	71	282	282	1.0	1/2	1/2	Chord	4/4	2	1	1/4	1/4	1	652												112			33	
71	71	283	283	1.0	3/4	3/4	Chord	4/4	2	1	1/4	1/4	1	653															33	
72	72	284	284	0.0	0	0	Dynamic	4/4	2	1	0						pp													
72	72	284	284	0.0	0	0	Spanner	4/4	2	1	0																			
72	72	284	284	4.0	0	0	Chord	4/4	2	1	1	1	1	654				articAccentAbove								113				
72	72	284	284	0.0	0	0	Spanner	4/4	3	1	0																0	0		
72	72	284	284	0.5	0	0	Chord	4/4	3	1	1/8	1/8	1	655												114	0	0		
72	72	569/2	569/2	0.5	1/8	1/8	Chord	4/4	3	1	1/8	1/8	1	656												114	0	0		
72	72	285	285	0.5	1/4	1/4	Chord	4/4	3	1	1/8	1/8	1	657												114	0	0		
72	72	571/2	571/2	0.5	3/8	3/8	Chord	4/4	3	1	1/8	1/8	1	658												114	0	0		
72	72	286	286	0.5	1/2	1/2	Chord	4/4	3	1	1/8	1/8	1	659												114	0	0		
72	72	573/2	573/2	0.5	5/8	5/8	Chord	4/4	3	1	1/8	1/8	1	660												114	0	0		
72	72	287	287	0.5	3/4	3/4	Chord	4/4	3	1	1/8	1/8	1	661												114	0	0		
72	72	575/2	575/2	0.5	7/8	7/8	Chord	4/4	3	1	1/8	1/8	1	662													0	0		
73	73	288	288	0.0	0	0	StaffText	4/4	2	1	0								morendo											
73	73	288	288	4.0	0	0	Chord	4/4	2	1	1	1	1	663																
73	73	288	288	0.0	0	0	Spanner	4/4	3	1	0																			
73	73	288	288	0.0	0	0	Spanner	4/4	3	1	0																1	1		
73	73	288	288	4.0	0	0	Chord	4/4	3	1	1	1	1	664													1	1		
74	74	292	292	1.0	0	0	Chord	4/4	2	1	1/4	1/4	1	665																
74	74	292	292	1.0	0	0	Chord	4/4	3	1	1/4	1/4	1	666													1	1		
74	74	293	293	0.0	1/4	1/4	Spanner	4/4	3	1	0																			
